Copyright 1986-2022 Xilinx, Inc. All Rights Reserved. Copyright 2022-2026 Advanced Micro Devices, Inc. All Rights Reserved.
--------------------------------------------------------------------------------------------------------------------------------------------------------------------------------------------------------------------------------------------------------
| Tool Version      : Vivado v.2026.1 (win64) Build 6511674 Tue Jun 16 11:02:23 MDT 2026
| Date              : Tue Aug 25 23:31:06 2026
| Host              : DESKTOP-3JJEEI1 running 64-bit major release  (build 9200)
| Command           : report_timing_summary -max_paths 10 -routable_nets -report_unconstrained -file nshld_wmesa16_timing_summary_routed.rpt -pb nshld_wmesa16_timing_summary_routed.pb -rpx nshld_wmesa16_timing_summary_routed.rpx -warn_on_violation
| Design            : nshld_wmesa16
| Device            : xczu3teg-sfvd784
| Speed File        : -2  PRODUCTION 1.06 11-16-2023
| Design State      : Routed
| Temperature Grade : E
--------------------------------------------------------------------------------------------------------------------------------------------------------------------------------------------------------------------------------------------------------

Timing Summary Report

------------------------------------------------------------------------------------------------
| Timer Settings
| --------------
------------------------------------------------------------------------------------------------

  Enable Multi Corner Analysis               :  Yes
  Enable Pessimism Removal                   :  Yes
  Pessimism Removal Resolution               :  Nearest Common Node
  Enable Input Delay Default Clock           :  No
  Enable Preset / Clear Arcs                 :  No
  Disable Flight Delays                      :  No
  Ignore I/O Paths                           :  No
  Timing Early Launch at Borrowing Latches   :  No
  Borrow Time for Max Delay Exceptions       :  Yes
  Merge Timing Exceptions                    :  Yes
  Inter-SLR Compensation                     :  Conservative

  Corner  Analyze    Analyze    
  Name    Max Paths  Min Paths  
  ------  ---------  ---------  
  Slow    Yes        Yes        
  Fast    Yes        Yes        


------------------------------------------------------------------------------------------------
| Report Methodology
| ------------------
------------------------------------------------------------------------------------------------

Rule       Severity  Description                    Violations  
---------  --------  -----------------------------  ----------  
TIMING-18  Warning   Missing input or output delay  41          

Note: This report is based on the most recent report_methodology run and may not be up-to-date. Run report_methodology on the current design for the latest report.



check_timing report

Table of Contents
-----------------
1. checking no_clock (0)
2. checking constant_clock (0)
3. checking pulse_width_clock (0)
4. checking unconstrained_internal_endpoints (0)
5. checking no_input_delay (16)
6. checking no_output_delay (22)
7. checking multiple_clock (0)
8. checking generated_clocks (0)
9. checking loops (0)
10. checking partial_input_delay (0)
11. checking partial_output_delay (0)
12. checking latch_loops (0)

1. checking no_clock (0)
------------------------
 There are 0 register/latch pins with no clock.


2. checking constant_clock (0)
------------------------------
 There are 0 register/latch pins with constant_clock.


3. checking pulse_width_clock (0)
---------------------------------
 There are 0 register/latch pins which need pulse_width check


4. checking unconstrained_internal_endpoints (0)
------------------------------------------------
 There are 0 pins that are not constrained for maximum delay.

 There are 0 pins that are not constrained for maximum delay due to constant clock.


5. checking no_input_delay (16)
-------------------------------
 There are 16 input ports with no input delay specified. (HIGH)

 There are 0 input ports with no input delay but user has a false path constraint.


6. checking no_output_delay (22)
--------------------------------
 There are 22 ports with no output delay specified. (HIGH)

 There are 0 ports with no output delay but user has a false path constraint

 There are 0 ports with no output delay but with a timing clock defined on it or propagating through it


7. checking multiple_clock (0)
------------------------------
 There are 0 register/latch pins with multiple clocks.


8. checking generated_clocks (0)
--------------------------------
 There are 0 generated clocks that are not connected to a clock source.


9. checking loops (0)
---------------------
 There are 0 combinational loops in the design.


10. checking partial_input_delay (0)
------------------------------------
 There are 0 input ports with partial input delay specified.


11. checking partial_output_delay (0)
-------------------------------------
 There are 0 ports with partial output delay specified.


12. checking latch_loops (0)
----------------------------
 There are 0 combinational latch loops in the design through latch input



------------------------------------------------------------------------------------------------
| Design Timing Summary
| ---------------------
------------------------------------------------------------------------------------------------

    WNS(ns)      TNS(ns)  TNS Failing Endpoints  TNS Total Endpoints      WHS(ns)      THS(ns)  THS Failing Endpoints  THS Total Endpoints     WPWS(ns)     TPWS(ns)  TPWS Failing Endpoints  TPWS Total Endpoints  
    -------      -------  ---------------------  -------------------      -------      -------  ---------------------  -------------------     --------     --------  ----------------------  --------------------  
      1.341        0.000                      0                   36        0.052        0.000                      0                   36        1.225        0.000                       0                    39  


All user specified timing constraints are met.


------------------------------------------------------------------------------------------------
| Clock Summary
| -------------
------------------------------------------------------------------------------------------------

Clock  Waveform(ns)         Period(ns)      Frequency(MHz)
-----  ------------         ----------      --------------
clk    {0.000 1.500}        3.000           333.333         


------------------------------------------------------------------------------------------------
| Intra Clock Table
| -----------------
------------------------------------------------------------------------------------------------

Clock             WNS(ns)      TNS(ns)  TNS Failing Endpoints  TNS Total Endpoints      WHS(ns)      THS(ns)  THS Failing Endpoints  THS Total Endpoints     WPWS(ns)     TPWS(ns)  TPWS Failing Endpoints  TPWS Total Endpoints  
-----             -------      -------  ---------------------  -------------------      -------      -------  ---------------------  -------------------     --------     --------  ----------------------  --------------------  
clk                 1.341        0.000                      0                   36        0.052        0.000                      0                   36        1.225        0.000                       0                    39  


------------------------------------------------------------------------------------------------
| Inter Clock Table
| -----------------
------------------------------------------------------------------------------------------------

From Clock    To Clock          WNS(ns)      TNS(ns)  TNS Failing Endpoints  TNS Total Endpoints      WHS(ns)      THS(ns)  THS Failing Endpoints  THS Total Endpoints  
----------    --------          -------      -------  ---------------------  -------------------      -------      -------  ---------------------  -------------------  


------------------------------------------------------------------------------------------------
| Other Path Groups Table
| -----------------------
------------------------------------------------------------------------------------------------

Path Group    From Clock    To Clock          WNS(ns)      TNS(ns)  TNS Failing Endpoints  TNS Total Endpoints      WHS(ns)      THS(ns)  THS Failing Endpoints  THS Total Endpoints  
----------    ----------    --------          -------      -------  ---------------------  -------------------      -------      -------  ---------------------  -------------------  


------------------------------------------------------------------------------------------------
| User Ignored Path Table
| -----------------------
------------------------------------------------------------------------------------------------

Path Group    From Clock    To Clock    
----------    ----------    --------    


------------------------------------------------------------------------------------------------
| Unconstrained Path Table
| ------------------------
------------------------------------------------------------------------------------------------

Path Group    From Clock    To Clock    
----------    ----------    --------    
(none)        clk                         
(none)                      clk           


------------------------------------------------------------------------------------------------
| Timing Details
| --------------
------------------------------------------------------------------------------------------------


---------------------------------------------------------------------------------------------------
From Clock:  clk
  To Clock:  clk

Setup :            0  Failing Endpoints,  Worst Slack        1.341ns,  Total Violation        0.000ns
Hold  :            0  Failing Endpoints,  Worst Slack        0.052ns,  Total Violation        0.000ns
PW    :            0  Failing Endpoints,  Worst Slack        1.225ns,  Total Violation        0.000ns
---------------------------------------------------------------------------------------------------


Max Delay Paths
--------------------------------------------------------------------------------------
Slack (MET) :             1.341ns  (required time - arrival time)
  Source:                 memreg_reg[0]/C
                            (rising edge-triggered cell FDRE clocked by clk  {rise@0.000ns fall@1.500ns period=3.000ns})
  Destination:            alu_in_reg[frac][2]/R
                            (rising edge-triggered cell FDRE clocked by clk  {rise@0.000ns fall@1.500ns period=3.000ns})
  Path Group:             clk
  Path Type:              Setup (Max at Slow Process Corner)
  Requirement:            3.000ns  (clk rise@3.000ns - clk rise@0.000ns)
  Data Path Delay:        1.516ns  (logic 0.504ns (33.244%)  route 1.012ns (66.756%))
  Logic Levels:           5  (LUT2=1 LUT3=2 LUT4=1 LUT5=1)
  Clock Path Skew:        -0.034ns (DCD - SCD + CPR)
    Destination Clock Delay (DCD):    2.253ns = ( 5.253 - 3.000 ) 
    Source Clock Delay      (SCD):    2.893ns
    Clock Pessimism Removal (CPR):    0.606ns
  Clock Uncertainty:      0.035ns  ((TSJ^2 + TIJ^2)^1/2 + DJ) / 2 + PE
    Total System Jitter     (TSJ):    0.071ns
    Total Input Jitter      (TIJ):    0.000ns
    Discrete Jitter          (DJ):    0.000ns
    Phase Error              (PE):    0.000ns
  Clock Net Delay (Source):      1.423ns (routing 0.623ns, distribution 0.800ns)
  Clock Net Delay (Destination): 1.245ns (routing 0.570ns, distribution 0.675ns)

    Location             Delay type                Incr(ns)  Path(ns)    Netlist Resource(s)
  -------------------------------------------------------------------    -------------------
                         (clock clk rise edge)        0.000     0.000 r  <hidden>
    E14                                               0.000     0.000 r  clk
                         net (fo=0)                   0.000     0.000    clk_IBUF_inst/I
    E14                  INBUF (Prop_INBUF_HDIOB_M_PAD_O)
                                                      1.238     1.238 r  clk_IBUF_inst/INBUF_INST/O
                         net (fo=1, routed)           0.000     1.238    clk_IBUF_inst/OUT
    E14                  IBUFCTRL (Prop_IBUFCTRL_HDIOB_M_I_O)
                                                      0.000     1.238 r  clk_IBUF_inst/IBUFCTRL_INST/O
                         net (fo=1, routed)           0.204     1.442    clk_IBUF
    BUFGCE_HDIO_X1Y4     BUFGCE (Prop_BUFCE_BUFGCE_HDIO_I_O)
                                                      0.028     1.470 r  clk_IBUF_BUFG_inst/O
    X1Y2 (CLOCK_ROOT)    net (fo=38, routed)          1.423     2.893    clk_IBUF_BUFG
    SLICE_X48Y146        FDRE                                         r  memreg_reg[0]/C
  -------------------------------------------------------------------    -------------------
    SLICE_X48Y146        FDRE (Prop_BFF2_SLICEL_C_Q)
                                                      0.080     2.973 r  memreg_reg[0]/Q
                         net (fo=5, routed)           0.430     3.403    memreg_reg_n_0_[0]
    SLICE_X49Y146        LUT4 (Prop_C6LUT_SLICEM_I0_O)
                                                      0.145     3.548 r  alu_in[expon][7]_i_6/O
                         net (fo=3, routed)           0.094     3.642    alu_in[expon][7]_i_6_n_0
    SLICE_X49Y146        LUT3 (Prop_D6LUT_SLICEM_I2_O)
                                                      0.088     3.730 f  alu_in[expon][7]_i_3/O
                         net (fo=3, routed)           0.095     3.825    alu_in[expon][7]_i_3_n_0
    SLICE_X49Y145        LUT2 (Prop_D6LUT_SLICEM_I0_O)
                                                      0.051     3.876 f  alu_in[znan]_i_2/O
                         net (fo=2, routed)           0.090     3.967    alu_in[znan]_i_2_n_0
    SLICE_X48Y145        LUT3 (Prop_G6LUT_SLICEL_I2_O)
                                                      0.089     4.056 r  alu_in[expon][7]_i_2/O
                         net (fo=4, routed)           0.048     4.104    alu_in[expon][7]_i_2_n_0
    SLICE_X48Y145        LUT5 (Prop_H6LUT_SLICEL_I4_O)
                                                      0.051     4.155 r  alu_in[frac][2]_i_1/O
                         net (fo=1, routed)           0.255     4.410    alu_in[frac][2]_i_1_n_0
    SLICE_X48Y147        FDRE                                         r  alu_in_reg[frac][2]/R
  -------------------------------------------------------------------    -------------------

                         (clock clk rise edge)        3.000     3.000 r  <hidden>
    E14                                               0.000     3.000 r  clk
                         net (fo=0)                   0.000     3.000    clk_IBUF_inst/I
    E14                  INBUF (Prop_INBUF_HDIOB_M_PAD_O)
                                                      0.815     3.815 r  clk_IBUF_inst/INBUF_INST/O
                         net (fo=1, routed)           0.000     3.815    clk_IBUF_inst/OUT
    E14                  IBUFCTRL (Prop_IBUFCTRL_HDIOB_M_I_O)
                                                      0.000     3.815 r  clk_IBUF_inst/IBUFCTRL_INST/O
                         net (fo=1, routed)           0.169     3.984    clk_IBUF
    BUFGCE_HDIO_X1Y4     BUFGCE (Prop_BUFCE_BUFGCE_HDIO_I_O)
                                                      0.024     4.008 r  clk_IBUF_BUFG_inst/O
    X1Y2 (CLOCK_ROOT)    net (fo=38, routed)          1.245     5.253    clk_IBUF_BUFG
    SLICE_X48Y147        FDRE                                         r  alu_in_reg[frac][2]/C
                         clock pessimism              0.606     5.860    <hidden>
                         clock uncertainty           -0.035     5.824    <hidden>
    SLICE_X48Y147        FDRE (Setup_EFF_SLICEL_C_R)
                                                     -0.074     5.750    alu_in_reg[frac][2]
  -------------------------------------------------------------------
                         required time                          5.750    <hidden>
                         arrival time                          -4.410    <hidden>
  -------------------------------------------------------------------
                         slack                                  1.341    <hidden>

Slack (MET) :             1.363ns  (required time - arrival time)
  Source:                 memreg_reg[8]/C
                            (rising edge-triggered cell FDRE clocked by clk  {rise@0.000ns fall@1.500ns period=3.000ns})
  Destination:            alu_in_reg[expon][5]/D
                            (rising edge-triggered cell FDRE clocked by clk  {rise@0.000ns fall@1.500ns period=3.000ns})
  Path Group:             clk
  Path Type:              Setup (Max at Slow Process Corner)
  Requirement:            3.000ns  (clk rise@3.000ns - clk rise@0.000ns)
  Data Path Delay:        1.532ns  (logic 0.569ns (37.138%)  route 0.963ns (62.862%))
  Logic Levels:           4  (LUT4=1 LUT5=3)
  Clock Path Skew:        -0.094ns (DCD - SCD + CPR)
    Destination Clock Delay (DCD):    2.258ns = ( 5.258 - 3.000 ) 
    Source Clock Delay      (SCD):    2.906ns
    Clock Pessimism Removal (CPR):    0.554ns
  Clock Uncertainty:      0.035ns  ((TSJ^2 + TIJ^2)^1/2 + DJ) / 2 + PE
    Total System Jitter     (TSJ):    0.071ns
    Total Input Jitter      (TIJ):    0.000ns
    Discrete Jitter          (DJ):    0.000ns
    Phase Error              (PE):    0.000ns
  Clock Net Delay (Source):      1.436ns (routing 0.623ns, distribution 0.813ns)
  Clock Net Delay (Destination): 1.250ns (routing 0.570ns, distribution 0.680ns)

    Location             Delay type                Incr(ns)  Path(ns)    Netlist Resource(s)
  -------------------------------------------------------------------    -------------------
                         (clock clk rise edge)        0.000     0.000 r  <hidden>
    E14                                               0.000     0.000 r  clk
                         net (fo=0)                   0.000     0.000    clk_IBUF_inst/I
    E14                  INBUF (Prop_INBUF_HDIOB_M_PAD_O)
                                                      1.238     1.238 r  clk_IBUF_inst/INBUF_INST/O
                         net (fo=1, routed)           0.000     1.238    clk_IBUF_inst/OUT
    E14                  IBUFCTRL (Prop_IBUFCTRL_HDIOB_M_I_O)
                                                      0.000     1.238 r  clk_IBUF_inst/IBUFCTRL_INST/O
                         net (fo=1, routed)           0.204     1.442    clk_IBUF
    BUFGCE_HDIO_X1Y4     BUFGCE (Prop_BUFCE_BUFGCE_HDIO_I_O)
                                                      0.028     1.470 r  clk_IBUF_BUFG_inst/O
    X1Y2 (CLOCK_ROOT)    net (fo=38, routed)          1.436     2.906    clk_IBUF_BUFG
    SLICE_X49Y145        FDRE                                         r  memreg_reg[8]/C
  -------------------------------------------------------------------    -------------------
    SLICE_X49Y145        FDRE (Prop_HFF_SLICEM_C_Q)
                                                      0.079     2.985 f  memreg_reg[8]/Q
                         net (fo=3, routed)           0.238     3.224    memreg_reg_n_0_[8]
    SLICE_X49Y145        LUT4 (Prop_D5LUT_SLICEM_I2_O)
                                                      0.158     3.382 r  alu_in[expon][9]_i_4/O
                         net (fo=1, routed)           0.191     3.573    alu_in[expon][9]_i_4_n_0
    SLICE_X49Y145        LUT5 (Prop_C6LUT_SLICEM_I4_O)
                                                      0.088     3.661 f  alu_in[expon][9]_i_2/O
                         net (fo=1, routed)           0.059     3.720    alu_in[expon][9]_i_2_n_0
    SLICE_X49Y145        LUT5 (Prop_F6LUT_SLICEM_I0_O)
                                                      0.148     3.868 f  alu_in[expon][9]_i_1/O
                         net (fo=19, routed)          0.155     4.023    alu_temp[expon]13_out
    SLICE_X48Y146        LUT5 (Prop_H5LUT_SLICEL_I4_O)
                                                      0.096     4.119 r  alu_in[expon][5]_i_1/O
                         net (fo=1, routed)           0.320     4.439    alu_temp[expon][5]
    SLICE_X48Y146        FDRE                                         r  alu_in_reg[expon][5]/D
  -------------------------------------------------------------------    -------------------

                         (clock clk rise edge)        3.000     3.000 r  <hidden>
    E14                                               0.000     3.000 r  clk
                         net (fo=0)                   0.000     3.000    clk_IBUF_inst/I
    E14                  INBUF (Prop_INBUF_HDIOB_M_PAD_O)
                                                      0.815     3.815 r  clk_IBUF_inst/INBUF_INST/O
                         net (fo=1, routed)           0.000     3.815    clk_IBUF_inst/OUT
    E14                  IBUFCTRL (Prop_IBUFCTRL_HDIOB_M_I_O)
                                                      0.000     3.815 r  clk_IBUF_inst/IBUFCTRL_INST/O
                         net (fo=1, routed)           0.169     3.984    clk_IBUF
    BUFGCE_HDIO_X1Y4     BUFGCE (Prop_BUFCE_BUFGCE_HDIO_I_O)
                                                      0.024     4.008 r  clk_IBUF_BUFG_inst/O
    X1Y2 (CLOCK_ROOT)    net (fo=38, routed)          1.250     5.258    clk_IBUF_BUFG
    SLICE_X48Y146        FDRE                                         r  alu_in_reg[expon][5]/C
                         clock pessimism              0.554     5.812    <hidden>
                         clock uncertainty           -0.035     5.777    <hidden>
    SLICE_X48Y146        FDRE (Setup_AFF_SLICEL_C_D)
                                                      0.025     5.802    alu_in_reg[expon][5]
  -------------------------------------------------------------------
                         required time                          5.802    <hidden>
                         arrival time                          -4.439    <hidden>
  -------------------------------------------------------------------
                         slack                                  1.363    <hidden>

Slack (MET) :             1.386ns  (required time - arrival time)
  Source:                 memreg_reg[0]/C
                            (rising edge-triggered cell FDRE clocked by clk  {rise@0.000ns fall@1.500ns period=3.000ns})
  Destination:            alu_in_reg[expon][4]/D
                            (rising edge-triggered cell FDRE clocked by clk  {rise@0.000ns fall@1.500ns period=3.000ns})
  Path Group:             clk
  Path Type:              Setup (Max at Slow Process Corner)
  Requirement:            3.000ns  (clk rise@3.000ns - clk rise@0.000ns)
  Data Path Delay:        1.584ns  (logic 0.503ns (31.753%)  route 1.081ns (68.247%))
  Logic Levels:           5  (LUT2=1 LUT3=2 LUT4=1 LUT5=1)
  Clock Path Skew:        -0.020ns (DCD - SCD + CPR)
    Destination Clock Delay (DCD):    2.260ns = ( 5.260 - 3.000 ) 
    Source Clock Delay      (SCD):    2.893ns
    Clock Pessimism Removal (CPR):    0.614ns
  Clock Uncertainty:      0.035ns  ((TSJ^2 + TIJ^2)^1/2 + DJ) / 2 + PE
    Total System Jitter     (TSJ):    0.071ns
    Total Input Jitter      (TIJ):    0.000ns
    Discrete Jitter          (DJ):    0.000ns
    Phase Error              (PE):    0.000ns
  Clock Net Delay (Source):      1.423ns (routing 0.623ns, distribution 0.800ns)
  Clock Net Delay (Destination): 1.252ns (routing 0.570ns, distribution 0.682ns)

    Location             Delay type                Incr(ns)  Path(ns)    Netlist Resource(s)
  -------------------------------------------------------------------    -------------------
                         (clock clk rise edge)        0.000     0.000 r  <hidden>
    E14                                               0.000     0.000 r  clk
                         net (fo=0)                   0.000     0.000    clk_IBUF_inst/I
    E14                  INBUF (Prop_INBUF_HDIOB_M_PAD_O)
                                                      1.238     1.238 r  clk_IBUF_inst/INBUF_INST/O
                         net (fo=1, routed)           0.000     1.238    clk_IBUF_inst/OUT
    E14                  IBUFCTRL (Prop_IBUFCTRL_HDIOB_M_I_O)
                                                      0.000     1.238 r  clk_IBUF_inst/IBUFCTRL_INST/O
                         net (fo=1, routed)           0.204     1.442    clk_IBUF
    BUFGCE_HDIO_X1Y4     BUFGCE (Prop_BUFCE_BUFGCE_HDIO_I_O)
                                                      0.028     1.470 r  clk_IBUF_BUFG_inst/O
    X1Y2 (CLOCK_ROOT)    net (fo=38, routed)          1.423     2.893    clk_IBUF_BUFG
    SLICE_X48Y146        FDRE                                         r  memreg_reg[0]/C
  -------------------------------------------------------------------    -------------------
    SLICE_X48Y146        FDRE (Prop_BFF2_SLICEL_C_Q)
                                                      0.080     2.973 r  memreg_reg[0]/Q
                         net (fo=5, routed)           0.430     3.403    memreg_reg_n_0_[0]
    SLICE_X49Y146        LUT4 (Prop_C6LUT_SLICEM_I0_O)
                                                      0.145     3.548 r  alu_in[expon][7]_i_6/O
                         net (fo=3, routed)           0.094     3.642    alu_in[expon][7]_i_6_n_0
    SLICE_X49Y146        LUT3 (Prop_D6LUT_SLICEM_I2_O)
                                                      0.088     3.730 f  alu_in[expon][7]_i_3/O
                         net (fo=3, routed)           0.095     3.825    alu_in[expon][7]_i_3_n_0
    SLICE_X49Y145        LUT2 (Prop_D6LUT_SLICEM_I0_O)
                                                      0.051     3.876 f  alu_in[znan]_i_2/O
                         net (fo=2, routed)           0.090     3.967    alu_in[znan]_i_2_n_0
    SLICE_X48Y145        LUT3 (Prop_G6LUT_SLICEL_I2_O)
                                                      0.089     4.056 r  alu_in[expon][7]_i_2/O
                         net (fo=4, routed)           0.155     4.211    alu_in[expon][7]_i_2_n_0
    SLICE_X48Y146        LUT5 (Prop_D6LUT_SLICEL_I0_O)
                                                      0.050     4.261 r  alu_in[expon][4]_i_1/O
                         net (fo=1, routed)           0.217     4.478    alu_in[expon][4]_i_1_n_0
    SLICE_X48Y146        FDRE                                         r  alu_in_reg[expon][4]/D
  -------------------------------------------------------------------    -------------------

                         (clock clk rise edge)        3.000     3.000 r  <hidden>
    E14                                               0.000     3.000 r  clk
                         net (fo=0)                   0.000     3.000    clk_IBUF_inst/I
    E14                  INBUF (Prop_INBUF_HDIOB_M_PAD_O)
                                                      0.815     3.815 r  clk_IBUF_inst/INBUF_INST/O
                         net (fo=1, routed)           0.000     3.815    clk_IBUF_inst/OUT
    E14                  IBUFCTRL (Prop_IBUFCTRL_HDIOB_M_I_O)
                                                      0.000     3.815 r  clk_IBUF_inst/IBUFCTRL_INST/O
                         net (fo=1, routed)           0.169     3.984    clk_IBUF
    BUFGCE_HDIO_X1Y4     BUFGCE (Prop_BUFCE_BUFGCE_HDIO_I_O)
                                                      0.024     4.008 r  clk_IBUF_BUFG_inst/O
    X1Y2 (CLOCK_ROOT)    net (fo=38, routed)          1.252     5.260    clk_IBUF_BUFG
    SLICE_X48Y146        FDRE                                         r  alu_in_reg[expon][4]/C
                         clock pessimism              0.614     5.874    <hidden>
                         clock uncertainty           -0.035     5.838    <hidden>
    SLICE_X48Y146        FDRE (Setup_EFF_SLICEL_C_D)
                                                      0.025     5.863    alu_in_reg[expon][4]
  -------------------------------------------------------------------
                         required time                          5.863    <hidden>
                         arrival time                          -4.478    <hidden>
  -------------------------------------------------------------------
                         slack                                  1.386    <hidden>

Slack (MET) :             1.540ns  (required time - arrival time)
  Source:                 memreg_reg[0]/C
                            (rising edge-triggered cell FDRE clocked by clk  {rise@0.000ns fall@1.500ns period=3.000ns})
  Destination:            alu_in_reg[expon][7]/D
                            (rising edge-triggered cell FDRE clocked by clk  {rise@0.000ns fall@1.500ns period=3.000ns})
  Path Group:             clk
  Path Type:              Setup (Max at Slow Process Corner)
  Requirement:            3.000ns  (clk rise@3.000ns - clk rise@0.000ns)
  Data Path Delay:        1.421ns  (logic 0.503ns (35.390%)  route 0.918ns (64.610%))
  Logic Levels:           5  (LUT2=1 LUT3=2 LUT4=1 LUT6=1)
  Clock Path Skew:        -0.028ns (DCD - SCD + CPR)
    Destination Clock Delay (DCD):    2.259ns = ( 5.259 - 3.000 ) 
    Source Clock Delay      (SCD):    2.893ns
    Clock Pessimism Removal (CPR):    0.606ns
  Clock Uncertainty:      0.035ns  ((TSJ^2 + TIJ^2)^1/2 + DJ) / 2 + PE
    Total System Jitter     (TSJ):    0.071ns
    Total Input Jitter      (TIJ):    0.000ns
    Discrete Jitter          (DJ):    0.000ns
    Phase Error              (PE):    0.000ns
  Clock Net Delay (Source):      1.423ns (routing 0.623ns, distribution 0.800ns)
  Clock Net Delay (Destination): 1.251ns (routing 0.570ns, distribution 0.681ns)

    Location             Delay type                Incr(ns)  Path(ns)    Netlist Resource(s)
  -------------------------------------------------------------------    -------------------
                         (clock clk rise edge)        0.000     0.000 r  <hidden>
    E14                                               0.000     0.000 r  clk
                         net (fo=0)                   0.000     0.000    clk_IBUF_inst/I
    E14                  INBUF (Prop_INBUF_HDIOB_M_PAD_O)
                                                      1.238     1.238 r  clk_IBUF_inst/INBUF_INST/O
                         net (fo=1, routed)           0.000     1.238    clk_IBUF_inst/OUT
    E14                  IBUFCTRL (Prop_IBUFCTRL_HDIOB_M_I_O)
                                                      0.000     1.238 r  clk_IBUF_inst/IBUFCTRL_INST/O
                         net (fo=1, routed)           0.204     1.442    clk_IBUF
    BUFGCE_HDIO_X1Y4     BUFGCE (Prop_BUFCE_BUFGCE_HDIO_I_O)
                                                      0.028     1.470 r  clk_IBUF_BUFG_inst/O
    X1Y2 (CLOCK_ROOT)    net (fo=38, routed)          1.423     2.893    clk_IBUF_BUFG
    SLICE_X48Y146        FDRE                                         r  memreg_reg[0]/C
  -------------------------------------------------------------------    -------------------
    SLICE_X48Y146        FDRE (Prop_BFF2_SLICEL_C_Q)
                                                      0.080     2.973 f  memreg_reg[0]/Q
                         net (fo=5, routed)           0.430     3.403    memreg_reg_n_0_[0]
    SLICE_X49Y146        LUT4 (Prop_C6LUT_SLICEM_I0_O)
                                                      0.145     3.548 f  alu_in[expon][7]_i_6/O
                         net (fo=3, routed)           0.094     3.642    alu_in[expon][7]_i_6_n_0
    SLICE_X49Y146        LUT3 (Prop_D6LUT_SLICEM_I2_O)
                                                      0.088     3.730 r  alu_in[expon][7]_i_3/O
                         net (fo=3, routed)           0.095     3.825    alu_in[expon][7]_i_3_n_0
    SLICE_X49Y145        LUT2 (Prop_D6LUT_SLICEM_I0_O)
                                                      0.051     3.876 r  alu_in[znan]_i_2/O
                         net (fo=2, routed)           0.090     3.967    alu_in[znan]_i_2_n_0
    SLICE_X48Y145        LUT3 (Prop_G6LUT_SLICEL_I2_O)
                                                      0.089     4.056 f  alu_in[expon][7]_i_2/O
                         net (fo=4, routed)           0.160     4.216    alu_in[expon][7]_i_2_n_0
    SLICE_X48Y145        LUT6 (Prop_D6LUT_SLICEL_I0_O)
                                                      0.050     4.266 r  alu_in[expon][7]_i_1/O
                         net (fo=1, routed)           0.049     4.315    alu_temp[expon][7]
    SLICE_X48Y145        FDRE                                         r  alu_in_reg[expon][7]/D
  -------------------------------------------------------------------    -------------------

                         (clock clk rise edge)        3.000     3.000 r  <hidden>
    E14                                               0.000     3.000 r  clk
                         net (fo=0)                   0.000     3.000    clk_IBUF_inst/I
    E14                  INBUF (Prop_INBUF_HDIOB_M_PAD_O)
                                                      0.815     3.815 r  clk_IBUF_inst/INBUF_INST/O
                         net (fo=1, routed)           0.000     3.815    clk_IBUF_inst/OUT
    E14                  IBUFCTRL (Prop_IBUFCTRL_HDIOB_M_I_O)
                                                      0.000     3.815 r  clk_IBUF_inst/IBUFCTRL_INST/O
                         net (fo=1, routed)           0.169     3.984    clk_IBUF
    BUFGCE_HDIO_X1Y4     BUFGCE (Prop_BUFCE_BUFGCE_HDIO_I_O)
                                                      0.024     4.008 r  clk_IBUF_BUFG_inst/O
    X1Y2 (CLOCK_ROOT)    net (fo=38, routed)          1.251     5.259    clk_IBUF_BUFG
    SLICE_X48Y145        FDRE                                         r  alu_in_reg[expon][7]/C
                         clock pessimism              0.606     5.865    <hidden>
                         clock uncertainty           -0.035     5.830    <hidden>
    SLICE_X48Y145        FDRE (Setup_DFF_SLICEL_C_D)
                                                      0.025     5.855    alu_in_reg[expon][7]
  -------------------------------------------------------------------
                         required time                          5.855    <hidden>
                         arrival time                          -4.315    <hidden>
  -------------------------------------------------------------------
                         slack                                  1.540    <hidden>

Slack (MET) :             1.553ns  (required time - arrival time)
  Source:                 memreg_reg[8]/C
                            (rising edge-triggered cell FDRE clocked by clk  {rise@0.000ns fall@1.500ns period=3.000ns})
  Destination:            alu_in_reg[frac][3]/R
                            (rising edge-triggered cell FDRE clocked by clk  {rise@0.000ns fall@1.500ns period=3.000ns})
  Path Group:             clk
  Path Type:              Setup (Max at Slow Process Corner)
  Requirement:            3.000ns  (clk rise@3.000ns - clk rise@0.000ns)
  Data Path Delay:        1.302ns  (logic 0.473ns (36.339%)  route 0.829ns (63.661%))
  Logic Levels:           3  (LUT4=1 LUT5=2)
  Clock Path Skew:        -0.036ns (DCD - SCD + CPR)
    Destination Clock Delay (DCD):    2.265ns = ( 5.265 - 3.000 ) 
    Source Clock Delay      (SCD):    2.906ns
    Clock Pessimism Removal (CPR):    0.606ns
  Clock Uncertainty:      0.035ns  ((TSJ^2 + TIJ^2)^1/2 + DJ) / 2 + PE
    Total System Jitter     (TSJ):    0.071ns
    Total Input Jitter      (TIJ):    0.000ns
    Discrete Jitter          (DJ):    0.000ns
    Phase Error              (PE):    0.000ns
  Clock Net Delay (Source):      1.436ns (routing 0.623ns, distribution 0.813ns)
  Clock Net Delay (Destination): 1.257ns (routing 0.570ns, distribution 0.687ns)

    Location             Delay type                Incr(ns)  Path(ns)    Netlist Resource(s)
  -------------------------------------------------------------------    -------------------
                         (clock clk rise edge)        0.000     0.000 r  <hidden>
    E14                                               0.000     0.000 r  clk
                         net (fo=0)                   0.000     0.000    clk_IBUF_inst/I
    E14                  INBUF (Prop_INBUF_HDIOB_M_PAD_O)
                                                      1.238     1.238 r  clk_IBUF_inst/INBUF_INST/O
                         net (fo=1, routed)           0.000     1.238    clk_IBUF_inst/OUT
    E14                  IBUFCTRL (Prop_IBUFCTRL_HDIOB_M_I_O)
                                                      0.000     1.238 r  clk_IBUF_inst/IBUFCTRL_INST/O
                         net (fo=1, routed)           0.204     1.442    clk_IBUF
    BUFGCE_HDIO_X1Y4     BUFGCE (Prop_BUFCE_BUFGCE_HDIO_I_O)
                                                      0.028     1.470 r  clk_IBUF_BUFG_inst/O
    X1Y2 (CLOCK_ROOT)    net (fo=38, routed)          1.436     2.906    clk_IBUF_BUFG
    SLICE_X49Y145        FDRE                                         r  memreg_reg[8]/C
  -------------------------------------------------------------------    -------------------
    SLICE_X49Y145        FDRE (Prop_HFF_SLICEM_C_Q)
                                                      0.079     2.985 r  memreg_reg[8]/Q
                         net (fo=3, routed)           0.238     3.224    memreg_reg_n_0_[8]
    SLICE_X49Y145        LUT4 (Prop_D5LUT_SLICEM_I2_O)
                                                      0.158     3.382 f  alu_in[expon][9]_i_4/O
                         net (fo=1, routed)           0.191     3.573    alu_in[expon][9]_i_4_n_0
    SLICE_X49Y145        LUT5 (Prop_C6LUT_SLICEM_I4_O)
                                                      0.088     3.661 r  alu_in[expon][9]_i_2/O
                         net (fo=1, routed)           0.059     3.720    alu_in[expon][9]_i_2_n_0
    SLICE_X49Y145        LUT5 (Prop_F6LUT_SLICEM_I0_O)
                                                      0.148     3.868 r  alu_in[expon][9]_i_1/O
                         net (fo=19, routed)          0.341     4.208    alu_temp[expon]13_out
    SLICE_X49Y146        FDRE                                         r  alu_in_reg[frac][3]/R
  -------------------------------------------------------------------    -------------------

                         (clock clk rise edge)        3.000     3.000 r  <hidden>
    E14                                               0.000     3.000 r  clk
                         net (fo=0)                   0.000     3.000    clk_IBUF_inst/I
    E14                  INBUF (Prop_INBUF_HDIOB_M_PAD_O)
                                                      0.815     3.815 r  clk_IBUF_inst/INBUF_INST/O
                         net (fo=1, routed)           0.000     3.815    clk_IBUF_inst/OUT
    E14                  IBUFCTRL (Prop_IBUFCTRL_HDIOB_M_I_O)
                                                      0.000     3.815 r  clk_IBUF_inst/IBUFCTRL_INST/O
                         net (fo=1, routed)           0.169     3.984    clk_IBUF
    BUFGCE_HDIO_X1Y4     BUFGCE (Prop_BUFCE_BUFGCE_HDIO_I_O)
                                                      0.024     4.008 r  clk_IBUF_BUFG_inst/O
    X1Y2 (CLOCK_ROOT)    net (fo=38, routed)          1.257     5.265    clk_IBUF_BUFG
    SLICE_X49Y146        FDRE                                         r  alu_in_reg[frac][3]/C
                         clock pessimism              0.606     5.871    <hidden>
                         clock uncertainty           -0.035     5.836    <hidden>
    SLICE_X49Y146        FDRE (Setup_EFF_SLICEM_C_R)
                                                     -0.074     5.762    alu_in_reg[frac][3]
  -------------------------------------------------------------------
                         required time                          5.762    <hidden>
                         arrival time                          -4.208    <hidden>
  -------------------------------------------------------------------
                         slack                                  1.553    <hidden>

Slack (MET) :             1.553ns  (required time - arrival time)
  Source:                 memreg_reg[8]/C
                            (rising edge-triggered cell FDRE clocked by clk  {rise@0.000ns fall@1.500ns period=3.000ns})
  Destination:            alu_in_reg[frac][6]/R
                            (rising edge-triggered cell FDRE clocked by clk  {rise@0.000ns fall@1.500ns period=3.000ns})
  Path Group:             clk
  Path Type:              Setup (Max at Slow Process Corner)
  Requirement:            3.000ns  (clk rise@3.000ns - clk rise@0.000ns)
  Data Path Delay:        1.302ns  (logic 0.473ns (36.339%)  route 0.829ns (63.661%))
  Logic Levels:           3  (LUT4=1 LUT5=2)
  Clock Path Skew:        -0.036ns (DCD - SCD + CPR)
    Destination Clock Delay (DCD):    2.265ns = ( 5.265 - 3.000 ) 
    Source Clock Delay      (SCD):    2.906ns
    Clock Pessimism Removal (CPR):    0.606ns
  Clock Uncertainty:      0.035ns  ((TSJ^2 + TIJ^2)^1/2 + DJ) / 2 + PE
    Total System Jitter     (TSJ):    0.071ns
    Total Input Jitter      (TIJ):    0.000ns
    Discrete Jitter          (DJ):    0.000ns
    Phase Error              (PE):    0.000ns
  Clock Net Delay (Source):      1.436ns (routing 0.623ns, distribution 0.813ns)
  Clock Net Delay (Destination): 1.257ns (routing 0.570ns, distribution 0.687ns)

    Location             Delay type                Incr(ns)  Path(ns)    Netlist Resource(s)
  -------------------------------------------------------------------    -------------------
                         (clock clk rise edge)        0.000     0.000 r  <hidden>
    E14                                               0.000     0.000 r  clk
                         net (fo=0)                   0.000     0.000    clk_IBUF_inst/I
    E14                  INBUF (Prop_INBUF_HDIOB_M_PAD_O)
                                                      1.238     1.238 r  clk_IBUF_inst/INBUF_INST/O
                         net (fo=1, routed)           0.000     1.238    clk_IBUF_inst/OUT
    E14                  IBUFCTRL (Prop_IBUFCTRL_HDIOB_M_I_O)
                                                      0.000     1.238 r  clk_IBUF_inst/IBUFCTRL_INST/O
                         net (fo=1, routed)           0.204     1.442    clk_IBUF
    BUFGCE_HDIO_X1Y4     BUFGCE (Prop_BUFCE_BUFGCE_HDIO_I_O)
                                                      0.028     1.470 r  clk_IBUF_BUFG_inst/O
    X1Y2 (CLOCK_ROOT)    net (fo=38, routed)          1.436     2.906    clk_IBUF_BUFG
    SLICE_X49Y145        FDRE                                         r  memreg_reg[8]/C
  -------------------------------------------------------------------    -------------------
    SLICE_X49Y145        FDRE (Prop_HFF_SLICEM_C_Q)
                                                      0.079     2.985 r  memreg_reg[8]/Q
                         net (fo=3, routed)           0.238     3.224    memreg_reg_n_0_[8]
    SLICE_X49Y145        LUT4 (Prop_D5LUT_SLICEM_I2_O)
                                                      0.158     3.382 f  alu_in[expon][9]_i_4/O
                         net (fo=1, routed)           0.191     3.573    alu_in[expon][9]_i_4_n_0
    SLICE_X49Y145        LUT5 (Prop_C6LUT_SLICEM_I4_O)
                                                      0.088     3.661 r  alu_in[expon][9]_i_2/O
                         net (fo=1, routed)           0.059     3.720    alu_in[expon][9]_i_2_n_0
    SLICE_X49Y145        LUT5 (Prop_F6LUT_SLICEM_I0_O)
                                                      0.148     3.868 r  alu_in[expon][9]_i_1/O
                         net (fo=19, routed)          0.341     4.208    alu_temp[expon]13_out
    SLICE_X49Y146        FDRE                                         r  alu_in_reg[frac][6]/R
  -------------------------------------------------------------------    -------------------

                         (clock clk rise edge)        3.000     3.000 r  <hidden>
    E14                                               0.000     3.000 r  clk
                         net (fo=0)                   0.000     3.000    clk_IBUF_inst/I
    E14                  INBUF (Prop_INBUF_HDIOB_M_PAD_O)
                                                      0.815     3.815 r  clk_IBUF_inst/INBUF_INST/O
                         net (fo=1, routed)           0.000     3.815    clk_IBUF_inst/OUT
    E14                  IBUFCTRL (Prop_IBUFCTRL_HDIOB_M_I_O)
                                                      0.000     3.815 r  clk_IBUF_inst/IBUFCTRL_INST/O
                         net (fo=1, routed)           0.169     3.984    clk_IBUF
    BUFGCE_HDIO_X1Y4     BUFGCE (Prop_BUFCE_BUFGCE_HDIO_I_O)
                                                      0.024     4.008 r  clk_IBUF_BUFG_inst/O
    X1Y2 (CLOCK_ROOT)    net (fo=38, routed)          1.257     5.265    clk_IBUF_BUFG
    SLICE_X49Y146        FDRE                                         r  alu_in_reg[frac][6]/C
                         clock pessimism              0.606     5.871    <hidden>
                         clock uncertainty           -0.035     5.836    <hidden>
    SLICE_X49Y146        FDRE (Setup_EFF2_SLICEM_C_R)
                                                     -0.074     5.762    alu_in_reg[frac][6]
  -------------------------------------------------------------------
                         required time                          5.762    <hidden>
                         arrival time                          -4.208    <hidden>
  -------------------------------------------------------------------
                         slack                                  1.553    <hidden>

Slack (MET) :             1.553ns  (required time - arrival time)
  Source:                 memreg_reg[8]/C
                            (rising edge-triggered cell FDRE clocked by clk  {rise@0.000ns fall@1.500ns period=3.000ns})
  Destination:            alu_in_reg[frac][7]/R
                            (rising edge-triggered cell FDRE clocked by clk  {rise@0.000ns fall@1.500ns period=3.000ns})
  Path Group:             clk
  Path Type:              Setup (Max at Slow Process Corner)
  Requirement:            3.000ns  (clk rise@3.000ns - clk rise@0.000ns)
  Data Path Delay:        1.302ns  (logic 0.473ns (36.339%)  route 0.829ns (63.661%))
  Logic Levels:           3  (LUT4=1 LUT5=2)
  Clock Path Skew:        -0.036ns (DCD - SCD + CPR)
    Destination Clock Delay (DCD):    2.265ns = ( 5.265 - 3.000 ) 
    Source Clock Delay      (SCD):    2.906ns
    Clock Pessimism Removal (CPR):    0.606ns
  Clock Uncertainty:      0.035ns  ((TSJ^2 + TIJ^2)^1/2 + DJ) / 2 + PE
    Total System Jitter     (TSJ):    0.071ns
    Total Input Jitter      (TIJ):    0.000ns
    Discrete Jitter          (DJ):    0.000ns
    Phase Error              (PE):    0.000ns
  Clock Net Delay (Source):      1.436ns (routing 0.623ns, distribution 0.813ns)
  Clock Net Delay (Destination): 1.257ns (routing 0.570ns, distribution 0.687ns)

    Location             Delay type                Incr(ns)  Path(ns)    Netlist Resource(s)
  -------------------------------------------------------------------    -------------------
                         (clock clk rise edge)        0.000     0.000 r  <hidden>
    E14                                               0.000     0.000 r  clk
                         net (fo=0)                   0.000     0.000    clk_IBUF_inst/I
    E14                  INBUF (Prop_INBUF_HDIOB_M_PAD_O)
                                                      1.238     1.238 r  clk_IBUF_inst/INBUF_INST/O
                         net (fo=1, routed)           0.000     1.238    clk_IBUF_inst/OUT
    E14                  IBUFCTRL (Prop_IBUFCTRL_HDIOB_M_I_O)
                                                      0.000     1.238 r  clk_IBUF_inst/IBUFCTRL_INST/O
                         net (fo=1, routed)           0.204     1.442    clk_IBUF
    BUFGCE_HDIO_X1Y4     BUFGCE (Prop_BUFCE_BUFGCE_HDIO_I_O)
                                                      0.028     1.470 r  clk_IBUF_BUFG_inst/O
    X1Y2 (CLOCK_ROOT)    net (fo=38, routed)          1.436     2.906    clk_IBUF_BUFG
    SLICE_X49Y145        FDRE                                         r  memreg_reg[8]/C
  -------------------------------------------------------------------    -------------------
    SLICE_X49Y145        FDRE (Prop_HFF_SLICEM_C_Q)
                                                      0.079     2.985 r  memreg_reg[8]/Q
                         net (fo=3, routed)           0.238     3.224    memreg_reg_n_0_[8]
    SLICE_X49Y145        LUT4 (Prop_D5LUT_SLICEM_I2_O)
                                                      0.158     3.382 f  alu_in[expon][9]_i_4/O
                         net (fo=1, routed)           0.191     3.573    alu_in[expon][9]_i_4_n_0
    SLICE_X49Y145        LUT5 (Prop_C6LUT_SLICEM_I4_O)
                                                      0.088     3.661 r  alu_in[expon][9]_i_2/O
                         net (fo=1, routed)           0.059     3.720    alu_in[expon][9]_i_2_n_0
    SLICE_X49Y145        LUT5 (Prop_F6LUT_SLICEM_I0_O)
                                                      0.148     3.868 r  alu_in[expon][9]_i_1/O
                         net (fo=19, routed)          0.341     4.208    alu_temp[expon]13_out
    SLICE_X49Y146        FDRE                                         r  alu_in_reg[frac][7]/R
  -------------------------------------------------------------------    -------------------

                         (clock clk rise edge)        3.000     3.000 r  <hidden>
    E14                                               0.000     3.000 r  clk
                         net (fo=0)                   0.000     3.000    clk_IBUF_inst/I
    E14                  INBUF (Prop_INBUF_HDIOB_M_PAD_O)
                                                      0.815     3.815 r  clk_IBUF_inst/INBUF_INST/O
                         net (fo=1, routed)           0.000     3.815    clk_IBUF_inst/OUT
    E14                  IBUFCTRL (Prop_IBUFCTRL_HDIOB_M_I_O)
                                                      0.000     3.815 r  clk_IBUF_inst/IBUFCTRL_INST/O
                         net (fo=1, routed)           0.169     3.984    clk_IBUF
    BUFGCE_HDIO_X1Y4     BUFGCE (Prop_BUFCE_BUFGCE_HDIO_I_O)
                                                      0.024     4.008 r  clk_IBUF_BUFG_inst/O
    X1Y2 (CLOCK_ROOT)    net (fo=38, routed)          1.257     5.265    clk_IBUF_BUFG
    SLICE_X49Y146        FDRE                                         r  alu_in_reg[frac][7]/C
                         clock pessimism              0.606     5.871    <hidden>
                         clock uncertainty           -0.035     5.836    <hidden>
    SLICE_X49Y146        FDRE (Setup_FFF_SLICEM_C_R)
                                                     -0.074     5.762    alu_in_reg[frac][7]
  -------------------------------------------------------------------
                         required time                          5.762    <hidden>
                         arrival time                          -4.208    <hidden>
  -------------------------------------------------------------------
                         slack                                  1.553    <hidden>

Slack (MET) :             1.564ns  (required time - arrival time)
  Source:                 memreg_reg[0]/C
                            (rising edge-triggered cell FDRE clocked by clk  {rise@0.000ns fall@1.500ns period=3.000ns})
  Destination:            alu_in_reg[expon][3]/D
                            (rising edge-triggered cell FDRE clocked by clk  {rise@0.000ns fall@1.500ns period=3.000ns})
  Path Group:             clk
  Path Type:              Setup (Max at Slow Process Corner)
  Requirement:            3.000ns  (clk rise@3.000ns - clk rise@0.000ns)
  Data Path Delay:        1.418ns  (logic 0.504ns (35.541%)  route 0.914ns (64.459%))
  Logic Levels:           5  (LUT2=1 LUT3=2 LUT4=1 LUT6=1)
  Clock Path Skew:        -0.008ns (DCD - SCD + CPR)
    Destination Clock Delay (DCD):    2.258ns = ( 5.258 - 3.000 ) 
    Source Clock Delay      (SCD):    2.893ns
    Clock Pessimism Removal (CPR):    0.627ns
  Clock Uncertainty:      0.035ns  ((TSJ^2 + TIJ^2)^1/2 + DJ) / 2 + PE
    Total System Jitter     (TSJ):    0.071ns
    Total Input Jitter      (TIJ):    0.000ns
    Discrete Jitter          (DJ):    0.000ns
    Phase Error              (PE):    0.000ns
  Clock Net Delay (Source):      1.423ns (routing 0.623ns, distribution 0.800ns)
  Clock Net Delay (Destination): 1.250ns (routing 0.570ns, distribution 0.680ns)

    Location             Delay type                Incr(ns)  Path(ns)    Netlist Resource(s)
  -------------------------------------------------------------------    -------------------
                         (clock clk rise edge)        0.000     0.000 r  <hidden>
    E14                                               0.000     0.000 r  clk
                         net (fo=0)                   0.000     0.000    clk_IBUF_inst/I
    E14                  INBUF (Prop_INBUF_HDIOB_M_PAD_O)
                                                      1.238     1.238 r  clk_IBUF_inst/INBUF_INST/O
                         net (fo=1, routed)           0.000     1.238    clk_IBUF_inst/OUT
    E14                  IBUFCTRL (Prop_IBUFCTRL_HDIOB_M_I_O)
                                                      0.000     1.238 r  clk_IBUF_inst/IBUFCTRL_INST/O
                         net (fo=1, routed)           0.204     1.442    clk_IBUF
    BUFGCE_HDIO_X1Y4     BUFGCE (Prop_BUFCE_BUFGCE_HDIO_I_O)
                                                      0.028     1.470 r  clk_IBUF_BUFG_inst/O
    X1Y2 (CLOCK_ROOT)    net (fo=38, routed)          1.423     2.893    clk_IBUF_BUFG
    SLICE_X48Y146        FDRE                                         r  memreg_reg[0]/C
  -------------------------------------------------------------------    -------------------
    SLICE_X48Y146        FDRE (Prop_BFF2_SLICEL_C_Q)
                                                      0.080     2.973 r  memreg_reg[0]/Q
                         net (fo=5, routed)           0.430     3.403    memreg_reg_n_0_[0]
    SLICE_X49Y146        LUT4 (Prop_C6LUT_SLICEM_I0_O)
                                                      0.145     3.548 r  alu_in[expon][7]_i_6/O
                         net (fo=3, routed)           0.094     3.642    alu_in[expon][7]_i_6_n_0
    SLICE_X49Y146        LUT3 (Prop_D6LUT_SLICEM_I2_O)
                                                      0.088     3.730 f  alu_in[expon][7]_i_3/O
                         net (fo=3, routed)           0.095     3.825    alu_in[expon][7]_i_3_n_0
    SLICE_X49Y145        LUT2 (Prop_D6LUT_SLICEM_I0_O)
                                                      0.051     3.876 f  alu_in[znan]_i_2/O
                         net (fo=2, routed)           0.090     3.967    alu_in[znan]_i_2_n_0
    SLICE_X48Y145        LUT3 (Prop_G6LUT_SLICEL_I2_O)
                                                      0.089     4.056 r  alu_in[expon][7]_i_2/O
                         net (fo=4, routed)           0.156     4.212    alu_in[expon][7]_i_2_n_0
    SLICE_X48Y146        LUT6 (Prop_B6LUT_SLICEL_I0_O)
                                                      0.051     4.263 r  alu_in[expon][3]_i_1/O
                         net (fo=1, routed)           0.049     4.312    alu_temp[expon][3]
    SLICE_X48Y146        FDRE                                         r  alu_in_reg[expon][3]/D
  -------------------------------------------------------------------    -------------------

                         (clock clk rise edge)        3.000     3.000 r  <hidden>
    E14                                               0.000     3.000 r  clk
                         net (fo=0)                   0.000     3.000    clk_IBUF_inst/I
    E14                  INBUF (Prop_INBUF_HDIOB_M_PAD_O)
                                                      0.815     3.815 r  clk_IBUF_inst/INBUF_INST/O
                         net (fo=1, routed)           0.000     3.815    clk_IBUF_inst/OUT
    E14                  IBUFCTRL (Prop_IBUFCTRL_HDIOB_M_I_O)
                                                      0.000     3.815 r  clk_IBUF_inst/IBUFCTRL_INST/O
                         net (fo=1, routed)           0.169     3.984    clk_IBUF
    BUFGCE_HDIO_X1Y4     BUFGCE (Prop_BUFCE_BUFGCE_HDIO_I_O)
                                                      0.024     4.008 r  clk_IBUF_BUFG_inst/O
    X1Y2 (CLOCK_ROOT)    net (fo=38, routed)          1.250     5.258    clk_IBUF_BUFG
    SLICE_X48Y146        FDRE                                         r  alu_in_reg[expon][3]/C
                         clock pessimism              0.627     5.885    <hidden>
                         clock uncertainty           -0.035     5.850    <hidden>
    SLICE_X48Y146        FDRE (Setup_BFF_SLICEL_C_D)
                                                      0.025     5.875    alu_in_reg[expon][3]
  -------------------------------------------------------------------
                         required time                          5.875    <hidden>
                         arrival time                          -4.312    <hidden>
  -------------------------------------------------------------------
                         slack                                  1.564    <hidden>

Slack (MET) :             1.576ns  (required time - arrival time)
  Source:                 memreg_reg[8]/C
                            (rising edge-triggered cell FDRE clocked by clk  {rise@0.000ns fall@1.500ns period=3.000ns})
  Destination:            alu_in_reg[expon][4]/R
                            (rising edge-triggered cell FDRE clocked by clk  {rise@0.000ns fall@1.500ns period=3.000ns})
  Path Group:             clk
  Path Type:              Setup (Max at Slow Process Corner)
  Requirement:            3.000ns  (clk rise@3.000ns - clk rise@0.000ns)
  Data Path Delay:        1.222ns  (logic 0.473ns (38.703%)  route 0.749ns (61.297%))
  Logic Levels:           3  (LUT4=1 LUT5=2)
  Clock Path Skew:        -0.092ns (DCD - SCD + CPR)
    Destination Clock Delay (DCD):    2.260ns = ( 5.260 - 3.000 ) 
    Source Clock Delay      (SCD):    2.906ns
    Clock Pessimism Removal (CPR):    0.554ns
  Clock Uncertainty:      0.035ns  ((TSJ^2 + TIJ^2)^1/2 + DJ) / 2 + PE
    Total System Jitter     (TSJ):    0.071ns
    Total Input Jitter      (TIJ):    0.000ns
    Discrete Jitter          (DJ):    0.000ns
    Phase Error              (PE):    0.000ns
  Clock Net Delay (Source):      1.436ns (routing 0.623ns, distribution 0.813ns)
  Clock Net Delay (Destination): 1.252ns (routing 0.570ns, distribution 0.682ns)

    Location             Delay type                Incr(ns)  Path(ns)    Netlist Resource(s)
  -------------------------------------------------------------------    -------------------
                         (clock clk rise edge)        0.000     0.000 r  <hidden>
    E14                                               0.000     0.000 r  clk
                         net (fo=0)                   0.000     0.000    clk_IBUF_inst/I
    E14                  INBUF (Prop_INBUF_HDIOB_M_PAD_O)
                                                      1.238     1.238 r  clk_IBUF_inst/INBUF_INST/O
                         net (fo=1, routed)           0.000     1.238    clk_IBUF_inst/OUT
    E14                  IBUFCTRL (Prop_IBUFCTRL_HDIOB_M_I_O)
                                                      0.000     1.238 r  clk_IBUF_inst/IBUFCTRL_INST/O
                         net (fo=1, routed)           0.204     1.442    clk_IBUF
    BUFGCE_HDIO_X1Y4     BUFGCE (Prop_BUFCE_BUFGCE_HDIO_I_O)
                                                      0.028     1.470 r  clk_IBUF_BUFG_inst/O
    X1Y2 (CLOCK_ROOT)    net (fo=38, routed)          1.436     2.906    clk_IBUF_BUFG
    SLICE_X49Y145        FDRE                                         r  memreg_reg[8]/C
  -------------------------------------------------------------------    -------------------
    SLICE_X49Y145        FDRE (Prop_HFF_SLICEM_C_Q)
                                                      0.079     2.985 r  memreg_reg[8]/Q
                         net (fo=3, routed)           0.238     3.224    memreg_reg_n_0_[8]
    SLICE_X49Y145        LUT4 (Prop_D5LUT_SLICEM_I2_O)
                                                      0.158     3.382 f  alu_in[expon][9]_i_4/O
                         net (fo=1, routed)           0.191     3.573    alu_in[expon][9]_i_4_n_0
    SLICE_X49Y145        LUT5 (Prop_C6LUT_SLICEM_I4_O)
                                                      0.088     3.661 r  alu_in[expon][9]_i_2/O
                         net (fo=1, routed)           0.059     3.720    alu_in[expon][9]_i_2_n_0
    SLICE_X49Y145        LUT5 (Prop_F6LUT_SLICEM_I0_O)
                                                      0.148     3.868 r  alu_in[expon][9]_i_1/O
                         net (fo=19, routed)          0.261     4.129    alu_temp[expon]13_out
    SLICE_X48Y146        FDRE                                         r  alu_in_reg[expon][4]/R
  -------------------------------------------------------------------    -------------------

                         (clock clk rise edge)        3.000     3.000 r  <hidden>
    E14                                               0.000     3.000 r  clk
                         net (fo=0)                   0.000     3.000    clk_IBUF_inst/I
    E14                  INBUF (Prop_INBUF_HDIOB_M_PAD_O)
                                                      0.815     3.815 r  clk_IBUF_inst/INBUF_INST/O
                         net (fo=1, routed)           0.000     3.815    clk_IBUF_inst/OUT
    E14                  IBUFCTRL (Prop_IBUFCTRL_HDIOB_M_I_O)
                                                      0.000     3.815 r  clk_IBUF_inst/IBUFCTRL_INST/O
                         net (fo=1, routed)           0.169     3.984    clk_IBUF
    BUFGCE_HDIO_X1Y4     BUFGCE (Prop_BUFCE_BUFGCE_HDIO_I_O)
                                                      0.024     4.008 r  clk_IBUF_BUFG_inst/O
    X1Y2 (CLOCK_ROOT)    net (fo=38, routed)          1.252     5.260    clk_IBUF_BUFG
    SLICE_X48Y146        FDRE                                         r  alu_in_reg[expon][4]/C
                         clock pessimism              0.554     5.814    <hidden>
                         clock uncertainty           -0.035     5.779    <hidden>
    SLICE_X48Y146        FDRE (Setup_EFF_SLICEL_C_R)
                                                     -0.074     5.705    alu_in_reg[expon][4]
  -------------------------------------------------------------------
                         required time                          5.705    <hidden>
                         arrival time                          -4.129    <hidden>
  -------------------------------------------------------------------
                         slack                                  1.576    <hidden>

Slack (MET) :             1.576ns  (required time - arrival time)
  Source:                 memreg_reg[8]/C
                            (rising edge-triggered cell FDRE clocked by clk  {rise@0.000ns fall@1.500ns period=3.000ns})
  Destination:            alu_in_reg[expon][9]/R
                            (rising edge-triggered cell FDRE clocked by clk  {rise@0.000ns fall@1.500ns period=3.000ns})
  Path Group:             clk
  Path Type:              Setup (Max at Slow Process Corner)
  Requirement:            3.000ns  (clk rise@3.000ns - clk rise@0.000ns)
  Data Path Delay:        1.222ns  (logic 0.473ns (38.703%)  route 0.749ns (61.297%))
  Logic Levels:           3  (LUT4=1 LUT5=2)
  Clock Path Skew:        -0.092ns (DCD - SCD + CPR)
    Destination Clock Delay (DCD):    2.260ns = ( 5.260 - 3.000 ) 
    Source Clock Delay      (SCD):    2.906ns
    Clock Pessimism Removal (CPR):    0.554ns
  Clock Uncertainty:      0.035ns  ((TSJ^2 + TIJ^2)^1/2 + DJ) / 2 + PE
    Total System Jitter     (TSJ):    0.071ns
    Total Input Jitter      (TIJ):    0.000ns
    Discrete Jitter          (DJ):    0.000ns
    Phase Error              (PE):    0.000ns
  Clock Net Delay (Source):      1.436ns (routing 0.623ns, distribution 0.813ns)
  Clock Net Delay (Destination): 1.252ns (routing 0.570ns, distribution 0.682ns)

    Location             Delay type                Incr(ns)  Path(ns)    Netlist Resource(s)
  -------------------------------------------------------------------    -------------------
                         (clock clk rise edge)        0.000     0.000 r  <hidden>
    E14                                               0.000     0.000 r  clk
                         net (fo=0)                   0.000     0.000    clk_IBUF_inst/I
    E14                  INBUF (Prop_INBUF_HDIOB_M_PAD_O)
                                                      1.238     1.238 r  clk_IBUF_inst/INBUF_INST/O
                         net (fo=1, routed)           0.000     1.238    clk_IBUF_inst/OUT
    E14                  IBUFCTRL (Prop_IBUFCTRL_HDIOB_M_I_O)
                                                      0.000     1.238 r  clk_IBUF_inst/IBUFCTRL_INST/O
                         net (fo=1, routed)           0.204     1.442    clk_IBUF
    BUFGCE_HDIO_X1Y4     BUFGCE (Prop_BUFCE_BUFGCE_HDIO_I_O)
                                                      0.028     1.470 r  clk_IBUF_BUFG_inst/O
    X1Y2 (CLOCK_ROOT)    net (fo=38, routed)          1.436     2.906    clk_IBUF_BUFG
    SLICE_X49Y145        FDRE                                         r  memreg_reg[8]/C
  -------------------------------------------------------------------    -------------------
    SLICE_X49Y145        FDRE (Prop_HFF_SLICEM_C_Q)
                                                      0.079     2.985 r  memreg_reg[8]/Q
                         net (fo=3, routed)           0.238     3.224    memreg_reg_n_0_[8]
    SLICE_X49Y145        LUT4 (Prop_D5LUT_SLICEM_I2_O)
                                                      0.158     3.382 f  alu_in[expon][9]_i_4/O
                         net (fo=1, routed)           0.191     3.573    alu_in[expon][9]_i_4_n_0
    SLICE_X49Y145        LUT5 (Prop_C6LUT_SLICEM_I4_O)
                                                      0.088     3.661 r  alu_in[expon][9]_i_2/O
                         net (fo=1, routed)           0.059     3.720    alu_in[expon][9]_i_2_n_0
    SLICE_X49Y145        LUT5 (Prop_F6LUT_SLICEM_I0_O)
                                                      0.148     3.868 r  alu_in[expon][9]_i_1/O
                         net (fo=19, routed)          0.261     4.129    alu_temp[expon]13_out
    SLICE_X48Y146        FDRE                                         r  alu_in_reg[expon][9]/R
  -------------------------------------------------------------------    -------------------

                         (clock clk rise edge)        3.000     3.000 r  <hidden>
    E14                                               0.000     3.000 r  clk
                         net (fo=0)                   0.000     3.000    clk_IBUF_inst/I
    E14                  INBUF (Prop_INBUF_HDIOB_M_PAD_O)
                                                      0.815     3.815 r  clk_IBUF_inst/INBUF_INST/O
                         net (fo=1, routed)           0.000     3.815    clk_IBUF_inst/OUT
    E14                  IBUFCTRL (Prop_IBUFCTRL_HDIOB_M_I_O)
                                                      0.000     3.815 r  clk_IBUF_inst/IBUFCTRL_INST/O
                         net (fo=1, routed)           0.169     3.984    clk_IBUF
    BUFGCE_HDIO_X1Y4     BUFGCE (Prop_BUFCE_BUFGCE_HDIO_I_O)
                                                      0.024     4.008 r  clk_IBUF_BUFG_inst/O
    X1Y2 (CLOCK_ROOT)    net (fo=38, routed)          1.252     5.260    clk_IBUF_BUFG
    SLICE_X48Y146        FDRE                                         r  alu_in_reg[expon][9]/C
                         clock pessimism              0.554     5.814    <hidden>
                         clock uncertainty           -0.035     5.779    <hidden>
    SLICE_X48Y146        FDRE (Setup_EFF2_SLICEL_C_R)
                                                     -0.074     5.705    alu_in_reg[expon][9]
  -------------------------------------------------------------------
                         required time                          5.705    <hidden>
                         arrival time                          -4.129    <hidden>
  -------------------------------------------------------------------
                         slack                                  1.576    <hidden>





Min Delay Paths
--------------------------------------------------------------------------------------
Slack (MET) :             0.052ns  (arrival time - required time)
  Source:                 memreg_reg[4]/C
                            (rising edge-triggered cell FDRE clocked by clk  {rise@0.000ns fall@1.500ns period=3.000ns})
  Destination:            alu_in_reg[frac][7]/D
                            (rising edge-triggered cell FDRE clocked by clk  {rise@0.000ns fall@1.500ns period=3.000ns})
  Path Group:             clk
  Path Type:              Hold (Min at Fast Process Corner)
  Requirement:            0.000ns  (clk rise@0.000ns - clk rise@0.000ns)
  Data Path Delay:        0.117ns  (logic 0.037ns (31.599%)  route 0.080ns (68.401%))
  Logic Levels:           0  
  Clock Path Skew:        0.019ns (DCD - SCD - CPR)
    Destination Clock Delay (DCD):    2.086ns
    Source Clock Delay      (SCD):    1.715ns
    Clock Pessimism Removal (CPR):    0.353ns
  Clock Net Delay (Source):      0.792ns (routing 0.339ns, distribution 0.453ns)
  Clock Net Delay (Destination): 0.895ns (routing 0.373ns, distribution 0.522ns)

    Location             Delay type                Incr(ns)  Path(ns)    Netlist Resource(s)
  -------------------------------------------------------------------    -------------------
                         (clock clk rise edge)        0.000     0.000 r  <hidden>
    E14                                               0.000     0.000 r  clk
                         net (fo=0)                   0.000     0.000    clk_IBUF_inst/I
    E14                  INBUF (Prop_INBUF_HDIOB_M_PAD_O)
                                                      0.815     0.815 r  clk_IBUF_inst/INBUF_INST/O
                         net (fo=1, routed)           0.000     0.815    clk_IBUF_inst/OUT
    E14                  IBUFCTRL (Prop_IBUFCTRL_HDIOB_M_I_O)
                                                      0.000     0.815 r  clk_IBUF_inst/IBUFCTRL_INST/O
                         net (fo=1, routed)           0.091     0.906    clk_IBUF
    BUFGCE_HDIO_X1Y4     BUFGCE (Prop_BUFCE_BUFGCE_HDIO_I_O)
                                                      0.017     0.923 r  clk_IBUF_BUFG_inst/O
    X1Y2 (CLOCK_ROOT)    net (fo=38, routed)          0.792     1.715    clk_IBUF_BUFG
    SLICE_X49Y145        FDRE                                         r  memreg_reg[4]/C
  -------------------------------------------------------------------    -------------------
    SLICE_X49Y145        FDRE (Prop_FFF_SLICEM_C_Q)
                                                      0.037     1.752 r  memreg_reg[4]/Q
                         net (fo=4, routed)           0.080     1.832    p_4_in
    SLICE_X49Y146        FDRE                                         r  alu_in_reg[frac][7]/D
  -------------------------------------------------------------------    -------------------

                         (clock clk rise edge)        0.000     0.000 r  <hidden>
    E14                                               0.000     0.000 r  clk
                         net (fo=0)                   0.000     0.000    clk_IBUF_inst/I
    E14                  INBUF (Prop_INBUF_HDIOB_M_PAD_O)
                                                      1.059     1.059 r  clk_IBUF_inst/INBUF_INST/O
                         net (fo=1, routed)           0.000     1.059    clk_IBUF_inst/OUT
    E14                  IBUFCTRL (Prop_IBUFCTRL_HDIOB_M_I_O)
                                                      0.000     1.059 r  clk_IBUF_inst/IBUFCTRL_INST/O
                         net (fo=1, routed)           0.113     1.172    clk_IBUF
    BUFGCE_HDIO_X1Y4     BUFGCE (Prop_BUFCE_BUFGCE_HDIO_I_O)
                                                      0.019     1.191 r  clk_IBUF_BUFG_inst/O
    X1Y2 (CLOCK_ROOT)    net (fo=38, routed)          0.895     2.086    clk_IBUF_BUFG
    SLICE_X49Y146        FDRE                                         r  alu_in_reg[frac][7]/C
                         clock pessimism             -0.353     1.734    <hidden>
    SLICE_X49Y146        FDRE (Hold_FFF_SLICEM_C_D)
                                                      0.046     1.780    alu_in_reg[frac][7]
  -------------------------------------------------------------------
                         required time                         -1.780    <hidden>
                         arrival time                           1.832    <hidden>
  -------------------------------------------------------------------
                         slack                                  0.052    <hidden>

Slack (MET) :             0.060ns  (arrival time - required time)
  Source:                 memreg_reg[3]/C
                            (rising edge-triggered cell FDRE clocked by clk  {rise@0.000ns fall@1.500ns period=3.000ns})
  Destination:            alu_in_reg[frac][6]/D
                            (rising edge-triggered cell FDRE clocked by clk  {rise@0.000ns fall@1.500ns period=3.000ns})
  Path Group:             clk
  Path Type:              Hold (Min at Slow Process Corner)
  Requirement:            0.000ns  (clk rise@0.000ns - clk rise@0.000ns)
  Data Path Delay:        0.211ns  (logic 0.060ns (28.381%)  route 0.151ns (71.619%))
  Logic Levels:           0  
  Clock Path Skew:        0.089ns (DCD - SCD - CPR)
    Destination Clock Delay (DCD):    2.904ns
    Source Clock Delay      (SCD):    2.261ns
    Clock Pessimism Removal (CPR):    0.554ns
  Clock Net Delay (Source):      1.253ns (routing 0.570ns, distribution 0.683ns)
  Clock Net Delay (Destination): 1.434ns (routing 0.623ns, distribution 0.811ns)

    Location             Delay type                Incr(ns)  Path(ns)    Netlist Resource(s)
  -------------------------------------------------------------------    -------------------
                         (clock clk rise edge)        0.000     0.000 r  <hidden>
    E14                                               0.000     0.000 r  clk
                         net (fo=0)                   0.000     0.000    clk_IBUF_inst/I
    E14                  INBUF (Prop_INBUF_HDIOB_M_PAD_O)
                                                      0.815     0.815 r  clk_IBUF_inst/INBUF_INST/O
                         net (fo=1, routed)           0.000     0.815    clk_IBUF_inst/OUT
    E14                  IBUFCTRL (Prop_IBUFCTRL_HDIOB_M_I_O)
                                                      0.000     0.815 r  clk_IBUF_inst/IBUFCTRL_INST/O
                         net (fo=1, routed)           0.169     0.984    clk_IBUF
    BUFGCE_HDIO_X1Y4     BUFGCE (Prop_BUFCE_BUFGCE_HDIO_I_O)
                                                      0.024     1.008 r  clk_IBUF_BUFG_inst/O
    X1Y2 (CLOCK_ROOT)    net (fo=38, routed)          1.253     2.261    clk_IBUF_BUFG
    SLICE_X48Y145        FDRE                                         r  memreg_reg[3]/C
  -------------------------------------------------------------------    -------------------
    SLICE_X48Y145        FDRE (Prop_EFF2_SLICEL_C_Q)
                                                      0.060     2.321 r  memreg_reg[3]/Q
                         net (fo=5, routed)           0.151     2.473    p_5_in
    SLICE_X49Y146        FDRE                                         r  alu_in_reg[frac][6]/D
  -------------------------------------------------------------------    -------------------

                         (clock clk rise edge)        0.000     0.000 r  <hidden>
    E14                                               0.000     0.000 r  clk
                         net (fo=0)                   0.000     0.000    clk_IBUF_inst/I
    E14                  INBUF (Prop_INBUF_HDIOB_M_PAD_O)
                                                      1.238     1.238 r  clk_IBUF_inst/INBUF_INST/O
                         net (fo=1, routed)           0.000     1.238    clk_IBUF_inst/OUT
    E14                  IBUFCTRL (Prop_IBUFCTRL_HDIOB_M_I_O)
                                                      0.000     1.238 r  clk_IBUF_inst/IBUFCTRL_INST/O
                         net (fo=1, routed)           0.204     1.442    clk_IBUF
    BUFGCE_HDIO_X1Y4     BUFGCE (Prop_BUFCE_BUFGCE_HDIO_I_O)
                                                      0.028     1.470 r  clk_IBUF_BUFG_inst/O
    X1Y2 (CLOCK_ROOT)    net (fo=38, routed)          1.434     2.904    clk_IBUF_BUFG
    SLICE_X49Y146        FDRE                                         r  alu_in_reg[frac][6]/C
                         clock pessimism             -0.554     2.350    <hidden>
    SLICE_X49Y146        FDRE (Hold_EFF2_SLICEM_C_D)
                                                      0.062     2.412    alu_in_reg[frac][6]
  -------------------------------------------------------------------
                         required time                         -2.412    <hidden>
                         arrival time                           2.473    <hidden>
  -------------------------------------------------------------------
                         slack                                  0.060    <hidden>

Slack (MET) :             0.069ns  (arrival time - required time)
  Source:                 memreg_reg[10]/C
                            (rising edge-triggered cell FDRE clocked by clk  {rise@0.000ns fall@1.500ns period=3.000ns})
  Destination:            alu_in_reg[expon][1]/D
                            (rising edge-triggered cell FDRE clocked by clk  {rise@0.000ns fall@1.500ns period=3.000ns})
  Path Group:             clk
  Path Type:              Hold (Min at Fast Process Corner)
  Requirement:            0.000ns  (clk rise@0.000ns - clk rise@0.000ns)
  Data Path Delay:        0.131ns  (logic 0.038ns (29.010%)  route 0.093ns (70.990%))
  Logic Levels:           0  
  Clock Path Skew:        0.015ns (DCD - SCD - CPR)
    Destination Clock Delay (DCD):    2.087ns
    Source Clock Delay      (SCD):    1.715ns
    Clock Pessimism Removal (CPR):    0.358ns
  Clock Net Delay (Source):      0.792ns (routing 0.339ns, distribution 0.453ns)
  Clock Net Delay (Destination): 0.896ns (routing 0.373ns, distribution 0.523ns)

    Location             Delay type                Incr(ns)  Path(ns)    Netlist Resource(s)
  -------------------------------------------------------------------    -------------------
                         (clock clk rise edge)        0.000     0.000 r  <hidden>
    E14                                               0.000     0.000 r  clk
                         net (fo=0)                   0.000     0.000    clk_IBUF_inst/I
    E14                  INBUF (Prop_INBUF_HDIOB_M_PAD_O)
                                                      0.815     0.815 r  clk_IBUF_inst/INBUF_INST/O
                         net (fo=1, routed)           0.000     0.815    clk_IBUF_inst/OUT
    E14                  IBUFCTRL (Prop_IBUFCTRL_HDIOB_M_I_O)
                                                      0.000     0.815 r  clk_IBUF_inst/IBUFCTRL_INST/O
                         net (fo=1, routed)           0.091     0.906    clk_IBUF
    BUFGCE_HDIO_X1Y4     BUFGCE (Prop_BUFCE_BUFGCE_HDIO_I_O)
                                                      0.017     0.923 r  clk_IBUF_BUFG_inst/O
    X1Y2 (CLOCK_ROOT)    net (fo=38, routed)          0.792     1.715    clk_IBUF_BUFG
    SLICE_X49Y145        FDRE                                         r  memreg_reg[10]/C
  -------------------------------------------------------------------    -------------------
    SLICE_X49Y145        FDRE (Prop_EFF_SLICEM_C_Q)
                                                      0.038     1.753 r  memreg_reg[10]/Q
                         net (fo=3, routed)           0.093     1.846    mem_exp__0[1]
    SLICE_X49Y145        FDRE                                         r  alu_in_reg[expon][1]/D
  -------------------------------------------------------------------    -------------------

                         (clock clk rise edge)        0.000     0.000 r  <hidden>
    E14                                               0.000     0.000 r  clk
                         net (fo=0)                   0.000     0.000    clk_IBUF_inst/I
    E14                  INBUF (Prop_INBUF_HDIOB_M_PAD_O)
                                                      1.059     1.059 r  clk_IBUF_inst/INBUF_INST/O
                         net (fo=1, routed)           0.000     1.059    clk_IBUF_inst/OUT
    E14                  IBUFCTRL (Prop_IBUFCTRL_HDIOB_M_I_O)
                                                      0.000     1.059 r  clk_IBUF_inst/IBUFCTRL_INST/O
                         net (fo=1, routed)           0.113     1.172    clk_IBUF
    BUFGCE_HDIO_X1Y4     BUFGCE (Prop_BUFCE_BUFGCE_HDIO_I_O)
                                                      0.019     1.191 r  clk_IBUF_BUFG_inst/O
    X1Y2 (CLOCK_ROOT)    net (fo=38, routed)          0.896     2.087    clk_IBUF_BUFG
    SLICE_X49Y145        FDRE                                         r  alu_in_reg[expon][1]/C
                         clock pessimism             -0.358     1.730    <hidden>
    SLICE_X49Y145        FDRE (Hold_AFF2_SLICEM_C_D)
                                                      0.047     1.777    alu_in_reg[expon][1]
  -------------------------------------------------------------------
                         required time                         -1.777    <hidden>
                         arrival time                           1.846    <hidden>
  -------------------------------------------------------------------
                         slack                                  0.069    <hidden>

Slack (MET) :             0.075ns  (arrival time - required time)
  Source:                 memreg_reg[12]/C
                            (rising edge-triggered cell FDRE clocked by clk  {rise@0.000ns fall@1.500ns period=3.000ns})
  Destination:            alu_in_reg[expon][6]/D
                            (rising edge-triggered cell FDRE clocked by clk  {rise@0.000ns fall@1.500ns period=3.000ns})
  Path Group:             clk
  Path Type:              Hold (Min at Fast Process Corner)
  Requirement:            0.000ns  (clk rise@0.000ns - clk rise@0.000ns)
  Data Path Delay:        0.176ns  (logic 0.062ns (35.301%)  route 0.114ns (64.699%))
  Logic Levels:           1  (LUT5=1)
  Clock Path Skew:        0.053ns (DCD - SCD - CPR)
    Destination Clock Delay (DCD):    2.087ns
    Source Clock Delay      (SCD):    1.710ns
    Clock Pessimism Removal (CPR):    0.324ns
  Clock Net Delay (Source):      0.787ns (routing 0.339ns, distribution 0.448ns)
  Clock Net Delay (Destination): 0.896ns (routing 0.373ns, distribution 0.523ns)

    Location             Delay type                Incr(ns)  Path(ns)    Netlist Resource(s)
  -------------------------------------------------------------------    -------------------
                         (clock clk rise edge)        0.000     0.000 r  <hidden>
    E14                                               0.000     0.000 r  clk
                         net (fo=0)                   0.000     0.000    clk_IBUF_inst/I
    E14                  INBUF (Prop_INBUF_HDIOB_M_PAD_O)
                                                      0.815     0.815 r  clk_IBUF_inst/INBUF_INST/O
                         net (fo=1, routed)           0.000     0.815    clk_IBUF_inst/OUT
    E14                  IBUFCTRL (Prop_IBUFCTRL_HDIOB_M_I_O)
                                                      0.000     0.815 r  clk_IBUF_inst/IBUFCTRL_INST/O
                         net (fo=1, routed)           0.091     0.906    clk_IBUF
    BUFGCE_HDIO_X1Y4     BUFGCE (Prop_BUFCE_BUFGCE_HDIO_I_O)
                                                      0.017     0.923 r  clk_IBUF_BUFG_inst/O
    X1Y2 (CLOCK_ROOT)    net (fo=38, routed)          0.787     1.710    clk_IBUF_BUFG
    SLICE_X48Y143        FDRE                                         r  memreg_reg[12]/C
  -------------------------------------------------------------------    -------------------
    SLICE_X48Y143        FDRE (Prop_EFF2_SLICEL_C_Q)
                                                      0.040     1.750 r  memreg_reg[12]/Q
                         net (fo=8, routed)           0.106     1.856    mem_exp[3]
    SLICE_X49Y146        LUT5 (Prop_B5LUT_SLICEM_I1_O)
                                                      0.022     1.878 r  alu_in[expon][6]_i_1/O
                         net (fo=1, routed)           0.008     1.886    alu_temp[expon][6]
    SLICE_X49Y146        FDRE                                         r  alu_in_reg[expon][6]/D
  -------------------------------------------------------------------    -------------------

                         (clock clk rise edge)        0.000     0.000 r  <hidden>
    E14                                               0.000     0.000 r  clk
                         net (fo=0)                   0.000     0.000    clk_IBUF_inst/I
    E14                  INBUF (Prop_INBUF_HDIOB_M_PAD_O)
                                                      1.059     1.059 r  clk_IBUF_inst/INBUF_INST/O
                         net (fo=1, routed)           0.000     1.059    clk_IBUF_inst/OUT
    E14                  IBUFCTRL (Prop_IBUFCTRL_HDIOB_M_I_O)
                                                      0.000     1.059 r  clk_IBUF_inst/IBUFCTRL_INST/O
                         net (fo=1, routed)           0.113     1.172    clk_IBUF
    BUFGCE_HDIO_X1Y4     BUFGCE (Prop_BUFCE_BUFGCE_HDIO_I_O)
                                                      0.019     1.191 r  clk_IBUF_BUFG_inst/O
    X1Y2 (CLOCK_ROOT)    net (fo=38, routed)          0.896     2.087    clk_IBUF_BUFG
    SLICE_X49Y146        FDRE                                         r  alu_in_reg[expon][6]/C
                         clock pessimism             -0.324     1.763    <hidden>
    SLICE_X49Y146        FDRE (Hold_BFF2_SLICEM_C_D)
                                                      0.047     1.810    alu_in_reg[expon][6]
  -------------------------------------------------------------------
                         required time                         -1.810    <hidden>
                         arrival time                           1.886    <hidden>
  -------------------------------------------------------------------
                         slack                                  0.075    <hidden>

Slack (MET) :             0.082ns  (arrival time - required time)
  Source:                 memreg_reg[11]/C
                            (rising edge-triggered cell FDRE clocked by clk  {rise@0.000ns fall@1.500ns period=3.000ns})
  Destination:            alu_in_reg[expon][2]/D
                            (rising edge-triggered cell FDRE clocked by clk  {rise@0.000ns fall@1.500ns period=3.000ns})
  Path Group:             clk
  Path Type:              Hold (Min at Fast Process Corner)
  Requirement:            0.000ns  (clk rise@0.000ns - clk rise@0.000ns)
  Data Path Delay:        0.143ns  (logic 0.039ns (27.333%)  route 0.104ns (72.667%))
  Logic Levels:           0  
  Clock Path Skew:        0.015ns (DCD - SCD - CPR)
    Destination Clock Delay (DCD):    2.087ns
    Source Clock Delay      (SCD):    1.715ns
    Clock Pessimism Removal (CPR):    0.358ns
  Clock Net Delay (Source):      0.792ns (routing 0.339ns, distribution 0.453ns)
  Clock Net Delay (Destination): 0.896ns (routing 0.373ns, distribution 0.523ns)

    Location             Delay type                Incr(ns)  Path(ns)    Netlist Resource(s)
  -------------------------------------------------------------------    -------------------
                         (clock clk rise edge)        0.000     0.000 r  <hidden>
    E14                                               0.000     0.000 r  clk
                         net (fo=0)                   0.000     0.000    clk_IBUF_inst/I
    E14                  INBUF (Prop_INBUF_HDIOB_M_PAD_O)
                                                      0.815     0.815 r  clk_IBUF_inst/INBUF_INST/O
                         net (fo=1, routed)           0.000     0.815    clk_IBUF_inst/OUT
    E14                  IBUFCTRL (Prop_IBUFCTRL_HDIOB_M_I_O)
                                                      0.000     0.815 r  clk_IBUF_inst/IBUFCTRL_INST/O
                         net (fo=1, routed)           0.091     0.906    clk_IBUF
    BUFGCE_HDIO_X1Y4     BUFGCE (Prop_BUFCE_BUFGCE_HDIO_I_O)
                                                      0.017     0.923 r  clk_IBUF_BUFG_inst/O
    X1Y2 (CLOCK_ROOT)    net (fo=38, routed)          0.792     1.715    clk_IBUF_BUFG
    SLICE_X49Y145        FDRE                                         r  memreg_reg[11]/C
  -------------------------------------------------------------------    -------------------
    SLICE_X49Y145        FDRE (Prop_EFF2_SLICEM_C_Q)
                                                      0.039     1.754 r  memreg_reg[11]/Q
                         net (fo=3, routed)           0.104     1.858    mem_exp__0[2]
    SLICE_X49Y145        FDRE                                         r  alu_in_reg[expon][2]/D
  -------------------------------------------------------------------    -------------------

                         (clock clk rise edge)        0.000     0.000 r  <hidden>
    E14                                               0.000     0.000 r  clk
                         net (fo=0)                   0.000     0.000    clk_IBUF_inst/I
    E14                  INBUF (Prop_INBUF_HDIOB_M_PAD_O)
                                                      1.059     1.059 r  clk_IBUF_inst/INBUF_INST/O
                         net (fo=1, routed)           0.000     1.059    clk_IBUF_inst/OUT
    E14                  IBUFCTRL (Prop_IBUFCTRL_HDIOB_M_I_O)
                                                      0.000     1.059 r  clk_IBUF_inst/IBUFCTRL_INST/O
                         net (fo=1, routed)           0.113     1.172    clk_IBUF
    BUFGCE_HDIO_X1Y4     BUFGCE (Prop_BUFCE_BUFGCE_HDIO_I_O)
                                                      0.019     1.191 r  clk_IBUF_BUFG_inst/O
    X1Y2 (CLOCK_ROOT)    net (fo=38, routed)          0.896     2.087    clk_IBUF_BUFG
    SLICE_X49Y145        FDRE                                         r  alu_in_reg[expon][2]/C
                         clock pessimism             -0.358     1.730    <hidden>
    SLICE_X49Y145        FDRE (Hold_BFF_SLICEM_C_D)
                                                      0.046     1.776    alu_in_reg[expon][2]
  -------------------------------------------------------------------
                         required time                         -1.776    <hidden>
                         arrival time                           1.858    <hidden>
  -------------------------------------------------------------------
                         slack                                  0.082    <hidden>

Slack (MET) :             0.083ns  (arrival time - required time)
  Source:                 memreg_reg[6]/C
                            (rising edge-triggered cell FDRE clocked by clk  {rise@0.000ns fall@1.500ns period=3.000ns})
  Destination:            alu_in_reg[frac][9]/D
                            (rising edge-triggered cell FDRE clocked by clk  {rise@0.000ns fall@1.500ns period=3.000ns})
  Path Group:             clk
  Path Type:              Hold (Min at Fast Process Corner)
  Requirement:            0.000ns  (clk rise@0.000ns - clk rise@0.000ns)
  Data Path Delay:        0.174ns  (logic 0.039ns (22.367%)  route 0.135ns (77.633%))
  Logic Levels:           0  
  Clock Path Skew:        0.045ns (DCD - SCD - CPR)
    Destination Clock Delay (DCD):    2.083ns
    Source Clock Delay      (SCD):    1.715ns
    Clock Pessimism Removal (CPR):    0.324ns
  Clock Net Delay (Source):      0.792ns (routing 0.339ns, distribution 0.453ns)
  Clock Net Delay (Destination): 0.892ns (routing 0.373ns, distribution 0.519ns)

    Location             Delay type                Incr(ns)  Path(ns)    Netlist Resource(s)
  -------------------------------------------------------------------    -------------------
                         (clock clk rise edge)        0.000     0.000 r  <hidden>
    E14                                               0.000     0.000 r  clk
                         net (fo=0)                   0.000     0.000    clk_IBUF_inst/I
    E14                  INBUF (Prop_INBUF_HDIOB_M_PAD_O)
                                                      0.815     0.815 r  clk_IBUF_inst/INBUF_INST/O
                         net (fo=1, routed)           0.000     0.815    clk_IBUF_inst/OUT
    E14                  IBUFCTRL (Prop_IBUFCTRL_HDIOB_M_I_O)
                                                      0.000     0.815 r  clk_IBUF_inst/IBUFCTRL_INST/O
                         net (fo=1, routed)           0.091     0.906    clk_IBUF
    BUFGCE_HDIO_X1Y4     BUFGCE (Prop_BUFCE_BUFGCE_HDIO_I_O)
                                                      0.017     0.923 r  clk_IBUF_BUFG_inst/O
    X1Y2 (CLOCK_ROOT)    net (fo=38, routed)          0.792     1.715    clk_IBUF_BUFG
    SLICE_X49Y145        FDRE                                         r  memreg_reg[6]/C
  -------------------------------------------------------------------    -------------------
    SLICE_X49Y145        FDRE (Prop_GFF2_SLICEM_C_Q)
                                                      0.039     1.754 r  memreg_reg[6]/Q
                         net (fo=4, routed)           0.135     1.889    p_2_in
    SLICE_X48Y146        FDRE                                         r  alu_in_reg[frac][9]/D
  -------------------------------------------------------------------    -------------------

                         (clock clk rise edge)        0.000     0.000 r  <hidden>
    E14                                               0.000     0.000 r  clk
                         net (fo=0)                   0.000     0.000    clk_IBUF_inst/I
    E14                  INBUF (Prop_INBUF_HDIOB_M_PAD_O)
                                                      1.059     1.059 r  clk_IBUF_inst/INBUF_INST/O
                         net (fo=1, routed)           0.000     1.059    clk_IBUF_inst/OUT
    E14                  IBUFCTRL (Prop_IBUFCTRL_HDIOB_M_I_O)
                                                      0.000     1.059 r  clk_IBUF_inst/IBUFCTRL_INST/O
                         net (fo=1, routed)           0.113     1.172    clk_IBUF
    BUFGCE_HDIO_X1Y4     BUFGCE (Prop_BUFCE_BUFGCE_HDIO_I_O)
                                                      0.019     1.191 r  clk_IBUF_BUFG_inst/O
    X1Y2 (CLOCK_ROOT)    net (fo=38, routed)          0.892     2.083    clk_IBUF_BUFG
    SLICE_X48Y146        FDRE                                         r  alu_in_reg[frac][9]/C
                         clock pessimism             -0.324     1.759    <hidden>
    SLICE_X48Y146        FDRE (Hold_GFF2_SLICEL_C_D)
                                                      0.047     1.806    alu_in_reg[frac][9]
  -------------------------------------------------------------------
                         required time                         -1.806    <hidden>
                         arrival time                           1.889    <hidden>
  -------------------------------------------------------------------
                         slack                                  0.083    <hidden>

Slack (MET) :             0.090ns  (arrival time - required time)
  Source:                 memreg_reg[1]/C
                            (rising edge-triggered cell FDRE clocked by clk  {rise@0.000ns fall@1.500ns period=3.000ns})
  Destination:            alu_in_reg[frac][4]/D
                            (rising edge-triggered cell FDRE clocked by clk  {rise@0.000ns fall@1.500ns period=3.000ns})
  Path Group:             clk
  Path Type:              Hold (Min at Fast Process Corner)
  Requirement:            0.000ns  (clk rise@0.000ns - clk rise@0.000ns)
  Data Path Delay:        0.154ns  (logic 0.039ns (25.253%)  route 0.115ns (74.747%))
  Logic Levels:           0  
  Clock Path Skew:        0.018ns (DCD - SCD - CPR)
    Destination Clock Delay (DCD):    2.083ns
    Source Clock Delay      (SCD):    1.713ns
    Clock Pessimism Removal (CPR):    0.353ns
  Clock Net Delay (Source):      0.790ns (routing 0.339ns, distribution 0.451ns)
  Clock Net Delay (Destination): 0.892ns (routing 0.373ns, distribution 0.519ns)

    Location             Delay type                Incr(ns)  Path(ns)    Netlist Resource(s)
  -------------------------------------------------------------------    -------------------
                         (clock clk rise edge)        0.000     0.000 r  <hidden>
    E14                                               0.000     0.000 r  clk
                         net (fo=0)                   0.000     0.000    clk_IBUF_inst/I
    E14                  INBUF (Prop_INBUF_HDIOB_M_PAD_O)
                                                      0.815     0.815 r  clk_IBUF_inst/INBUF_INST/O
                         net (fo=1, routed)           0.000     0.815    clk_IBUF_inst/OUT
    E14                  IBUFCTRL (Prop_IBUFCTRL_HDIOB_M_I_O)
                                                      0.000     0.815 r  clk_IBUF_inst/IBUFCTRL_INST/O
                         net (fo=1, routed)           0.091     0.906    clk_IBUF
    BUFGCE_HDIO_X1Y4     BUFGCE (Prop_BUFCE_BUFGCE_HDIO_I_O)
                                                      0.017     0.923 r  clk_IBUF_BUFG_inst/O
    X1Y2 (CLOCK_ROOT)    net (fo=38, routed)          0.790     1.713    clk_IBUF_BUFG
    SLICE_X48Y145        FDRE                                         r  memreg_reg[1]/C
  -------------------------------------------------------------------    -------------------
    SLICE_X48Y145        FDRE (Prop_EFF_SLICEL_C_Q)
                                                      0.039     1.752 r  memreg_reg[1]/Q
                         net (fo=5, routed)           0.115     1.867    p_7_in
    SLICE_X48Y146        FDRE                                         r  alu_in_reg[frac][4]/D
  -------------------------------------------------------------------    -------------------

                         (clock clk rise edge)        0.000     0.000 r  <hidden>
    E14                                               0.000     0.000 r  clk
                         net (fo=0)                   0.000     0.000    clk_IBUF_inst/I
    E14                  INBUF (Prop_INBUF_HDIOB_M_PAD_O)
                                                      1.059     1.059 r  clk_IBUF_inst/INBUF_INST/O
                         net (fo=1, routed)           0.000     1.059    clk_IBUF_inst/OUT
    E14                  IBUFCTRL (Prop_IBUFCTRL_HDIOB_M_I_O)
                                                      0.000     1.059 r  clk_IBUF_inst/IBUFCTRL_INST/O
                         net (fo=1, routed)           0.113     1.172    clk_IBUF
    BUFGCE_HDIO_X1Y4     BUFGCE (Prop_BUFCE_BUFGCE_HDIO_I_O)
                                                      0.019     1.191 r  clk_IBUF_BUFG_inst/O
    X1Y2 (CLOCK_ROOT)    net (fo=38, routed)          0.892     2.083    clk_IBUF_BUFG
    SLICE_X48Y146        FDRE                                         r  alu_in_reg[frac][4]/C
                         clock pessimism             -0.353     1.730    <hidden>
    SLICE_X48Y146        FDRE (Hold_FFF2_SLICEL_C_D)
                                                      0.047     1.777    alu_in_reg[frac][4]
  -------------------------------------------------------------------
                         required time                         -1.777    <hidden>
                         arrival time                           1.867    <hidden>
  -------------------------------------------------------------------
                         slack                                  0.090    <hidden>

Slack (MET) :             0.093ns  (arrival time - required time)
  Source:                 memreg_reg[14]/C
                            (rising edge-triggered cell FDRE clocked by clk  {rise@0.000ns fall@1.500ns period=3.000ns})
  Destination:            alu_in_reg[expon][3]/D
                            (rising edge-triggered cell FDRE clocked by clk  {rise@0.000ns fall@1.500ns period=3.000ns})
  Path Group:             clk
  Path Type:              Hold (Min at Fast Process Corner)
  Requirement:            0.000ns  (clk rise@0.000ns - clk rise@0.000ns)
  Data Path Delay:        0.182ns  (logic 0.074ns (40.597%)  route 0.108ns (59.403%))
  Logic Levels:           1  (LUT6=1)
  Clock Path Skew:        0.043ns (DCD - SCD - CPR)
    Destination Clock Delay (DCD):    2.079ns
    Source Clock Delay      (SCD):    1.712ns
    Clock Pessimism Removal (CPR):    0.324ns
  Clock Net Delay (Source):      0.789ns (routing 0.339ns, distribution 0.450ns)
  Clock Net Delay (Destination): 0.888ns (routing 0.373ns, distribution 0.515ns)

    Location             Delay type                Incr(ns)  Path(ns)    Netlist Resource(s)
  -------------------------------------------------------------------    -------------------
                         (clock clk rise edge)        0.000     0.000 r  <hidden>
    E14                                               0.000     0.000 r  clk
                         net (fo=0)                   0.000     0.000    clk_IBUF_inst/I
    E14                  INBUF (Prop_INBUF_HDIOB_M_PAD_O)
                                                      0.815     0.815 r  clk_IBUF_inst/INBUF_INST/O
                         net (fo=1, routed)           0.000     0.815    clk_IBUF_inst/OUT
    E14                  IBUFCTRL (Prop_IBUFCTRL_HDIOB_M_I_O)
                                                      0.000     0.815 r  clk_IBUF_inst/IBUFCTRL_INST/O
                         net (fo=1, routed)           0.091     0.906    clk_IBUF
    BUFGCE_HDIO_X1Y4     BUFGCE (Prop_BUFCE_BUFGCE_HDIO_I_O)
                                                      0.017     0.923 r  clk_IBUF_BUFG_inst/O
    X1Y2 (CLOCK_ROOT)    net (fo=38, routed)          0.789     1.712    clk_IBUF_BUFG
    SLICE_X49Y143        FDRE                                         r  memreg_reg[14]/C
  -------------------------------------------------------------------    -------------------
    SLICE_X49Y143        FDRE (Prop_EFF_SLICEM_C_Q)
                                                      0.038     1.750 f  memreg_reg[14]/Q
                         net (fo=10, routed)          0.093     1.844    memreg_reg_n_0_[14]
    SLICE_X48Y146        LUT6 (Prop_B6LUT_SLICEL_I3_O)
                                                      0.036     1.880 r  alu_in[expon][3]_i_1/O
                         net (fo=1, routed)           0.015     1.895    alu_temp[expon][3]
    SLICE_X48Y146        FDRE                                         r  alu_in_reg[expon][3]/D
  -------------------------------------------------------------------    -------------------

                         (clock clk rise edge)        0.000     0.000 r  <hidden>
    E14                                               0.000     0.000 r  clk
                         net (fo=0)                   0.000     0.000    clk_IBUF_inst/I
    E14                  INBUF (Prop_INBUF_HDIOB_M_PAD_O)
                                                      1.059     1.059 r  clk_IBUF_inst/INBUF_INST/O
                         net (fo=1, routed)           0.000     1.059    clk_IBUF_inst/OUT
    E14                  IBUFCTRL (Prop_IBUFCTRL_HDIOB_M_I_O)
                                                      0.000     1.059 r  clk_IBUF_inst/IBUFCTRL_INST/O
                         net (fo=1, routed)           0.113     1.172    clk_IBUF
    BUFGCE_HDIO_X1Y4     BUFGCE (Prop_BUFCE_BUFGCE_HDIO_I_O)
                                                      0.019     1.191 r  clk_IBUF_BUFG_inst/O
    X1Y2 (CLOCK_ROOT)    net (fo=38, routed)          0.888     2.079    clk_IBUF_BUFG
    SLICE_X48Y146        FDRE                                         r  alu_in_reg[expon][3]/C
                         clock pessimism             -0.324     1.755    <hidden>
    SLICE_X48Y146        FDRE (Hold_BFF_SLICEL_C_D)
                                                      0.046     1.801    alu_in_reg[expon][3]
  -------------------------------------------------------------------
                         required time                         -1.801    <hidden>
                         arrival time                           1.895    <hidden>
  -------------------------------------------------------------------
                         slack                                  0.093    <hidden>

Slack (MET) :             0.094ns  (arrival time - required time)
  Source:                 memreg_reg[14]/C
                            (rising edge-triggered cell FDRE clocked by clk  {rise@0.000ns fall@1.500ns period=3.000ns})
  Destination:            alu_in_reg[expon][7]/D
                            (rising edge-triggered cell FDRE clocked by clk  {rise@0.000ns fall@1.500ns period=3.000ns})
  Path Group:             clk
  Path Type:              Hold (Min at Fast Process Corner)
  Requirement:            0.000ns  (clk rise@0.000ns - clk rise@0.000ns)
  Data Path Delay:        0.183ns  (logic 0.052ns (28.408%)  route 0.131ns (71.592%))
  Logic Levels:           1  (LUT6=1)
  Clock Path Skew:        0.043ns (DCD - SCD - CPR)
    Destination Clock Delay (DCD):    2.079ns
    Source Clock Delay      (SCD):    1.712ns
    Clock Pessimism Removal (CPR):    0.324ns
  Clock Net Delay (Source):      0.789ns (routing 0.339ns, distribution 0.450ns)
  Clock Net Delay (Destination): 0.888ns (routing 0.373ns, distribution 0.515ns)

    Location             Delay type                Incr(ns)  Path(ns)    Netlist Resource(s)
  -------------------------------------------------------------------    -------------------
                         (clock clk rise edge)        0.000     0.000 r  <hidden>
    E14                                               0.000     0.000 r  clk
                         net (fo=0)                   0.000     0.000    clk_IBUF_inst/I
    E14                  INBUF (Prop_INBUF_HDIOB_M_PAD_O)
                                                      0.815     0.815 r  clk_IBUF_inst/INBUF_INST/O
                         net (fo=1, routed)           0.000     0.815    clk_IBUF_inst/OUT
    E14                  IBUFCTRL (Prop_IBUFCTRL_HDIOB_M_I_O)
                                                      0.000     0.815 r  clk_IBUF_inst/IBUFCTRL_INST/O
                         net (fo=1, routed)           0.091     0.906    clk_IBUF
    BUFGCE_HDIO_X1Y4     BUFGCE (Prop_BUFCE_BUFGCE_HDIO_I_O)
                                                      0.017     0.923 r  clk_IBUF_BUFG_inst/O
    X1Y2 (CLOCK_ROOT)    net (fo=38, routed)          0.789     1.712    clk_IBUF_BUFG
    SLICE_X49Y143        FDRE                                         r  memreg_reg[14]/C
  -------------------------------------------------------------------    -------------------
    SLICE_X49Y143        FDRE (Prop_EFF_SLICEM_C_Q)
                                                      0.038     1.750 f  memreg_reg[14]/Q
                         net (fo=10, routed)          0.115     1.865    memreg_reg_n_0_[14]
    SLICE_X48Y145        LUT6 (Prop_D6LUT_SLICEL_I1_O)
                                                      0.014     1.879 r  alu_in[expon][7]_i_1/O
                         net (fo=1, routed)           0.016     1.895    alu_temp[expon][7]
    SLICE_X48Y145        FDRE                                         r  alu_in_reg[expon][7]/D
  -------------------------------------------------------------------    -------------------

                         (clock clk rise edge)        0.000     0.000 r  <hidden>
    E14                                               0.000     0.000 r  clk
                         net (fo=0)                   0.000     0.000    clk_IBUF_inst/I
    E14                  INBUF (Prop_INBUF_HDIOB_M_PAD_O)
                                                      1.059     1.059 r  clk_IBUF_inst/INBUF_INST/O
                         net (fo=1, routed)           0.000     1.059    clk_IBUF_inst/OUT
    E14                  IBUFCTRL (Prop_IBUFCTRL_HDIOB_M_I_O)
                                                      0.000     1.059 r  clk_IBUF_inst/IBUFCTRL_INST/O
                         net (fo=1, routed)           0.113     1.172    clk_IBUF
    BUFGCE_HDIO_X1Y4     BUFGCE (Prop_BUFCE_BUFGCE_HDIO_I_O)
                                                      0.019     1.191 r  clk_IBUF_BUFG_inst/O
    X1Y2 (CLOCK_ROOT)    net (fo=38, routed)          0.888     2.079    clk_IBUF_BUFG
    SLICE_X48Y145        FDRE                                         r  alu_in_reg[expon][7]/C
                         clock pessimism             -0.324     1.755    <hidden>
    SLICE_X48Y145        FDRE (Hold_DFF_SLICEL_C_D)
                                                      0.046     1.801    alu_in_reg[expon][7]
  -------------------------------------------------------------------
                         required time                         -1.801    <hidden>
                         arrival time                           1.895    <hidden>
  -------------------------------------------------------------------
                         slack                                  0.094    <hidden>

Slack (MET) :             0.101ns  (arrival time - required time)
  Source:                 memreg_reg[9]/C
                            (rising edge-triggered cell FDRE clocked by clk  {rise@0.000ns fall@1.500ns period=3.000ns})
  Destination:            alu_in_reg[expon][0]/D
                            (rising edge-triggered cell FDRE clocked by clk  {rise@0.000ns fall@1.500ns period=3.000ns})
  Path Group:             clk
  Path Type:              Hold (Min at Fast Process Corner)
  Requirement:            0.000ns  (clk rise@0.000ns - clk rise@0.000ns)
  Data Path Delay:        0.162ns  (logic 0.039ns (24.143%)  route 0.123ns (75.857%))
  Logic Levels:           0  
  Clock Path Skew:        0.015ns (DCD - SCD - CPR)
    Destination Clock Delay (DCD):    2.087ns
    Source Clock Delay      (SCD):    1.715ns
    Clock Pessimism Removal (CPR):    0.358ns
  Clock Net Delay (Source):      0.792ns (routing 0.339ns, distribution 0.453ns)
  Clock Net Delay (Destination): 0.896ns (routing 0.373ns, distribution 0.523ns)

    Location             Delay type                Incr(ns)  Path(ns)    Netlist Resource(s)
  -------------------------------------------------------------------    -------------------
                         (clock clk rise edge)        0.000     0.000 r  <hidden>
    E14                                               0.000     0.000 r  clk
                         net (fo=0)                   0.000     0.000    clk_IBUF_inst/I
    E14                  INBUF (Prop_INBUF_HDIOB_M_PAD_O)
                                                      0.815     0.815 r  clk_IBUF_inst/INBUF_INST/O
                         net (fo=1, routed)           0.000     0.815    clk_IBUF_inst/OUT
    E14                  IBUFCTRL (Prop_IBUFCTRL_HDIOB_M_I_O)
                                                      0.000     0.815 r  clk_IBUF_inst/IBUFCTRL_INST/O
                         net (fo=1, routed)           0.091     0.906    clk_IBUF
    BUFGCE_HDIO_X1Y4     BUFGCE (Prop_BUFCE_BUFGCE_HDIO_I_O)
                                                      0.017     0.923 r  clk_IBUF_BUFG_inst/O
    X1Y2 (CLOCK_ROOT)    net (fo=38, routed)          0.792     1.715    clk_IBUF_BUFG
    SLICE_X49Y145        FDRE                                         r  memreg_reg[9]/C
  -------------------------------------------------------------------    -------------------
    SLICE_X49Y145        FDRE (Prop_HFF2_SLICEM_C_Q)
                                                      0.039     1.754 r  memreg_reg[9]/Q
                         net (fo=3, routed)           0.123     1.876    mem_exp__0[0]
    SLICE_X49Y145        FDRE                                         r  alu_in_reg[expon][0]/D
  -------------------------------------------------------------------    -------------------

                         (clock clk rise edge)        0.000     0.000 r  <hidden>
    E14                                               0.000     0.000 r  clk
                         net (fo=0)                   0.000     0.000    clk_IBUF_inst/I
    E14                  INBUF (Prop_INBUF_HDIOB_M_PAD_O)
                                                      1.059     1.059 r  clk_IBUF_inst/INBUF_INST/O
                         net (fo=1, routed)           0.000     1.059    clk_IBUF_inst/OUT
    E14                  IBUFCTRL (Prop_IBUFCTRL_HDIOB_M_I_O)
                                                      0.000     1.059 r  clk_IBUF_inst/IBUFCTRL_INST/O
                         net (fo=1, routed)           0.113     1.172    clk_IBUF
    BUFGCE_HDIO_X1Y4     BUFGCE (Prop_BUFCE_BUFGCE_HDIO_I_O)
                                                      0.019     1.191 r  clk_IBUF_BUFG_inst/O
    X1Y2 (CLOCK_ROOT)    net (fo=38, routed)          0.896     2.087    clk_IBUF_BUFG
    SLICE_X49Y145        FDRE                                         r  alu_in_reg[expon][0]/C
                         clock pessimism             -0.358     1.730    <hidden>
    SLICE_X49Y145        FDRE (Hold_AFF_SLICEM_C_D)
                                                      0.046     1.776    alu_in_reg[expon][0]
  -------------------------------------------------------------------
                         required time                         -1.776    <hidden>
                         arrival time                           1.876    <hidden>
  -------------------------------------------------------------------
                         slack                                  0.101    <hidden>





Pulse Width Checks
--------------------------------------------------------------------------------------
Clock Name:         clk
Waveform(ns):       { 0.000 1.500 }
Period(ns):         3.000
Sources:            { clk }

Check Type        Corner  Lib Pin   Reference Pin  Required(ns)  Actual(ns)  Slack(ns)  Location          Pin
Min Period        n/a     BUFGCE/I  n/a            1.290         3.000       1.710      BUFGCE_HDIO_X1Y4  clk_IBUF_BUFG_inst/I
Min Period        n/a     FDRE/C    n/a            0.550         3.000       2.450      SLICE_X49Y145     alu_in_reg[expon][0]/C
Min Period        n/a     FDRE/C    n/a            0.550         3.000       2.450      SLICE_X49Y145     alu_in_reg[expon][1]/C
Min Period        n/a     FDRE/C    n/a            0.550         3.000       2.450      SLICE_X49Y145     alu_in_reg[expon][2]/C
Min Period        n/a     FDRE/C    n/a            0.550         3.000       2.450      SLICE_X48Y146     alu_in_reg[expon][3]/C
Min Period        n/a     FDRE/C    n/a            0.550         3.000       2.450      SLICE_X48Y146     alu_in_reg[expon][4]/C
Min Period        n/a     FDRE/C    n/a            0.550         3.000       2.450      SLICE_X48Y146     alu_in_reg[expon][5]/C
Min Period        n/a     FDRE/C    n/a            0.550         3.000       2.450      SLICE_X49Y146     alu_in_reg[expon][6]/C
Min Period        n/a     FDRE/C    n/a            0.550         3.000       2.450      SLICE_X48Y145     alu_in_reg[expon][7]/C
Min Period        n/a     FDRE/C    n/a            0.550         3.000       2.450      SLICE_X48Y146     alu_in_reg[expon][8]/C
Low Pulse Width   Slow    FDRE/C    n/a            0.275         1.500       1.225      SLICE_X49Y145     alu_in_reg[expon][0]/C
Low Pulse Width   Fast    FDRE/C    n/a            0.275         1.500       1.225      SLICE_X49Y145     alu_in_reg[expon][0]/C
Low Pulse Width   Slow    FDRE/C    n/a            0.275         1.500       1.225      SLICE_X49Y145     alu_in_reg[expon][1]/C
Low Pulse Width   Fast    FDRE/C    n/a            0.275         1.500       1.225      SLICE_X49Y145     alu_in_reg[expon][1]/C
Low Pulse Width   Slow    FDRE/C    n/a            0.275         1.500       1.225      SLICE_X49Y145     alu_in_reg[expon][2]/C
Low Pulse Width   Fast    FDRE/C    n/a            0.275         1.500       1.225      SLICE_X49Y145     alu_in_reg[expon][2]/C
Low Pulse Width   Slow    FDRE/C    n/a            0.275         1.500       1.225      SLICE_X48Y146     alu_in_reg[expon][3]/C
Low Pulse Width   Fast    FDRE/C    n/a            0.275         1.500       1.225      SLICE_X48Y146     alu_in_reg[expon][3]/C
Low Pulse Width   Slow    FDRE/C    n/a            0.275         1.500       1.225      SLICE_X48Y146     alu_in_reg[expon][4]/C
Low Pulse Width   Fast    FDRE/C    n/a            0.275         1.500       1.225      SLICE_X48Y146     alu_in_reg[expon][4]/C
High Pulse Width  Slow    FDRE/C    n/a            0.275         1.500       1.225      SLICE_X49Y145     alu_in_reg[expon][0]/C
High Pulse Width  Fast    FDRE/C    n/a            0.275         1.500       1.225      SLICE_X49Y145     alu_in_reg[expon][0]/C
High Pulse Width  Slow    FDRE/C    n/a            0.275         1.500       1.225      SLICE_X49Y145     alu_in_reg[expon][1]/C
High Pulse Width  Fast    FDRE/C    n/a            0.275         1.500       1.225      SLICE_X49Y145     alu_in_reg[expon][1]/C
High Pulse Width  Slow    FDRE/C    n/a            0.275         1.500       1.225      SLICE_X49Y145     alu_in_reg[expon][2]/C
High Pulse Width  Fast    FDRE/C    n/a            0.275         1.500       1.225      SLICE_X49Y145     alu_in_reg[expon][2]/C
High Pulse Width  Slow    FDRE/C    n/a            0.275         1.500       1.225      SLICE_X48Y146     alu_in_reg[expon][3]/C
High Pulse Width  Fast    FDRE/C    n/a            0.275         1.500       1.225      SLICE_X48Y146     alu_in_reg[expon][3]/C
High Pulse Width  Slow    FDRE/C    n/a            0.275         1.500       1.225      SLICE_X48Y146     alu_in_reg[expon][4]/C
High Pulse Width  Fast    FDRE/C    n/a            0.275         1.500       1.225      SLICE_X48Y146     alu_in_reg[expon][4]/C



--------------------------------------------------------------------------------------
Path Group:  (none)
From Clock:  clk
  To Clock:  

Max Delay            22 Endpoints
Min Delay            22 Endpoints
--------------------------------------------------------------------------------------


Max Delay Paths
--------------------------------------------------------------------------------------
Slack:                    inf
  Source:                 alu_in_reg[frac][10]/C
                            (rising edge-triggered cell FDRE clocked by clk  {rise@0.000ns fall@1.500ns period=3.000ns})
  Destination:            alu_in[frac][10]
                            (output port)
  Path Group:             (none)
  Path Type:              Max at Slow Process Corner
  Data Path Delay:        2.306ns  (logic 0.969ns (42.028%)  route 1.337ns (57.972%))
  Logic Levels:           1  (OBUF=1)
  Clock Uncertainty:      0.025ns  ((TSJ^2 + TIJ^2)^1/2 + DJ) / 2 + PE
    Total System Jitter     (TSJ):    0.050ns
    Total Input Jitter      (TIJ):    0.000ns
    Discrete Jitter          (DJ):    0.000ns
    Phase Error              (PE):    0.000ns
  Clock Net Delay (Source):      1.428ns (routing 0.623ns, distribution 0.805ns)

    Location             Delay type                Incr(ns)  Path(ns)    Netlist Resource(s)
  -------------------------------------------------------------------    -------------------
                         (clock clk rise edge)        0.000     0.000 r  <hidden>
    E14                                               0.000     0.000 r  clk
                         net (fo=0)                   0.000     0.000    clk_IBUF_inst/I
    E14                  INBUF (Prop_INBUF_HDIOB_M_PAD_O)
                                                      1.238     1.238 r  clk_IBUF_inst/INBUF_INST/O
                         net (fo=1, routed)           0.000     1.238    clk_IBUF_inst/OUT
    E14                  IBUFCTRL (Prop_IBUFCTRL_HDIOB_M_I_O)
                                                      0.000     1.238 r  clk_IBUF_inst/IBUFCTRL_INST/O
                         net (fo=1, routed)           0.204     1.442    clk_IBUF
    BUFGCE_HDIO_X1Y4     BUFGCE (Prop_BUFCE_BUFGCE_HDIO_I_O)
                                                      0.028     1.470 r  clk_IBUF_BUFG_inst/O
    X1Y2 (CLOCK_ROOT)    net (fo=38, routed)          1.428     2.898    clk_IBUF_BUFG
    SLICE_X48Y146        FDRE                                         r  alu_in_reg[frac][10]/C
  -------------------------------------------------------------------    -------------------
    SLICE_X48Y146        FDRE (Prop_FFF_SLICEL_C_Q)
                                                      0.079     2.977 r  alu_in_reg[frac][10]/Q
                         net (fo=1, routed)           1.337     4.314    alu_in[frac]_OBUF[10]
    A6                   OBUF (Prop_OUTBUF_HPIOB_M_I_O)
                                                      0.890     5.205 r  alu_in[frac][10]_INST_0/O
                         net (fo=0)                   0.000     5.205    alu_in[frac][10]
    A6                                                                r  alu_in[frac][10]
  -------------------------------------------------------------------    -------------------

Slack:                    inf
  Source:                 alu_in_reg[frac][6]/C
                            (rising edge-triggered cell FDRE clocked by clk  {rise@0.000ns fall@1.500ns period=3.000ns})
  Destination:            alu_in[frac][6]
                            (output port)
  Path Group:             (none)
  Path Type:              Max at Slow Process Corner
  Data Path Delay:        2.220ns  (logic 0.946ns (42.622%)  route 1.274ns (57.378%))
  Logic Levels:           1  (OBUF=1)
  Clock Uncertainty:      0.025ns  ((TSJ^2 + TIJ^2)^1/2 + DJ) / 2 + PE
    Total System Jitter     (TSJ):    0.050ns
    Total Input Jitter      (TIJ):    0.000ns
    Discrete Jitter          (DJ):    0.000ns
    Phase Error              (PE):    0.000ns
  Clock Net Delay (Source):      1.434ns (routing 0.623ns, distribution 0.811ns)

    Location             Delay type                Incr(ns)  Path(ns)    Netlist Resource(s)
  -------------------------------------------------------------------    -------------------
                         (clock clk rise edge)        0.000     0.000 r  <hidden>
    E14                                               0.000     0.000 r  clk
                         net (fo=0)                   0.000     0.000    clk_IBUF_inst/I
    E14                  INBUF (Prop_INBUF_HDIOB_M_PAD_O)
                                                      1.238     1.238 r  clk_IBUF_inst/INBUF_INST/O
                         net (fo=1, routed)           0.000     1.238    clk_IBUF_inst/OUT
    E14                  IBUFCTRL (Prop_IBUFCTRL_HDIOB_M_I_O)
                                                      0.000     1.238 r  clk_IBUF_inst/IBUFCTRL_INST/O
                         net (fo=1, routed)           0.204     1.442    clk_IBUF
    BUFGCE_HDIO_X1Y4     BUFGCE (Prop_BUFCE_BUFGCE_HDIO_I_O)
                                                      0.028     1.470 r  clk_IBUF_BUFG_inst/O
    X1Y2 (CLOCK_ROOT)    net (fo=38, routed)          1.434     2.904    clk_IBUF_BUFG
    SLICE_X49Y146        FDRE                                         r  alu_in_reg[frac][6]/C
  -------------------------------------------------------------------    -------------------
    SLICE_X49Y146        FDRE (Prop_EFF2_SLICEM_C_Q)
                                                      0.079     2.983 r  alu_in_reg[frac][6]/Q
                         net (fo=1, routed)           1.274     4.257    alu_in[frac]_OBUF[6]
    E5                   OBUF (Prop_OUTBUF_HPIOB_M_I_O)
                                                      0.867     5.125 r  alu_in[frac][6]_INST_0/O
                         net (fo=0)                   0.000     5.125    alu_in[frac][6]
    E5                                                                r  alu_in[frac][6]
  -------------------------------------------------------------------    -------------------

Slack:                    inf
  Source:                 alu_in_reg[frac][4]/C
                            (rising edge-triggered cell FDRE clocked by clk  {rise@0.000ns fall@1.500ns period=3.000ns})
  Destination:            alu_in[frac][4]
                            (output port)
  Path Group:             (none)
  Path Type:              Max at Slow Process Corner
  Data Path Delay:        2.225ns  (logic 0.960ns (43.156%)  route 1.265ns (56.844%))
  Logic Levels:           1  (OBUF=1)
  Clock Uncertainty:      0.025ns  ((TSJ^2 + TIJ^2)^1/2 + DJ) / 2 + PE
    Total System Jitter     (TSJ):    0.050ns
    Total Input Jitter      (TIJ):    0.000ns
    Discrete Jitter          (DJ):    0.000ns
    Phase Error              (PE):    0.000ns
  Clock Net Delay (Source):      1.428ns (routing 0.623ns, distribution 0.805ns)

    Location             Delay type                Incr(ns)  Path(ns)    Netlist Resource(s)
  -------------------------------------------------------------------    -------------------
                         (clock clk rise edge)        0.000     0.000 r  <hidden>
    E14                                               0.000     0.000 r  clk
                         net (fo=0)                   0.000     0.000    clk_IBUF_inst/I
    E14                  INBUF (Prop_INBUF_HDIOB_M_PAD_O)
                                                      1.238     1.238 r  clk_IBUF_inst/INBUF_INST/O
                         net (fo=1, routed)           0.000     1.238    clk_IBUF_inst/OUT
    E14                  IBUFCTRL (Prop_IBUFCTRL_HDIOB_M_I_O)
                                                      0.000     1.238 r  clk_IBUF_inst/IBUFCTRL_INST/O
                         net (fo=1, routed)           0.204     1.442    clk_IBUF
    BUFGCE_HDIO_X1Y4     BUFGCE (Prop_BUFCE_BUFGCE_HDIO_I_O)
                                                      0.028     1.470 r  clk_IBUF_BUFG_inst/O
    X1Y2 (CLOCK_ROOT)    net (fo=38, routed)          1.428     2.898    clk_IBUF_BUFG
    SLICE_X48Y146        FDRE                                         r  alu_in_reg[frac][4]/C
  -------------------------------------------------------------------    -------------------
    SLICE_X48Y146        FDRE (Prop_FFF2_SLICEL_C_Q)
                                                      0.081     2.979 r  alu_in_reg[frac][4]/Q
                         net (fo=1, routed)           1.265     4.244    alu_in[frac]_OBUF[4]
    D7                   OBUF (Prop_OUTBUF_HPIOB_M_I_O)
                                                      0.879     5.124 r  alu_in[frac][4]_INST_0/O
                         net (fo=0)                   0.000     5.124    alu_in[frac][4]
    D7                                                                r  alu_in[frac][4]
  -------------------------------------------------------------------    -------------------

Slack:                    inf
  Source:                 alu_in_reg[frac][5]/C
                            (rising edge-triggered cell FDRE clocked by clk  {rise@0.000ns fall@1.500ns period=3.000ns})
  Destination:            alu_in[frac][5]
                            (output port)
  Path Group:             (none)
  Path Type:              Max at Slow Process Corner
  Data Path Delay:        2.217ns  (logic 0.959ns (43.247%)  route 1.258ns (56.753%))
  Logic Levels:           1  (OBUF=1)
  Clock Uncertainty:      0.025ns  ((TSJ^2 + TIJ^2)^1/2 + DJ) / 2 + PE
    Total System Jitter     (TSJ):    0.050ns
    Total Input Jitter      (TIJ):    0.000ns
    Discrete Jitter          (DJ):    0.000ns
    Phase Error              (PE):    0.000ns
  Clock Net Delay (Source):      1.428ns (routing 0.623ns, distribution 0.805ns)

    Location             Delay type                Incr(ns)  Path(ns)    Netlist Resource(s)
  -------------------------------------------------------------------    -------------------
                         (clock clk rise edge)        0.000     0.000 r  <hidden>
    E14                                               0.000     0.000 r  clk
                         net (fo=0)                   0.000     0.000    clk_IBUF_inst/I
    E14                  INBUF (Prop_INBUF_HDIOB_M_PAD_O)
                                                      1.238     1.238 r  clk_IBUF_inst/INBUF_INST/O
                         net (fo=1, routed)           0.000     1.238    clk_IBUF_inst/OUT
    E14                  IBUFCTRL (Prop_IBUFCTRL_HDIOB_M_I_O)
                                                      0.000     1.238 r  clk_IBUF_inst/IBUFCTRL_INST/O
                         net (fo=1, routed)           0.204     1.442    clk_IBUF
    BUFGCE_HDIO_X1Y4     BUFGCE (Prop_BUFCE_BUFGCE_HDIO_I_O)
                                                      0.028     1.470 r  clk_IBUF_BUFG_inst/O
    X1Y2 (CLOCK_ROOT)    net (fo=38, routed)          1.428     2.898    clk_IBUF_BUFG
    SLICE_X48Y146        FDRE                                         r  alu_in_reg[frac][5]/C
  -------------------------------------------------------------------    -------------------
    SLICE_X48Y146        FDRE (Prop_GFF_SLICEL_C_Q)
                                                      0.079     2.977 r  alu_in_reg[frac][5]/Q
                         net (fo=1, routed)           1.258     4.235    alu_in[frac]_OBUF[5]
    C6                   OBUF (Prop_OUTBUF_HPIOB_S_I_O)
                                                      0.880     5.115 r  alu_in[frac][5]_INST_0/O
                         net (fo=0)                   0.000     5.115    alu_in[frac][5]
    C6                                                                r  alu_in[frac][5]
  -------------------------------------------------------------------    -------------------

Slack:                    inf
  Source:                 alu_in_reg[frac][3]/C
                            (rising edge-triggered cell FDRE clocked by clk  {rise@0.000ns fall@1.500ns period=3.000ns})
  Destination:            alu_in[frac][3]
                            (output port)
  Path Group:             (none)
  Path Type:              Max at Slow Process Corner
  Data Path Delay:        2.207ns  (logic 0.944ns (42.785%)  route 1.263ns (57.215%))
  Logic Levels:           1  (OBUF=1)
  Clock Uncertainty:      0.025ns  ((TSJ^2 + TIJ^2)^1/2 + DJ) / 2 + PE
    Total System Jitter     (TSJ):    0.050ns
    Total Input Jitter      (TIJ):    0.000ns
    Discrete Jitter          (DJ):    0.000ns
    Phase Error              (PE):    0.000ns
  Clock Net Delay (Source):      1.434ns (routing 0.623ns, distribution 0.811ns)

    Location             Delay type                Incr(ns)  Path(ns)    Netlist Resource(s)
  -------------------------------------------------------------------    -------------------
                         (clock clk rise edge)        0.000     0.000 r  <hidden>
    E14                                               0.000     0.000 r  clk
                         net (fo=0)                   0.000     0.000    clk_IBUF_inst/I
    E14                  INBUF (Prop_INBUF_HDIOB_M_PAD_O)
                                                      1.238     1.238 r  clk_IBUF_inst/INBUF_INST/O
                         net (fo=1, routed)           0.000     1.238    clk_IBUF_inst/OUT
    E14                  IBUFCTRL (Prop_IBUFCTRL_HDIOB_M_I_O)
                                                      0.000     1.238 r  clk_IBUF_inst/IBUFCTRL_INST/O
                         net (fo=1, routed)           0.204     1.442    clk_IBUF
    BUFGCE_HDIO_X1Y4     BUFGCE (Prop_BUFCE_BUFGCE_HDIO_I_O)
                                                      0.028     1.470 r  clk_IBUF_BUFG_inst/O
    X1Y2 (CLOCK_ROOT)    net (fo=38, routed)          1.434     2.904    clk_IBUF_BUFG
    SLICE_X49Y146        FDRE                                         r  alu_in_reg[frac][3]/C
  -------------------------------------------------------------------    -------------------
    SLICE_X49Y146        FDRE (Prop_EFF_SLICEM_C_Q)
                                                      0.076     2.980 r  alu_in_reg[frac][3]/Q
                         net (fo=1, routed)           1.263     4.243    alu_in[frac]_OBUF[3]
    D6                   OBUF (Prop_OUTBUF_HPIOB_S_I_O)
                                                      0.868     5.112 r  alu_in[frac][3]_INST_0/O
                         net (fo=0)                   0.000     5.112    alu_in[frac][3]
    D6                                                                r  alu_in[frac][3]
  -------------------------------------------------------------------    -------------------

Slack:                    inf
  Source:                 alu_in_reg[frac][2]/C
                            (rising edge-triggered cell FDRE clocked by clk  {rise@0.000ns fall@1.500ns period=3.000ns})
  Destination:            alu_in[frac][2]
                            (output port)
  Path Group:             (none)
  Path Type:              Max at Slow Process Corner
  Data Path Delay:        2.214ns  (logic 0.948ns (42.831%)  route 1.266ns (57.169%))
  Logic Levels:           1  (OBUF=1)
  Clock Uncertainty:      0.025ns  ((TSJ^2 + TIJ^2)^1/2 + DJ) / 2 + PE
    Total System Jitter     (TSJ):    0.050ns
    Total Input Jitter      (TIJ):    0.000ns
    Discrete Jitter          (DJ):    0.000ns
    Phase Error              (PE):    0.000ns
  Clock Net Delay (Source):      1.416ns (routing 0.623ns, distribution 0.793ns)

    Location             Delay type                Incr(ns)  Path(ns)    Netlist Resource(s)
  -------------------------------------------------------------------    -------------------
                         (clock clk rise edge)        0.000     0.000 r  <hidden>
    E14                                               0.000     0.000 r  clk
                         net (fo=0)                   0.000     0.000    clk_IBUF_inst/I
    E14                  INBUF (Prop_INBUF_HDIOB_M_PAD_O)
                                                      1.238     1.238 r  clk_IBUF_inst/INBUF_INST/O
                         net (fo=1, routed)           0.000     1.238    clk_IBUF_inst/OUT
    E14                  IBUFCTRL (Prop_IBUFCTRL_HDIOB_M_I_O)
                                                      0.000     1.238 r  clk_IBUF_inst/IBUFCTRL_INST/O
                         net (fo=1, routed)           0.204     1.442    clk_IBUF
    BUFGCE_HDIO_X1Y4     BUFGCE (Prop_BUFCE_BUFGCE_HDIO_I_O)
                                                      0.028     1.470 r  clk_IBUF_BUFG_inst/O
    X1Y2 (CLOCK_ROOT)    net (fo=38, routed)          1.416     2.886    clk_IBUF_BUFG
    SLICE_X48Y147        FDRE                                         r  alu_in_reg[frac][2]/C
  -------------------------------------------------------------------    -------------------
    SLICE_X48Y147        FDRE (Prop_EFF_SLICEL_C_Q)
                                                      0.079     2.965 r  alu_in_reg[frac][2]/Q
                         net (fo=1, routed)           1.266     4.231    alu_in[frac]_OBUF[2]
    E7                   OBUF (Prop_OUTBUF_HPIOB_M_I_O)
                                                      0.869     5.101 r  alu_in[frac][2]_INST_0/O
                         net (fo=0)                   0.000     5.101    alu_in[frac][2]
    E7                                                                r  alu_in[frac][2]
  -------------------------------------------------------------------    -------------------

Slack:                    inf
  Source:                 alu_in_reg[frac][11]/C
                            (rising edge-triggered cell FDRE clocked by clk  {rise@0.000ns fall@1.500ns period=3.000ns})
  Destination:            alu_in[frac][11]
                            (output port)
  Path Group:             (none)
  Path Type:              Max at Slow Process Corner
  Data Path Delay:        2.188ns  (logic 0.971ns (44.377%)  route 1.217ns (55.623%))
  Logic Levels:           1  (OBUF=1)
  Clock Uncertainty:      0.025ns  ((TSJ^2 + TIJ^2)^1/2 + DJ) / 2 + PE
    Total System Jitter     (TSJ):    0.050ns
    Total Input Jitter      (TIJ):    0.000ns
    Discrete Jitter          (DJ):    0.000ns
    Phase Error              (PE):    0.000ns
  Clock Net Delay (Source):      1.437ns (routing 0.623ns, distribution 0.814ns)

    Location             Delay type                Incr(ns)  Path(ns)    Netlist Resource(s)
  -------------------------------------------------------------------    -------------------
                         (clock clk rise edge)        0.000     0.000 r  <hidden>
    E14                                               0.000     0.000 r  clk
                         net (fo=0)                   0.000     0.000    clk_IBUF_inst/I
    E14                  INBUF (Prop_INBUF_HDIOB_M_PAD_O)
                                                      1.238     1.238 r  clk_IBUF_inst/INBUF_INST/O
                         net (fo=1, routed)           0.000     1.238    clk_IBUF_inst/OUT
    E14                  IBUFCTRL (Prop_IBUFCTRL_HDIOB_M_I_O)
                                                      0.000     1.238 r  clk_IBUF_inst/IBUFCTRL_INST/O
                         net (fo=1, routed)           0.204     1.442    clk_IBUF
    BUFGCE_HDIO_X1Y4     BUFGCE (Prop_BUFCE_BUFGCE_HDIO_I_O)
                                                      0.028     1.470 r  clk_IBUF_BUFG_inst/O
    X1Y2 (CLOCK_ROOT)    net (fo=38, routed)          1.437     2.907    clk_IBUF_BUFG
    SLICE_X49Y145        FDRE                                         r  alu_in_reg[frac][11]/C
  -------------------------------------------------------------------    -------------------
    SLICE_X49Y145        FDRE (Prop_BFF2_SLICEM_C_Q)
                                                      0.080     2.987 r  alu_in_reg[frac][11]/Q
                         net (fo=1, routed)           1.217     4.204    alu_in[frac]_OBUF[11]
    A5                   OBUF (Prop_OUTBUF_HPIOB_S_I_O)
                                                      0.891     5.095 r  alu_in[frac][11]_INST_0/O
                         net (fo=0)                   0.000     5.095    alu_in[frac][11]
    A5                                                                r  alu_in[frac][11]
  -------------------------------------------------------------------    -------------------

Slack:                    inf
  Source:                 alu_in_reg[frac][7]/C
                            (rising edge-triggered cell FDRE clocked by clk  {rise@0.000ns fall@1.500ns period=3.000ns})
  Destination:            alu_in[frac][7]
                            (output port)
  Path Group:             (none)
  Path Type:              Max at Slow Process Corner
  Data Path Delay:        2.188ns  (logic 0.942ns (43.053%)  route 1.246ns (56.947%))
  Logic Levels:           1  (OBUF=1)
  Clock Uncertainty:      0.025ns  ((TSJ^2 + TIJ^2)^1/2 + DJ) / 2 + PE
    Total System Jitter     (TSJ):    0.050ns
    Total Input Jitter      (TIJ):    0.000ns
    Discrete Jitter          (DJ):    0.000ns
    Phase Error              (PE):    0.000ns
  Clock Net Delay (Source):      1.434ns (routing 0.623ns, distribution 0.811ns)

    Location             Delay type                Incr(ns)  Path(ns)    Netlist Resource(s)
  -------------------------------------------------------------------    -------------------
                         (clock clk rise edge)        0.000     0.000 r  <hidden>
    E14                                               0.000     0.000 r  clk
                         net (fo=0)                   0.000     0.000    clk_IBUF_inst/I
    E14                  INBUF (Prop_INBUF_HDIOB_M_PAD_O)
                                                      1.238     1.238 r  clk_IBUF_inst/INBUF_INST/O
                         net (fo=1, routed)           0.000     1.238    clk_IBUF_inst/OUT
    E14                  IBUFCTRL (Prop_IBUFCTRL_HDIOB_M_I_O)
                                                      0.000     1.238 r  clk_IBUF_inst/IBUFCTRL_INST/O
                         net (fo=1, routed)           0.204     1.442    clk_IBUF
    BUFGCE_HDIO_X1Y4     BUFGCE (Prop_BUFCE_BUFGCE_HDIO_I_O)
                                                      0.028     1.470 r  clk_IBUF_BUFG_inst/O
    X1Y2 (CLOCK_ROOT)    net (fo=38, routed)          1.434     2.904    clk_IBUF_BUFG
    SLICE_X49Y146        FDRE                                         r  alu_in_reg[frac][7]/C
  -------------------------------------------------------------------    -------------------
    SLICE_X49Y146        FDRE (Prop_FFF_SLICEM_C_Q)
                                                      0.076     2.980 r  alu_in_reg[frac][7]/Q
                         net (fo=1, routed)           1.246     4.226    alu_in[frac]_OBUF[7]
    D4                   OBUF (Prop_OUTBUF_HPIOB_S_I_O)
                                                      0.866     5.092 r  alu_in[frac][7]_INST_0/O
                         net (fo=0)                   0.000     5.092    alu_in[frac][7]
    D4                                                                r  alu_in[frac][7]
  -------------------------------------------------------------------    -------------------

Slack:                    inf
  Source:                 alu_in_reg[frac][8]/C
                            (rising edge-triggered cell FDRE clocked by clk  {rise@0.000ns fall@1.500ns period=3.000ns})
  Destination:            alu_in[frac][8]
                            (output port)
  Path Group:             (none)
  Path Type:              Max at Slow Process Corner
  Data Path Delay:        2.184ns  (logic 0.965ns (44.192%)  route 1.219ns (55.808%))
  Logic Levels:           1  (OBUF=1)
  Clock Uncertainty:      0.025ns  ((TSJ^2 + TIJ^2)^1/2 + DJ) / 2 + PE
    Total System Jitter     (TSJ):    0.050ns
    Total Input Jitter      (TIJ):    0.000ns
    Discrete Jitter          (DJ):    0.000ns
    Phase Error              (PE):    0.000ns
  Clock Net Delay (Source):      1.437ns (routing 0.623ns, distribution 0.814ns)

    Location             Delay type                Incr(ns)  Path(ns)    Netlist Resource(s)
  -------------------------------------------------------------------    -------------------
                         (clock clk rise edge)        0.000     0.000 r  <hidden>
    E14                                               0.000     0.000 r  clk
                         net (fo=0)                   0.000     0.000    clk_IBUF_inst/I
    E14                  INBUF (Prop_INBUF_HDIOB_M_PAD_O)
                                                      1.238     1.238 r  clk_IBUF_inst/INBUF_INST/O
                         net (fo=1, routed)           0.000     1.238    clk_IBUF_inst/OUT
    E14                  IBUFCTRL (Prop_IBUFCTRL_HDIOB_M_I_O)
                                                      0.000     1.238 r  clk_IBUF_inst/IBUFCTRL_INST/O
                         net (fo=1, routed)           0.204     1.442    clk_IBUF
    BUFGCE_HDIO_X1Y4     BUFGCE (Prop_BUFCE_BUFGCE_HDIO_I_O)
                                                      0.028     1.470 r  clk_IBUF_BUFG_inst/O
    X1Y2 (CLOCK_ROOT)    net (fo=38, routed)          1.437     2.907    clk_IBUF_BUFG
    SLICE_X49Y145        FDRE                                         r  alu_in_reg[frac][8]/C
  -------------------------------------------------------------------    -------------------
    SLICE_X49Y145        FDRE (Prop_CFF_SLICEM_C_Q)
                                                      0.078     2.985 r  alu_in_reg[frac][8]/Q
                         net (fo=1, routed)           1.219     4.204    alu_in[frac]_OBUF[8]
    B6                   OBUF (Prop_OUTBUF_HPIOB_M_I_O)
                                                      0.887     5.092 r  alu_in[frac][8]_INST_0/O
                         net (fo=0)                   0.000     5.092    alu_in[frac][8]
    B6                                                                r  alu_in[frac][8]
  -------------------------------------------------------------------    -------------------

Slack:                    inf
  Source:                 alu_in_reg[frac][9]/C
                            (rising edge-triggered cell FDRE clocked by clk  {rise@0.000ns fall@1.500ns period=3.000ns})
  Destination:            alu_in[frac][9]
                            (output port)
  Path Group:             (none)
  Path Type:              Max at Slow Process Corner
  Data Path Delay:        2.182ns  (logic 0.964ns (44.182%)  route 1.218ns (55.818%))
  Logic Levels:           1  (OBUF=1)
  Clock Uncertainty:      0.025ns  ((TSJ^2 + TIJ^2)^1/2 + DJ) / 2 + PE
    Total System Jitter     (TSJ):    0.050ns
    Total Input Jitter      (TIJ):    0.000ns
    Discrete Jitter          (DJ):    0.000ns
    Phase Error              (PE):    0.000ns
  Clock Net Delay (Source):      1.428ns (routing 0.623ns, distribution 0.805ns)

    Location             Delay type                Incr(ns)  Path(ns)    Netlist Resource(s)
  -------------------------------------------------------------------    -------------------
                         (clock clk rise edge)        0.000     0.000 r  <hidden>
    E14                                               0.000     0.000 r  clk
                         net (fo=0)                   0.000     0.000    clk_IBUF_inst/I
    E14                  INBUF (Prop_INBUF_HDIOB_M_PAD_O)
                                                      1.238     1.238 r  clk_IBUF_inst/INBUF_INST/O
                         net (fo=1, routed)           0.000     1.238    clk_IBUF_inst/OUT
    E14                  IBUFCTRL (Prop_IBUFCTRL_HDIOB_M_I_O)
                                                      0.000     1.238 r  clk_IBUF_inst/IBUFCTRL_INST/O
                         net (fo=1, routed)           0.204     1.442    clk_IBUF
    BUFGCE_HDIO_X1Y4     BUFGCE (Prop_BUFCE_BUFGCE_HDIO_I_O)
                                                      0.028     1.470 r  clk_IBUF_BUFG_inst/O
    X1Y2 (CLOCK_ROOT)    net (fo=38, routed)          1.428     2.898    clk_IBUF_BUFG
    SLICE_X48Y146        FDRE                                         r  alu_in_reg[frac][9]/C
  -------------------------------------------------------------------    -------------------
    SLICE_X48Y146        FDRE (Prop_GFF2_SLICEL_C_Q)
                                                      0.081     2.979 r  alu_in_reg[frac][9]/Q
                         net (fo=1, routed)           1.218     4.197    alu_in[frac]_OBUF[9]
    B5                   OBUF (Prop_OUTBUF_HPIOB_S_I_O)
                                                      0.883     5.081 r  alu_in[frac][9]_INST_0/O
                         net (fo=0)                   0.000     5.081    alu_in[frac][9]
    B5                                                                r  alu_in[frac][9]
  -------------------------------------------------------------------    -------------------





Min Delay Paths
--------------------------------------------------------------------------------------
Slack:                    inf
  Source:                 alu_in_reg[znan]/C
                            (rising edge-triggered cell FDRE clocked by clk  {rise@0.000ns fall@1.500ns period=3.000ns})
  Destination:            alu_in[znan]
                            (output port)
  Path Group:             (none)
  Path Type:              Min at Fast Process Corner
  Data Path Delay:        0.832ns  (logic 0.414ns (49.774%)  route 0.418ns (50.226%))
  Logic Levels:           1  (OBUF=1)
  Clock Uncertainty:      0.025ns  ((TSJ^2 + TIJ^2)^1/2 + DJ) / 2 + PE
    Total System Jitter     (TSJ):    0.050ns
    Total Input Jitter      (TIJ):    0.000ns
    Discrete Jitter          (DJ):    0.000ns
    Phase Error              (PE):    0.000ns
  Clock Net Delay (Source):      0.792ns (routing 0.339ns, distribution 0.453ns)

    Location             Delay type                Incr(ns)  Path(ns)    Netlist Resource(s)
  -------------------------------------------------------------------    -------------------
                         (clock clk rise edge)        0.000     0.000 r  <hidden>
    E14                                               0.000     0.000 r  clk
                         net (fo=0)                   0.000     0.000    clk_IBUF_inst/I
    E14                  INBUF (Prop_INBUF_HDIOB_M_PAD_O)
                                                      0.815     0.815 r  clk_IBUF_inst/INBUF_INST/O
                         net (fo=1, routed)           0.000     0.815    clk_IBUF_inst/OUT
    E14                  IBUFCTRL (Prop_IBUFCTRL_HDIOB_M_I_O)
                                                      0.000     0.815 r  clk_IBUF_inst/IBUFCTRL_INST/O
                         net (fo=1, routed)           0.091     0.906    clk_IBUF
    BUFGCE_HDIO_X1Y4     BUFGCE (Prop_BUFCE_BUFGCE_HDIO_I_O)
                                                      0.017     0.923 r  clk_IBUF_BUFG_inst/O
    X1Y2 (CLOCK_ROOT)    net (fo=38, routed)          0.792     1.715    clk_IBUF_BUFG
    SLICE_X49Y145        FDRE                                         r  alu_in_reg[znan]/C
  -------------------------------------------------------------------    -------------------
    SLICE_X49Y145        FDRE (Prop_GFF_SLICEM_C_Q)
                                                      0.039     1.754 r  alu_in_reg[znan]/Q
                         net (fo=1, routed)           0.418     2.172    alu_in_reg[znan_n_0_]
    E4                   OBUF (Prop_OUTBUF_HPIOB_M_I_O)
                                                      0.375     2.547 r  alu_in[znan]_INST_0/O
                         net (fo=0)                   0.000     2.547    alu_in[znan]
    E4                                                                r  alu_in[znan]
  -------------------------------------------------------------------    -------------------

Slack:                    inf
  Source:                 alu_in_reg[expon][9]/C
                            (rising edge-triggered cell FDRE clocked by clk  {rise@0.000ns fall@1.500ns period=3.000ns})
  Destination:            alu_in[expon][9]
                            (output port)
  Path Group:             (none)
  Path Type:              Min at Fast Process Corner
  Data Path Delay:        0.864ns  (logic 0.402ns (46.505%)  route 0.462ns (53.495%))
  Logic Levels:           1  (OBUF=1)
  Clock Uncertainty:      0.025ns  ((TSJ^2 + TIJ^2)^1/2 + DJ) / 2 + PE
    Total System Jitter     (TSJ):    0.050ns
    Total Input Jitter      (TIJ):    0.000ns
    Discrete Jitter          (DJ):    0.000ns
    Phase Error              (PE):    0.000ns
  Clock Net Delay (Source):      0.789ns (routing 0.339ns, distribution 0.450ns)

    Location             Delay type                Incr(ns)  Path(ns)    Netlist Resource(s)
  -------------------------------------------------------------------    -------------------
                         (clock clk rise edge)        0.000     0.000 r  <hidden>
    E14                                               0.000     0.000 r  clk
                         net (fo=0)                   0.000     0.000    clk_IBUF_inst/I
    E14                  INBUF (Prop_INBUF_HDIOB_M_PAD_O)
                                                      0.815     0.815 r  clk_IBUF_inst/INBUF_INST/O
                         net (fo=1, routed)           0.000     0.815    clk_IBUF_inst/OUT
    E14                  IBUFCTRL (Prop_IBUFCTRL_HDIOB_M_I_O)
                                                      0.000     0.815 r  clk_IBUF_inst/IBUFCTRL_INST/O
                         net (fo=1, routed)           0.091     0.906    clk_IBUF
    BUFGCE_HDIO_X1Y4     BUFGCE (Prop_BUFCE_BUFGCE_HDIO_I_O)
                                                      0.017     0.923 r  clk_IBUF_BUFG_inst/O
    X1Y2 (CLOCK_ROOT)    net (fo=38, routed)          0.789     1.712    clk_IBUF_BUFG
    SLICE_X48Y146        FDRE                                         r  alu_in_reg[expon][9]/C
  -------------------------------------------------------------------    -------------------
    SLICE_X48Y146        FDRE (Prop_EFF2_SLICEL_C_Q)
                                                      0.040     1.752 r  alu_in_reg[expon][9]/Q
                         net (fo=1, routed)           0.462     2.214    alu_in[expon]_OBUF[9]
    G6                   OBUF (Prop_OUTBUF_HPIOB_M_I_O)
                                                      0.362     2.575 r  alu_in[expon][9]_INST_0/O
                         net (fo=0)                   0.000     2.575    alu_in[expon][9]
    G6                                                                r  alu_in[expon][9]
  -------------------------------------------------------------------    -------------------

Slack:                    inf
  Source:                 alu_in_reg[expon][7]/C
                            (rising edge-triggered cell FDRE clocked by clk  {rise@0.000ns fall@1.500ns period=3.000ns})
  Destination:            alu_in[expon][7]
                            (output port)
  Path Group:             (none)
  Path Type:              Min at Fast Process Corner
  Data Path Delay:        0.870ns  (logic 0.396ns (45.526%)  route 0.474ns (54.474%))
  Logic Levels:           1  (OBUF=1)
  Clock Uncertainty:      0.025ns  ((TSJ^2 + TIJ^2)^1/2 + DJ) / 2 + PE
    Total System Jitter     (TSJ):    0.050ns
    Total Input Jitter      (TIJ):    0.000ns
    Discrete Jitter          (DJ):    0.000ns
    Phase Error              (PE):    0.000ns
  Clock Net Delay (Source):      0.787ns (routing 0.339ns, distribution 0.448ns)

    Location             Delay type                Incr(ns)  Path(ns)    Netlist Resource(s)
  -------------------------------------------------------------------    -------------------
                         (clock clk rise edge)        0.000     0.000 r  <hidden>
    E14                                               0.000     0.000 r  clk
                         net (fo=0)                   0.000     0.000    clk_IBUF_inst/I
    E14                  INBUF (Prop_INBUF_HDIOB_M_PAD_O)
                                                      0.815     0.815 r  clk_IBUF_inst/INBUF_INST/O
                         net (fo=1, routed)           0.000     0.815    clk_IBUF_inst/OUT
    E14                  IBUFCTRL (Prop_IBUFCTRL_HDIOB_M_I_O)
                                                      0.000     0.815 r  clk_IBUF_inst/IBUFCTRL_INST/O
                         net (fo=1, routed)           0.091     0.906    clk_IBUF
    BUFGCE_HDIO_X1Y4     BUFGCE (Prop_BUFCE_BUFGCE_HDIO_I_O)
                                                      0.017     0.923 r  clk_IBUF_BUFG_inst/O
    X1Y2 (CLOCK_ROOT)    net (fo=38, routed)          0.787     1.710    clk_IBUF_BUFG
    SLICE_X48Y145        FDRE                                         r  alu_in_reg[expon][7]/C
  -------------------------------------------------------------------    -------------------
    SLICE_X48Y145        FDRE (Prop_DFF_SLICEL_C_Q)
                                                      0.039     1.749 r  alu_in_reg[expon][7]/Q
                         net (fo=1, routed)           0.474     2.223    alu_in[expon]_OBUF[7]
    G5                   OBUF (Prop_OUTBUF_HPIOB_M_I_O)
                                                      0.357     2.580 r  alu_in[expon][7]_INST_0/O
                         net (fo=0)                   0.000     2.580    alu_in[expon][7]
    G5                                                                r  alu_in[expon][7]
  -------------------------------------------------------------------    -------------------

Slack:                    inf
  Source:                 alu_in_reg[sign]/C
                            (rising edge-triggered cell FDRE clocked by clk  {rise@0.000ns fall@1.500ns period=3.000ns})
  Destination:            alu_in[sign]
                            (output port)
  Path Group:             (none)
  Path Type:              Min at Fast Process Corner
  Data Path Delay:        0.875ns  (logic 0.400ns (45.745%)  route 0.475ns (54.255%))
  Logic Levels:           1  (OBUF=1)
  Clock Uncertainty:      0.025ns  ((TSJ^2 + TIJ^2)^1/2 + DJ) / 2 + PE
    Total System Jitter     (TSJ):    0.050ns
    Total Input Jitter      (TIJ):    0.000ns
    Discrete Jitter          (DJ):    0.000ns
    Phase Error              (PE):    0.000ns
  Clock Net Delay (Source):      0.787ns (routing 0.339ns, distribution 0.448ns)

    Location             Delay type                Incr(ns)  Path(ns)    Netlist Resource(s)
  -------------------------------------------------------------------    -------------------
                         (clock clk rise edge)        0.000     0.000 r  <hidden>
    E14                                               0.000     0.000 r  clk
                         net (fo=0)                   0.000     0.000    clk_IBUF_inst/I
    E14                  INBUF (Prop_INBUF_HDIOB_M_PAD_O)
                                                      0.815     0.815 r  clk_IBUF_inst/INBUF_INST/O
                         net (fo=1, routed)           0.000     0.815    clk_IBUF_inst/OUT
    E14                  IBUFCTRL (Prop_IBUFCTRL_HDIOB_M_I_O)
                                                      0.000     0.815 r  clk_IBUF_inst/IBUFCTRL_INST/O
                         net (fo=1, routed)           0.091     0.906    clk_IBUF
    BUFGCE_HDIO_X1Y4     BUFGCE (Prop_BUFCE_BUFGCE_HDIO_I_O)
                                                      0.017     0.923 r  clk_IBUF_BUFG_inst/O
    X1Y2 (CLOCK_ROOT)    net (fo=38, routed)          0.787     1.710    clk_IBUF_BUFG
    SLICE_X48Y143        FDRE                                         r  alu_in_reg[sign]/C
  -------------------------------------------------------------------    -------------------
    SLICE_X48Y143        FDRE (Prop_EFF_SLICEL_C_Q)
                                                      0.039     1.749 r  alu_in_reg[sign]/Q
                         net (fo=1, routed)           0.475     2.224    alu_in_reg[sign_n_0_]
    F5                   OBUF (Prop_OUTBUF_HPIOB_S_I_O)
                                                      0.361     2.586 r  alu_in[sign]_INST_0/O
                         net (fo=0)                   0.000     2.586    alu_in[sign]
    F5                                                                r  alu_in[sign]
  -------------------------------------------------------------------    -------------------

Slack:                    inf
  Source:                 alu_in_reg[expon][2]/C
                            (rising edge-triggered cell FDRE clocked by clk  {rise@0.000ns fall@1.500ns period=3.000ns})
  Destination:            alu_in[expon][2]
                            (output port)
  Path Group:             (none)
  Path Type:              Min at Fast Process Corner
  Data Path Delay:        0.872ns  (logic 0.395ns (45.275%)  route 0.477ns (54.725%))
  Logic Levels:           1  (OBUF=1)
  Clock Uncertainty:      0.025ns  ((TSJ^2 + TIJ^2)^1/2 + DJ) / 2 + PE
    Total System Jitter     (TSJ):    0.050ns
    Total Input Jitter      (TIJ):    0.000ns
    Discrete Jitter          (DJ):    0.000ns
    Phase Error              (PE):    0.000ns
  Clock Net Delay (Source):      0.793ns (routing 0.339ns, distribution 0.454ns)

    Location             Delay type                Incr(ns)  Path(ns)    Netlist Resource(s)
  -------------------------------------------------------------------    -------------------
                         (clock clk rise edge)        0.000     0.000 r  <hidden>
    E14                                               0.000     0.000 r  clk
                         net (fo=0)                   0.000     0.000    clk_IBUF_inst/I
    E14                  INBUF (Prop_INBUF_HDIOB_M_PAD_O)
                                                      0.815     0.815 r  clk_IBUF_inst/INBUF_INST/O
                         net (fo=1, routed)           0.000     0.815    clk_IBUF_inst/OUT
    E14                  IBUFCTRL (Prop_IBUFCTRL_HDIOB_M_I_O)
                                                      0.000     0.815 r  clk_IBUF_inst/IBUFCTRL_INST/O
                         net (fo=1, routed)           0.091     0.906    clk_IBUF
    BUFGCE_HDIO_X1Y4     BUFGCE (Prop_BUFCE_BUFGCE_HDIO_I_O)
                                                      0.017     0.923 r  clk_IBUF_BUFG_inst/O
    X1Y2 (CLOCK_ROOT)    net (fo=38, routed)          0.793     1.716    clk_IBUF_BUFG
    SLICE_X49Y145        FDRE                                         r  alu_in_reg[expon][2]/C
  -------------------------------------------------------------------    -------------------
    SLICE_X49Y145        FDRE (Prop_BFF_SLICEM_C_Q)
                                                      0.038     1.754 r  alu_in_reg[expon][2]/Q
                         net (fo=1, routed)           0.477     2.231    alu_in[expon]_OBUF[2]
    K4                   OBUF (Prop_OUTBUF_HPIOB_S_I_O)
                                                      0.357     2.587 r  alu_in[expon][2]_INST_0/O
                         net (fo=0)                   0.000     2.587    alu_in[expon][2]
    K4                                                                r  alu_in[expon][2]
  -------------------------------------------------------------------    -------------------

Slack:                    inf
  Source:                 alu_in_reg[expon][5]/C
                            (rising edge-triggered cell FDRE clocked by clk  {rise@0.000ns fall@1.500ns period=3.000ns})
  Destination:            alu_in[expon][5]
                            (output port)
  Path Group:             (none)
  Path Type:              Min at Fast Process Corner
  Data Path Delay:        0.882ns  (logic 0.387ns (43.896%)  route 0.495ns (56.104%))
  Logic Levels:           1  (OBUF=1)
  Clock Uncertainty:      0.025ns  ((TSJ^2 + TIJ^2)^1/2 + DJ) / 2 + PE
    Total System Jitter     (TSJ):    0.050ns
    Total Input Jitter      (TIJ):    0.000ns
    Discrete Jitter          (DJ):    0.000ns
    Phase Error              (PE):    0.000ns
  Clock Net Delay (Source):      0.786ns (routing 0.339ns, distribution 0.447ns)

    Location             Delay type                Incr(ns)  Path(ns)    Netlist Resource(s)
  -------------------------------------------------------------------    -------------------
                         (clock clk rise edge)        0.000     0.000 r  <hidden>
    E14                                               0.000     0.000 r  clk
                         net (fo=0)                   0.000     0.000    clk_IBUF_inst/I
    E14                  INBUF (Prop_INBUF_HDIOB_M_PAD_O)
                                                      0.815     0.815 r  clk_IBUF_inst/INBUF_INST/O
                         net (fo=1, routed)           0.000     0.815    clk_IBUF_inst/OUT
    E14                  IBUFCTRL (Prop_IBUFCTRL_HDIOB_M_I_O)
                                                      0.000     0.815 r  clk_IBUF_inst/IBUFCTRL_INST/O
                         net (fo=1, routed)           0.091     0.906    clk_IBUF
    BUFGCE_HDIO_X1Y4     BUFGCE (Prop_BUFCE_BUFGCE_HDIO_I_O)
                                                      0.017     0.923 r  clk_IBUF_BUFG_inst/O
    X1Y2 (CLOCK_ROOT)    net (fo=38, routed)          0.786     1.709    clk_IBUF_BUFG
    SLICE_X48Y146        FDRE                                         r  alu_in_reg[expon][5]/C
  -------------------------------------------------------------------    -------------------
    SLICE_X48Y146        FDRE (Prop_AFF_SLICEL_C_Q)
                                                      0.039     1.748 r  alu_in_reg[expon][5]/Q
                         net (fo=1, routed)           0.495     2.243    alu_in[expon]_OBUF[5]
    H7                   OBUF (Prop_OUTBUF_HPIOB_M_I_O)
                                                      0.348     2.591 r  alu_in[expon][5]_INST_0/O
                         net (fo=0)                   0.000     2.591    alu_in[expon][5]
    H7                                                                r  alu_in[expon][5]
  -------------------------------------------------------------------    -------------------

Slack:                    inf
  Source:                 alu_in_reg[expon][0]/C
                            (rising edge-triggered cell FDRE clocked by clk  {rise@0.000ns fall@1.500ns period=3.000ns})
  Destination:            alu_in[expon][0]
                            (output port)
  Path Group:             (none)
  Path Type:              Min at Fast Process Corner
  Data Path Delay:        0.880ns  (logic 0.373ns (42.393%)  route 0.507ns (57.607%))
  Logic Levels:           1  (OBUF=1)
  Clock Uncertainty:      0.025ns  ((TSJ^2 + TIJ^2)^1/2 + DJ) / 2 + PE
    Total System Jitter     (TSJ):    0.050ns
    Total Input Jitter      (TIJ):    0.000ns
    Discrete Jitter          (DJ):    0.000ns
    Phase Error              (PE):    0.000ns
  Clock Net Delay (Source):      0.793ns (routing 0.339ns, distribution 0.454ns)

    Location             Delay type                Incr(ns)  Path(ns)    Netlist Resource(s)
  -------------------------------------------------------------------    -------------------
                         (clock clk rise edge)        0.000     0.000 r  <hidden>
    E14                                               0.000     0.000 r  clk
                         net (fo=0)                   0.000     0.000    clk_IBUF_inst/I
    E14                  INBUF (Prop_INBUF_HDIOB_M_PAD_O)
                                                      0.815     0.815 r  clk_IBUF_inst/INBUF_INST/O
                         net (fo=1, routed)           0.000     0.815    clk_IBUF_inst/OUT
    E14                  IBUFCTRL (Prop_IBUFCTRL_HDIOB_M_I_O)
                                                      0.000     0.815 r  clk_IBUF_inst/IBUFCTRL_INST/O
                         net (fo=1, routed)           0.091     0.906    clk_IBUF
    BUFGCE_HDIO_X1Y4     BUFGCE (Prop_BUFCE_BUFGCE_HDIO_I_O)
                                                      0.017     0.923 r  clk_IBUF_BUFG_inst/O
    X1Y2 (CLOCK_ROOT)    net (fo=38, routed)          0.793     1.716    clk_IBUF_BUFG
    SLICE_X49Y145        FDRE                                         r  alu_in_reg[expon][0]/C
  -------------------------------------------------------------------    -------------------
    SLICE_X49Y145        FDRE (Prop_AFF_SLICEM_C_Q)
                                                      0.038     1.754 r  alu_in_reg[expon][0]/Q
                         net (fo=1, routed)           0.507     2.261    alu_in[expon]_OBUF[0]
    K5                   OBUF (Prop_OUTBUF_HPIOB_S_I_O)
                                                      0.335     2.596 r  alu_in[expon][0]_INST_0/O
                         net (fo=0)                   0.000     2.596    alu_in[expon][0]
    K5                                                                r  alu_in[expon][0]
  -------------------------------------------------------------------    -------------------

Slack:                    inf
  Source:                 alu_in_reg[expon][8]/C
                            (rising edge-triggered cell FDRE clocked by clk  {rise@0.000ns fall@1.500ns period=3.000ns})
  Destination:            alu_in[expon][8]
                            (output port)
  Path Group:             (none)
  Path Type:              Min at Fast Process Corner
  Data Path Delay:        0.888ns  (logic 0.396ns (44.609%)  route 0.492ns (55.391%))
  Logic Levels:           1  (OBUF=1)
  Clock Uncertainty:      0.025ns  ((TSJ^2 + TIJ^2)^1/2 + DJ) / 2 + PE
    Total System Jitter     (TSJ):    0.050ns
    Total Input Jitter      (TIJ):    0.000ns
    Discrete Jitter          (DJ):    0.000ns
    Phase Error              (PE):    0.000ns
  Clock Net Delay (Source):      0.786ns (routing 0.339ns, distribution 0.447ns)

    Location             Delay type                Incr(ns)  Path(ns)    Netlist Resource(s)
  -------------------------------------------------------------------    -------------------
                         (clock clk rise edge)        0.000     0.000 r  <hidden>
    E14                                               0.000     0.000 r  clk
                         net (fo=0)                   0.000     0.000    clk_IBUF_inst/I
    E14                  INBUF (Prop_INBUF_HDIOB_M_PAD_O)
                                                      0.815     0.815 r  clk_IBUF_inst/INBUF_INST/O
                         net (fo=1, routed)           0.000     0.815    clk_IBUF_inst/OUT
    E14                  IBUFCTRL (Prop_IBUFCTRL_HDIOB_M_I_O)
                                                      0.000     0.815 r  clk_IBUF_inst/IBUFCTRL_INST/O
                         net (fo=1, routed)           0.091     0.906    clk_IBUF
    BUFGCE_HDIO_X1Y4     BUFGCE (Prop_BUFCE_BUFGCE_HDIO_I_O)
                                                      0.017     0.923 r  clk_IBUF_BUFG_inst/O
    X1Y2 (CLOCK_ROOT)    net (fo=38, routed)          0.786     1.709    clk_IBUF_BUFG
    SLICE_X48Y146        FDRE                                         r  alu_in_reg[expon][8]/C
  -------------------------------------------------------------------    -------------------
    SLICE_X48Y146        FDRE (Prop_AFF2_SLICEL_C_Q)
                                                      0.040     1.749 r  alu_in_reg[expon][8]/Q
                         net (fo=1, routed)           0.492     2.241    alu_in[expon]_OBUF[8]
    G4                   OBUF (Prop_OUTBUF_HPIOB_S_I_O)
                                                      0.356     2.597 r  alu_in[expon][8]_INST_0/O
                         net (fo=0)                   0.000     2.597    alu_in[expon][8]
    G4                                                                r  alu_in[expon][8]
  -------------------------------------------------------------------    -------------------

Slack:                    inf
  Source:                 alu_in_reg[expon][3]/C
                            (rising edge-triggered cell FDRE clocked by clk  {rise@0.000ns fall@1.500ns period=3.000ns})
  Destination:            alu_in[expon][3]
                            (output port)
  Path Group:             (none)
  Path Type:              Min at Fast Process Corner
  Data Path Delay:        0.889ns  (logic 0.383ns (43.088%)  route 0.506ns (56.912%))
  Logic Levels:           1  (OBUF=1)
  Clock Uncertainty:      0.025ns  ((TSJ^2 + TIJ^2)^1/2 + DJ) / 2 + PE
    Total System Jitter     (TSJ):    0.050ns
    Total Input Jitter      (TIJ):    0.000ns
    Discrete Jitter          (DJ):    0.000ns
    Phase Error              (PE):    0.000ns
  Clock Net Delay (Source):      0.786ns (routing 0.339ns, distribution 0.447ns)

    Location             Delay type                Incr(ns)  Path(ns)    Netlist Resource(s)
  -------------------------------------------------------------------    -------------------
                         (clock clk rise edge)        0.000     0.000 r  <hidden>
    E14                                               0.000     0.000 r  clk
                         net (fo=0)                   0.000     0.000    clk_IBUF_inst/I
    E14                  INBUF (Prop_INBUF_HDIOB_M_PAD_O)
                                                      0.815     0.815 r  clk_IBUF_inst/INBUF_INST/O
                         net (fo=1, routed)           0.000     0.815    clk_IBUF_inst/OUT
    E14                  IBUFCTRL (Prop_IBUFCTRL_HDIOB_M_I_O)
                                                      0.000     0.815 r  clk_IBUF_inst/IBUFCTRL_INST/O
                         net (fo=1, routed)           0.091     0.906    clk_IBUF
    BUFGCE_HDIO_X1Y4     BUFGCE (Prop_BUFCE_BUFGCE_HDIO_I_O)
                                                      0.017     0.923 r  clk_IBUF_BUFG_inst/O
    X1Y2 (CLOCK_ROOT)    net (fo=38, routed)          0.786     1.709    clk_IBUF_BUFG
    SLICE_X48Y146        FDRE                                         r  alu_in_reg[expon][3]/C
  -------------------------------------------------------------------    -------------------
    SLICE_X48Y146        FDRE (Prop_BFF_SLICEL_C_Q)
                                                      0.039     1.748 r  alu_in_reg[expon][3]/Q
                         net (fo=1, routed)           0.506     2.254    alu_in[expon]_OBUF[3]
    J4                   OBUF (Prop_OUTBUF_HPIOB_M_I_O)
                                                      0.344     2.598 r  alu_in[expon][3]_INST_0/O
                         net (fo=0)                   0.000     2.598    alu_in[expon][3]
    J4                                                                r  alu_in[expon][3]
  -------------------------------------------------------------------    -------------------

Slack:                    inf
  Source:                 alu_in_reg[expon][6]/C
                            (rising edge-triggered cell FDRE clocked by clk  {rise@0.000ns fall@1.500ns period=3.000ns})
  Destination:            alu_in[expon][6]
                            (output port)
  Path Group:             (none)
  Path Type:              Min at Fast Process Corner
  Data Path Delay:        0.890ns  (logic 0.379ns (42.609%)  route 0.511ns (57.391%))
  Logic Levels:           1  (OBUF=1)
  Clock Uncertainty:      0.025ns  ((TSJ^2 + TIJ^2)^1/2 + DJ) / 2 + PE
    Total System Jitter     (TSJ):    0.050ns
    Total Input Jitter      (TIJ):    0.000ns
    Discrete Jitter          (DJ):    0.000ns
    Phase Error              (PE):    0.000ns
  Clock Net Delay (Source):      0.792ns (routing 0.339ns, distribution 0.453ns)

    Location             Delay type                Incr(ns)  Path(ns)    Netlist Resource(s)
  -------------------------------------------------------------------    -------------------
                         (clock clk rise edge)        0.000     0.000 r  <hidden>
    E14                                               0.000     0.000 r  clk
                         net (fo=0)                   0.000     0.000    clk_IBUF_inst/I
    E14                  INBUF (Prop_INBUF_HDIOB_M_PAD_O)
                                                      0.815     0.815 r  clk_IBUF_inst/INBUF_INST/O
                         net (fo=1, routed)           0.000     0.815    clk_IBUF_inst/OUT
    E14                  IBUFCTRL (Prop_IBUFCTRL_HDIOB_M_I_O)
                                                      0.000     0.815 r  clk_IBUF_inst/IBUFCTRL_INST/O
                         net (fo=1, routed)           0.091     0.906    clk_IBUF
    BUFGCE_HDIO_X1Y4     BUFGCE (Prop_BUFCE_BUFGCE_HDIO_I_O)
                                                      0.017     0.923 r  clk_IBUF_BUFG_inst/O
    X1Y2 (CLOCK_ROOT)    net (fo=38, routed)          0.792     1.715    clk_IBUF_BUFG
    SLICE_X49Y146        FDRE                                         r  alu_in_reg[expon][6]/C
  -------------------------------------------------------------------    -------------------
    SLICE_X49Y146        FDRE (Prop_BFF2_SLICEM_C_Q)
                                                      0.040     1.755 r  alu_in_reg[expon][6]/Q
                         net (fo=1, routed)           0.511     2.266    alu_in[expon]_OBUF[6]
    H6                   OBUF (Prop_OUTBUF_HPIOB_S_I_O)
                                                      0.339     2.605 r  alu_in[expon][6]_INST_0/O
                         net (fo=0)                   0.000     2.605    alu_in[expon][6]
    H6                                                                r  alu_in[expon][6]
  -------------------------------------------------------------------    -------------------





--------------------------------------------------------------------------------------
Path Group:  (none)
From Clock:  
  To Clock:  clk

Max Delay            16 Endpoints
Min Delay            16 Endpoints
--------------------------------------------------------------------------------------


Max Delay Paths
--------------------------------------------------------------------------------------
Slack:                    inf
  Source:                 mem_out[15]
                            (input port)
  Destination:            memreg_reg[15]/D
                            (rising edge-triggered cell FDRE clocked by clk  {rise@0.000ns fall@1.500ns period=3.000ns})
  Path Group:             (none)
  Path Type:              Setup (Max at Slow Process Corner)
  Data Path Delay:        1.620ns  (logic 0.504ns (31.125%)  route 1.116ns (68.875%))
  Logic Levels:           2  (IBUFCTRL=1 INBUF=1)
  Clock Path Skew:        2.259ns (DCD - SCD + CPR)
    Destination Clock Delay (DCD):    2.259ns
    Source Clock Delay      (SCD):    0.000ns
    Clock Pessimism Removal (CPR):    0.000ns
  Clock Uncertainty:      0.025ns  ((TSJ^2 + TIJ^2)^1/2 + DJ) / 2 + PE
    Total System Jitter     (TSJ):    0.050ns
    Total Input Jitter      (TIJ):    0.000ns
    Discrete Jitter          (DJ):    0.000ns
    Phase Error              (PE):    0.000ns
  Clock Net Delay (Destination): 1.251ns (routing 0.570ns, distribution 0.681ns)

    Location             Delay type                Incr(ns)  Path(ns)    Netlist Resource(s)
  -------------------------------------------------------------------    -------------------
    H1                                                0.000     0.000 r  mem_out[15]
                         net (fo=0)                   0.000     0.000    mem_out_IBUF[15]_inst/I
    H1                   INBUF (Prop_INBUF_HPIOB_M_PAD_O)
                                                      0.504     0.504 r  mem_out_IBUF[15]_inst/INBUF_INST/O
                         net (fo=1, routed)           0.000     0.504    mem_out_IBUF[15]_inst/OUT
    H1                   IBUFCTRL (Prop_IBUFCTRL_HPIOB_M_I_O)
                                                      0.000     0.504 r  mem_out_IBUF[15]_inst/IBUFCTRL_INST/O
                         net (fo=1, routed)           1.116     1.620    mem_out_IBUF[15]
    SLICE_X48Y143        FDRE                                         r  memreg_reg[15]/D
  -------------------------------------------------------------------    -------------------

                         (clock clk rise edge)        0.000     0.000 r  <hidden>
    E14                                               0.000     0.000 r  clk
                         net (fo=0)                   0.000     0.000    clk_IBUF_inst/I
    E14                  INBUF (Prop_INBUF_HDIOB_M_PAD_O)
                                                      0.815     0.815 r  clk_IBUF_inst/INBUF_INST/O
                         net (fo=1, routed)           0.000     0.815    clk_IBUF_inst/OUT
    E14                  IBUFCTRL (Prop_IBUFCTRL_HDIOB_M_I_O)
                                                      0.000     0.815 r  clk_IBUF_inst/IBUFCTRL_INST/O
                         net (fo=1, routed)           0.169     0.984    clk_IBUF
    BUFGCE_HDIO_X1Y4     BUFGCE (Prop_BUFCE_BUFGCE_HDIO_I_O)
                                                      0.024     1.008 r  clk_IBUF_BUFG_inst/O
    X1Y2 (CLOCK_ROOT)    net (fo=38, routed)          1.251     2.259    clk_IBUF_BUFG
    SLICE_X48Y143        FDRE                                         r  memreg_reg[15]/C

Slack:                    inf
  Source:                 mem_out[10]
                            (input port)
  Destination:            memreg_reg[10]/D
                            (rising edge-triggered cell FDRE clocked by clk  {rise@0.000ns fall@1.500ns period=3.000ns})
  Path Group:             (none)
  Path Type:              Setup (Max at Slow Process Corner)
  Data Path Delay:        1.614ns  (logic 0.531ns (32.897%)  route 1.083ns (67.103%))
  Logic Levels:           2  (IBUFCTRL=1 INBUF=1)
  Clock Path Skew:        2.266ns (DCD - SCD + CPR)
    Destination Clock Delay (DCD):    2.266ns
    Source Clock Delay      (SCD):    0.000ns
    Clock Pessimism Removal (CPR):    0.000ns
  Clock Uncertainty:      0.025ns  ((TSJ^2 + TIJ^2)^1/2 + DJ) / 2 + PE
    Total System Jitter     (TSJ):    0.050ns
    Total Input Jitter      (TIJ):    0.000ns
    Discrete Jitter          (DJ):    0.000ns
    Phase Error              (PE):    0.000ns
  Clock Net Delay (Destination): 1.258ns (routing 0.570ns, distribution 0.688ns)

    Location             Delay type                Incr(ns)  Path(ns)    Netlist Resource(s)
  -------------------------------------------------------------------    -------------------
    B1                                                0.000     0.000 r  mem_out[10]
                         net (fo=0)                   0.000     0.000    mem_out_IBUF[10]_inst/I
    B1                   INBUF (Prop_INBUF_HPIOB_S_PAD_O)
                                                      0.531     0.531 r  mem_out_IBUF[10]_inst/INBUF_INST/O
                         net (fo=1, routed)           0.000     0.531    mem_out_IBUF[10]_inst/OUT
    B1                   IBUFCTRL (Prop_IBUFCTRL_HPIOB_S_I_O)
                                                      0.000     0.531 r  mem_out_IBUF[10]_inst/IBUFCTRL_INST/O
                         net (fo=1, routed)           1.083     1.614    mem_out_IBUF[10]
    SLICE_X49Y145        FDRE                                         r  memreg_reg[10]/D
  -------------------------------------------------------------------    -------------------

                         (clock clk rise edge)        0.000     0.000 r  <hidden>
    E14                                               0.000     0.000 r  clk
                         net (fo=0)                   0.000     0.000    clk_IBUF_inst/I
    E14                  INBUF (Prop_INBUF_HDIOB_M_PAD_O)
                                                      0.815     0.815 r  clk_IBUF_inst/INBUF_INST/O
                         net (fo=1, routed)           0.000     0.815    clk_IBUF_inst/OUT
    E14                  IBUFCTRL (Prop_IBUFCTRL_HDIOB_M_I_O)
                                                      0.000     0.815 r  clk_IBUF_inst/IBUFCTRL_INST/O
                         net (fo=1, routed)           0.169     0.984    clk_IBUF
    BUFGCE_HDIO_X1Y4     BUFGCE (Prop_BUFCE_BUFGCE_HDIO_I_O)
                                                      0.024     1.008 r  clk_IBUF_BUFG_inst/O
    X1Y2 (CLOCK_ROOT)    net (fo=38, routed)          1.258     2.266    clk_IBUF_BUFG
    SLICE_X49Y145        FDRE                                         r  memreg_reg[10]/C

Slack:                    inf
  Source:                 mem_out[14]
                            (input port)
  Destination:            memreg_reg[14]/D
                            (rising edge-triggered cell FDRE clocked by clk  {rise@0.000ns fall@1.500ns period=3.000ns})
  Path Group:             (none)
  Path Type:              Setup (Max at Slow Process Corner)
  Data Path Delay:        1.600ns  (logic 0.500ns (31.255%)  route 1.100ns (68.745%))
  Logic Levels:           2  (IBUFCTRL=1 INBUF=1)
  Clock Path Skew:        2.264ns (DCD - SCD + CPR)
    Destination Clock Delay (DCD):    2.264ns
    Source Clock Delay      (SCD):    0.000ns
    Clock Pessimism Removal (CPR):    0.000ns
  Clock Uncertainty:      0.025ns  ((TSJ^2 + TIJ^2)^1/2 + DJ) / 2 + PE
    Total System Jitter     (TSJ):    0.050ns
    Total Input Jitter      (TIJ):    0.000ns
    Discrete Jitter          (DJ):    0.000ns
    Phase Error              (PE):    0.000ns
  Clock Net Delay (Destination): 1.256ns (routing 0.570ns, distribution 0.686ns)

    Location             Delay type                Incr(ns)  Path(ns)    Netlist Resource(s)
  -------------------------------------------------------------------    -------------------
    J1                                                0.000     0.000 r  mem_out[14]
                         net (fo=0)                   0.000     0.000    mem_out_IBUF[14]_inst/I
    J1                   INBUF (Prop_INBUF_HPIOB_S_PAD_O)
                                                      0.500     0.500 r  mem_out_IBUF[14]_inst/INBUF_INST/O
                         net (fo=1, routed)           0.000     0.500    mem_out_IBUF[14]_inst/OUT
    J1                   IBUFCTRL (Prop_IBUFCTRL_HPIOB_S_I_O)
                                                      0.000     0.500 r  mem_out_IBUF[14]_inst/IBUFCTRL_INST/O
                         net (fo=1, routed)           1.100     1.600    mem_out_IBUF[14]
    SLICE_X49Y143        FDRE                                         r  memreg_reg[14]/D
  -------------------------------------------------------------------    -------------------

                         (clock clk rise edge)        0.000     0.000 r  <hidden>
    E14                                               0.000     0.000 r  clk
                         net (fo=0)                   0.000     0.000    clk_IBUF_inst/I
    E14                  INBUF (Prop_INBUF_HDIOB_M_PAD_O)
                                                      0.815     0.815 r  clk_IBUF_inst/INBUF_INST/O
                         net (fo=1, routed)           0.000     0.815    clk_IBUF_inst/OUT
    E14                  IBUFCTRL (Prop_IBUFCTRL_HDIOB_M_I_O)
                                                      0.000     0.815 r  clk_IBUF_inst/IBUFCTRL_INST/O
                         net (fo=1, routed)           0.169     0.984    clk_IBUF
    BUFGCE_HDIO_X1Y4     BUFGCE (Prop_BUFCE_BUFGCE_HDIO_I_O)
                                                      0.024     1.008 r  clk_IBUF_BUFG_inst/O
    X1Y2 (CLOCK_ROOT)    net (fo=38, routed)          1.256     2.264    clk_IBUF_BUFG
    SLICE_X49Y143        FDRE                                         r  memreg_reg[14]/C

Slack:                    inf
  Source:                 mem_out[6]
                            (input port)
  Destination:            memreg_reg[6]/D
                            (rising edge-triggered cell FDRE clocked by clk  {rise@0.000ns fall@1.500ns period=3.000ns})
  Path Group:             (none)
  Path Type:              Setup (Max at Slow Process Corner)
  Data Path Delay:        1.587ns  (logic 0.528ns (33.275%)  route 1.059ns (66.725%))
  Logic Levels:           2  (IBUFCTRL=1 INBUF=1)
  Clock Path Skew:        2.266ns (DCD - SCD + CPR)
    Destination Clock Delay (DCD):    2.266ns
    Source Clock Delay      (SCD):    0.000ns
    Clock Pessimism Removal (CPR):    0.000ns
  Clock Uncertainty:      0.025ns  ((TSJ^2 + TIJ^2)^1/2 + DJ) / 2 + PE
    Total System Jitter     (TSJ):    0.050ns
    Total Input Jitter      (TIJ):    0.000ns
    Discrete Jitter          (DJ):    0.000ns
    Phase Error              (PE):    0.000ns
  Clock Net Delay (Destination): 1.258ns (routing 0.570ns, distribution 0.688ns)

    Location             Delay type                Incr(ns)  Path(ns)    Netlist Resource(s)
  -------------------------------------------------------------------    -------------------
    A2                                                0.000     0.000 r  mem_out[6]
                         net (fo=0)                   0.000     0.000    mem_out_IBUF[6]_inst/I
    A2                   INBUF (Prop_INBUF_HPIOB_S_PAD_O)
                                                      0.528     0.528 r  mem_out_IBUF[6]_inst/INBUF_INST/O
                         net (fo=1, routed)           0.000     0.528    mem_out_IBUF[6]_inst/OUT
    A2                   IBUFCTRL (Prop_IBUFCTRL_HPIOB_S_I_O)
                                                      0.000     0.528 r  mem_out_IBUF[6]_inst/IBUFCTRL_INST/O
                         net (fo=1, routed)           1.059     1.587    mem_out_IBUF[6]
    SLICE_X49Y145        FDRE                                         r  memreg_reg[6]/D
  -------------------------------------------------------------------    -------------------

                         (clock clk rise edge)        0.000     0.000 r  <hidden>
    E14                                               0.000     0.000 r  clk
                         net (fo=0)                   0.000     0.000    clk_IBUF_inst/I
    E14                  INBUF (Prop_INBUF_HDIOB_M_PAD_O)
                                                      0.815     0.815 r  clk_IBUF_inst/INBUF_INST/O
                         net (fo=1, routed)           0.000     0.815    clk_IBUF_inst/OUT
    E14                  IBUFCTRL (Prop_IBUFCTRL_HDIOB_M_I_O)
                                                      0.000     0.815 r  clk_IBUF_inst/IBUFCTRL_INST/O
                         net (fo=1, routed)           0.169     0.984    clk_IBUF
    BUFGCE_HDIO_X1Y4     BUFGCE (Prop_BUFCE_BUFGCE_HDIO_I_O)
                                                      0.024     1.008 r  clk_IBUF_BUFG_inst/O
    X1Y2 (CLOCK_ROOT)    net (fo=38, routed)          1.258     2.266    clk_IBUF_BUFG
    SLICE_X49Y145        FDRE                                         r  memreg_reg[6]/C

Slack:                    inf
  Source:                 mem_out[9]
                            (input port)
  Destination:            memreg_reg[9]/D
                            (rising edge-triggered cell FDRE clocked by clk  {rise@0.000ns fall@1.500ns period=3.000ns})
  Path Group:             (none)
  Path Type:              Setup (Max at Slow Process Corner)
  Data Path Delay:        1.572ns  (logic 0.532ns (33.846%)  route 1.040ns (66.154%))
  Logic Levels:           2  (IBUFCTRL=1 INBUF=1)
  Clock Path Skew:        2.266ns (DCD - SCD + CPR)
    Destination Clock Delay (DCD):    2.266ns
    Source Clock Delay      (SCD):    0.000ns
    Clock Pessimism Removal (CPR):    0.000ns
  Clock Uncertainty:      0.025ns  ((TSJ^2 + TIJ^2)^1/2 + DJ) / 2 + PE
    Total System Jitter     (TSJ):    0.050ns
    Total Input Jitter      (TIJ):    0.000ns
    Discrete Jitter          (DJ):    0.000ns
    Phase Error              (PE):    0.000ns
  Clock Net Delay (Destination): 1.258ns (routing 0.570ns, distribution 0.688ns)

    Location             Delay type                Incr(ns)  Path(ns)    Netlist Resource(s)
  -------------------------------------------------------------------    -------------------
    C1                                                0.000     0.000 r  mem_out[9]
                         net (fo=0)                   0.000     0.000    mem_out_IBUF[9]_inst/I
    C1                   INBUF (Prop_INBUF_HPIOB_M_PAD_O)
                                                      0.532     0.532 r  mem_out_IBUF[9]_inst/INBUF_INST/O
                         net (fo=1, routed)           0.000     0.532    mem_out_IBUF[9]_inst/OUT
    C1                   IBUFCTRL (Prop_IBUFCTRL_HPIOB_M_I_O)
                                                      0.000     0.532 r  mem_out_IBUF[9]_inst/IBUFCTRL_INST/O
                         net (fo=1, routed)           1.040     1.572    mem_out_IBUF[9]
    SLICE_X49Y145        FDRE                                         r  memreg_reg[9]/D
  -------------------------------------------------------------------    -------------------

                         (clock clk rise edge)        0.000     0.000 r  <hidden>
    E14                                               0.000     0.000 r  clk
                         net (fo=0)                   0.000     0.000    clk_IBUF_inst/I
    E14                  INBUF (Prop_INBUF_HDIOB_M_PAD_O)
                                                      0.815     0.815 r  clk_IBUF_inst/INBUF_INST/O
                         net (fo=1, routed)           0.000     0.815    clk_IBUF_inst/OUT
    E14                  IBUFCTRL (Prop_IBUFCTRL_HDIOB_M_I_O)
                                                      0.000     0.815 r  clk_IBUF_inst/IBUFCTRL_INST/O
                         net (fo=1, routed)           0.169     0.984    clk_IBUF
    BUFGCE_HDIO_X1Y4     BUFGCE (Prop_BUFCE_BUFGCE_HDIO_I_O)
                                                      0.024     1.008 r  clk_IBUF_BUFG_inst/O
    X1Y2 (CLOCK_ROOT)    net (fo=38, routed)          1.258     2.266    clk_IBUF_BUFG
    SLICE_X49Y145        FDRE                                         r  memreg_reg[9]/C

Slack:                    inf
  Source:                 mem_out[8]
                            (input port)
  Destination:            memreg_reg[8]/D
                            (rising edge-triggered cell FDRE clocked by clk  {rise@0.000ns fall@1.500ns period=3.000ns})
  Path Group:             (none)
  Path Type:              Setup (Max at Slow Process Corner)
  Data Path Delay:        1.572ns  (logic 0.520ns (33.063%)  route 1.052ns (66.937%))
  Logic Levels:           2  (IBUFCTRL=1 INBUF=1)
  Clock Path Skew:        2.266ns (DCD - SCD + CPR)
    Destination Clock Delay (DCD):    2.266ns
    Source Clock Delay      (SCD):    0.000ns
    Clock Pessimism Removal (CPR):    0.000ns
  Clock Uncertainty:      0.025ns  ((TSJ^2 + TIJ^2)^1/2 + DJ) / 2 + PE
    Total System Jitter     (TSJ):    0.050ns
    Total Input Jitter      (TIJ):    0.000ns
    Discrete Jitter          (DJ):    0.000ns
    Phase Error              (PE):    0.000ns
  Clock Net Delay (Destination): 1.258ns (routing 0.570ns, distribution 0.688ns)

    Location             Delay type                Incr(ns)  Path(ns)    Netlist Resource(s)
  -------------------------------------------------------------------    -------------------
    D1                                                0.000     0.000 r  mem_out[8]
                         net (fo=0)                   0.000     0.000    mem_out_IBUF[8]_inst/I
    D1                   INBUF (Prop_INBUF_HPIOB_S_PAD_O)
                                                      0.520     0.520 r  mem_out_IBUF[8]_inst/INBUF_INST/O
                         net (fo=1, routed)           0.000     0.520    mem_out_IBUF[8]_inst/OUT
    D1                   IBUFCTRL (Prop_IBUFCTRL_HPIOB_S_I_O)
                                                      0.000     0.520 r  mem_out_IBUF[8]_inst/IBUFCTRL_INST/O
                         net (fo=1, routed)           1.052     1.572    mem_out_IBUF[8]
    SLICE_X49Y145        FDRE                                         r  memreg_reg[8]/D
  -------------------------------------------------------------------    -------------------

                         (clock clk rise edge)        0.000     0.000 r  <hidden>
    E14                                               0.000     0.000 r  clk
                         net (fo=0)                   0.000     0.000    clk_IBUF_inst/I
    E14                  INBUF (Prop_INBUF_HDIOB_M_PAD_O)
                                                      0.815     0.815 r  clk_IBUF_inst/INBUF_INST/O
                         net (fo=1, routed)           0.000     0.815    clk_IBUF_inst/OUT
    E14                  IBUFCTRL (Prop_IBUFCTRL_HDIOB_M_I_O)
                                                      0.000     0.815 r  clk_IBUF_inst/IBUFCTRL_INST/O
                         net (fo=1, routed)           0.169     0.984    clk_IBUF
    BUFGCE_HDIO_X1Y4     BUFGCE (Prop_BUFCE_BUFGCE_HDIO_I_O)
                                                      0.024     1.008 r  clk_IBUF_BUFG_inst/O
    X1Y2 (CLOCK_ROOT)    net (fo=38, routed)          1.258     2.266    clk_IBUF_BUFG
    SLICE_X49Y145        FDRE                                         r  memreg_reg[8]/C

Slack:                    inf
  Source:                 mem_out[12]
                            (input port)
  Destination:            memreg_reg[12]/D
                            (rising edge-triggered cell FDRE clocked by clk  {rise@0.000ns fall@1.500ns period=3.000ns})
  Path Group:             (none)
  Path Type:              Setup (Max at Slow Process Corner)
  Data Path Delay:        1.543ns  (logic 0.501ns (32.448%)  route 1.042ns (67.552%))
  Logic Levels:           2  (IBUFCTRL=1 INBUF=1)
  Clock Path Skew:        2.259ns (DCD - SCD + CPR)
    Destination Clock Delay (DCD):    2.259ns
    Source Clock Delay      (SCD):    0.000ns
    Clock Pessimism Removal (CPR):    0.000ns
  Clock Uncertainty:      0.025ns  ((TSJ^2 + TIJ^2)^1/2 + DJ) / 2 + PE
    Total System Jitter     (TSJ):    0.050ns
    Total Input Jitter      (TIJ):    0.000ns
    Discrete Jitter          (DJ):    0.000ns
    Phase Error              (PE):    0.000ns
  Clock Net Delay (Destination): 1.251ns (routing 0.570ns, distribution 0.681ns)

    Location             Delay type                Incr(ns)  Path(ns)    Netlist Resource(s)
  -------------------------------------------------------------------    -------------------
    K2                                                0.000     0.000 r  mem_out[12]
                         net (fo=0)                   0.000     0.000    mem_out_IBUF[12]_inst/I
    K2                   INBUF (Prop_INBUF_HPIOB_S_PAD_O)
                                                      0.501     0.501 r  mem_out_IBUF[12]_inst/INBUF_INST/O
                         net (fo=1, routed)           0.000     0.501    mem_out_IBUF[12]_inst/OUT
    K2                   IBUFCTRL (Prop_IBUFCTRL_HPIOB_S_I_O)
                                                      0.000     0.501 r  mem_out_IBUF[12]_inst/IBUFCTRL_INST/O
                         net (fo=1, routed)           1.042     1.543    mem_out_IBUF[12]
    SLICE_X48Y143        FDRE                                         r  memreg_reg[12]/D
  -------------------------------------------------------------------    -------------------

                         (clock clk rise edge)        0.000     0.000 r  <hidden>
    E14                                               0.000     0.000 r  clk
                         net (fo=0)                   0.000     0.000    clk_IBUF_inst/I
    E14                  INBUF (Prop_INBUF_HDIOB_M_PAD_O)
                                                      0.815     0.815 r  clk_IBUF_inst/INBUF_INST/O
                         net (fo=1, routed)           0.000     0.815    clk_IBUF_inst/OUT
    E14                  IBUFCTRL (Prop_IBUFCTRL_HDIOB_M_I_O)
                                                      0.000     0.815 r  clk_IBUF_inst/IBUFCTRL_INST/O
                         net (fo=1, routed)           0.169     0.984    clk_IBUF
    BUFGCE_HDIO_X1Y4     BUFGCE (Prop_BUFCE_BUFGCE_HDIO_I_O)
                                                      0.024     1.008 r  clk_IBUF_BUFG_inst/O
    X1Y2 (CLOCK_ROOT)    net (fo=38, routed)          1.251     2.259    clk_IBUF_BUFG
    SLICE_X48Y143        FDRE                                         r  memreg_reg[12]/C

Slack:                    inf
  Source:                 mem_out[13]
                            (input port)
  Destination:            memreg_reg[13]/D
                            (rising edge-triggered cell FDRE clocked by clk  {rise@0.000ns fall@1.500ns period=3.000ns})
  Path Group:             (none)
  Path Type:              Setup (Max at Slow Process Corner)
  Data Path Delay:        1.539ns  (logic 0.504ns (32.754%)  route 1.035ns (67.246%))
  Logic Levels:           2  (IBUFCTRL=1 INBUF=1)
  Clock Path Skew:        2.259ns (DCD - SCD + CPR)
    Destination Clock Delay (DCD):    2.259ns
    Source Clock Delay      (SCD):    0.000ns
    Clock Pessimism Removal (CPR):    0.000ns
  Clock Uncertainty:      0.025ns  ((TSJ^2 + TIJ^2)^1/2 + DJ) / 2 + PE
    Total System Jitter     (TSJ):    0.050ns
    Total Input Jitter      (TIJ):    0.000ns
    Discrete Jitter          (DJ):    0.000ns
    Phase Error              (PE):    0.000ns
  Clock Net Delay (Destination): 1.251ns (routing 0.570ns, distribution 0.681ns)

    Location             Delay type                Incr(ns)  Path(ns)    Netlist Resource(s)
  -------------------------------------------------------------------    -------------------
    J2                                                0.000     0.000 r  mem_out[13]
                         net (fo=0)                   0.000     0.000    mem_out_IBUF[13]_inst/I
    J2                   INBUF (Prop_INBUF_HPIOB_M_PAD_O)
                                                      0.504     0.504 r  mem_out_IBUF[13]_inst/INBUF_INST/O
                         net (fo=1, routed)           0.000     0.504    mem_out_IBUF[13]_inst/OUT
    J2                   IBUFCTRL (Prop_IBUFCTRL_HPIOB_M_I_O)
                                                      0.000     0.504 r  mem_out_IBUF[13]_inst/IBUFCTRL_INST/O
                         net (fo=1, routed)           1.035     1.539    mem_out_IBUF[13]
    SLICE_X48Y143        FDRE                                         r  memreg_reg[13]/D
  -------------------------------------------------------------------    -------------------

                         (clock clk rise edge)        0.000     0.000 r  <hidden>
    E14                                               0.000     0.000 r  clk
                         net (fo=0)                   0.000     0.000    clk_IBUF_inst/I
    E14                  INBUF (Prop_INBUF_HDIOB_M_PAD_O)
                                                      0.815     0.815 r  clk_IBUF_inst/INBUF_INST/O
                         net (fo=1, routed)           0.000     0.815    clk_IBUF_inst/OUT
    E14                  IBUFCTRL (Prop_IBUFCTRL_HDIOB_M_I_O)
                                                      0.000     0.815 r  clk_IBUF_inst/IBUFCTRL_INST/O
                         net (fo=1, routed)           0.169     0.984    clk_IBUF
    BUFGCE_HDIO_X1Y4     BUFGCE (Prop_BUFCE_BUFGCE_HDIO_I_O)
                                                      0.024     1.008 r  clk_IBUF_BUFG_inst/O
    X1Y2 (CLOCK_ROOT)    net (fo=38, routed)          1.251     2.259    clk_IBUF_BUFG
    SLICE_X48Y143        FDRE                                         r  memreg_reg[13]/C

Slack:                    inf
  Source:                 mem_out[7]
                            (input port)
  Destination:            memreg_reg[7]/D
                            (rising edge-triggered cell FDRE clocked by clk  {rise@0.000ns fall@1.500ns period=3.000ns})
  Path Group:             (none)
  Path Type:              Setup (Max at Slow Process Corner)
  Data Path Delay:        1.539ns  (logic 0.519ns (33.704%)  route 1.020ns (66.296%))
  Logic Levels:           2  (IBUFCTRL=1 INBUF=1)
  Clock Path Skew:        2.261ns (DCD - SCD + CPR)
    Destination Clock Delay (DCD):    2.261ns
    Source Clock Delay      (SCD):    0.000ns
    Clock Pessimism Removal (CPR):    0.000ns
  Clock Uncertainty:      0.025ns  ((TSJ^2 + TIJ^2)^1/2 + DJ) / 2 + PE
    Total System Jitter     (TSJ):    0.050ns
    Total Input Jitter      (TIJ):    0.000ns
    Discrete Jitter          (DJ):    0.000ns
    Phase Error              (PE):    0.000ns
  Clock Net Delay (Destination): 1.253ns (routing 0.570ns, distribution 0.683ns)

    Location             Delay type                Incr(ns)  Path(ns)    Netlist Resource(s)
  -------------------------------------------------------------------    -------------------
    D2                                                0.000     0.000 r  mem_out[7]
                         net (fo=0)                   0.000     0.000    mem_out_IBUF[7]_inst/I
    D2                   INBUF (Prop_INBUF_HPIOB_M_PAD_O)
                                                      0.519     0.519 r  mem_out_IBUF[7]_inst/INBUF_INST/O
                         net (fo=1, routed)           0.000     0.519    mem_out_IBUF[7]_inst/OUT
    D2                   IBUFCTRL (Prop_IBUFCTRL_HPIOB_M_I_O)
                                                      0.000     0.519 r  mem_out_IBUF[7]_inst/IBUFCTRL_INST/O
                         net (fo=1, routed)           1.020     1.539    mem_out_IBUF[7]
    SLICE_X48Y145        FDRE                                         r  memreg_reg[7]/D
  -------------------------------------------------------------------    -------------------

                         (clock clk rise edge)        0.000     0.000 r  <hidden>
    E14                                               0.000     0.000 r  clk
                         net (fo=0)                   0.000     0.000    clk_IBUF_inst/I
    E14                  INBUF (Prop_INBUF_HDIOB_M_PAD_O)
                                                      0.815     0.815 r  clk_IBUF_inst/INBUF_INST/O
                         net (fo=1, routed)           0.000     0.815    clk_IBUF_inst/OUT
    E14                  IBUFCTRL (Prop_IBUFCTRL_HDIOB_M_I_O)
                                                      0.000     0.815 r  clk_IBUF_inst/IBUFCTRL_INST/O
                         net (fo=1, routed)           0.169     0.984    clk_IBUF
    BUFGCE_HDIO_X1Y4     BUFGCE (Prop_BUFCE_BUFGCE_HDIO_I_O)
                                                      0.024     1.008 r  clk_IBUF_BUFG_inst/O
    X1Y2 (CLOCK_ROOT)    net (fo=38, routed)          1.253     2.261    clk_IBUF_BUFG
    SLICE_X48Y145        FDRE                                         r  memreg_reg[7]/C

Slack:                    inf
  Source:                 mem_out[11]
                            (input port)
  Destination:            memreg_reg[11]/D
                            (rising edge-triggered cell FDRE clocked by clk  {rise@0.000ns fall@1.500ns period=3.000ns})
  Path Group:             (none)
  Path Type:              Setup (Max at Slow Process Corner)
  Data Path Delay:        1.531ns  (logic 0.501ns (32.702%)  route 1.030ns (67.298%))
  Logic Levels:           2  (IBUFCTRL=1 INBUF=1)
  Clock Path Skew:        2.266ns (DCD - SCD + CPR)
    Destination Clock Delay (DCD):    2.266ns
    Source Clock Delay      (SCD):    0.000ns
    Clock Pessimism Removal (CPR):    0.000ns
  Clock Uncertainty:      0.025ns  ((TSJ^2 + TIJ^2)^1/2 + DJ) / 2 + PE
    Total System Jitter     (TSJ):    0.050ns
    Total Input Jitter      (TIJ):    0.000ns
    Discrete Jitter          (DJ):    0.000ns
    Phase Error              (PE):    0.000ns
  Clock Net Delay (Destination): 1.258ns (routing 0.570ns, distribution 0.688ns)

    Location             Delay type                Incr(ns)  Path(ns)    Netlist Resource(s)
  -------------------------------------------------------------------    -------------------
    K3                                                0.000     0.000 r  mem_out[11]
                         net (fo=0)                   0.000     0.000    mem_out_IBUF[11]_inst/I
    K3                   INBUF (Prop_INBUF_HPIOB_M_PAD_O)
                                                      0.501     0.501 r  mem_out_IBUF[11]_inst/INBUF_INST/O
                         net (fo=1, routed)           0.000     0.501    mem_out_IBUF[11]_inst/OUT
    K3                   IBUFCTRL (Prop_IBUFCTRL_HPIOB_M_I_O)
                                                      0.000     0.501 r  mem_out_IBUF[11]_inst/IBUFCTRL_INST/O
                         net (fo=1, routed)           1.030     1.531    mem_out_IBUF[11]
    SLICE_X49Y145        FDRE                                         r  memreg_reg[11]/D
  -------------------------------------------------------------------    -------------------

                         (clock clk rise edge)        0.000     0.000 r  <hidden>
    E14                                               0.000     0.000 r  clk
                         net (fo=0)                   0.000     0.000    clk_IBUF_inst/I
    E14                  INBUF (Prop_INBUF_HDIOB_M_PAD_O)
                                                      0.815     0.815 r  clk_IBUF_inst/INBUF_INST/O
                         net (fo=1, routed)           0.000     0.815    clk_IBUF_inst/OUT
    E14                  IBUFCTRL (Prop_IBUFCTRL_HDIOB_M_I_O)
                                                      0.000     0.815 r  clk_IBUF_inst/IBUFCTRL_INST/O
                         net (fo=1, routed)           0.169     0.984    clk_IBUF
    BUFGCE_HDIO_X1Y4     BUFGCE (Prop_BUFCE_BUFGCE_HDIO_I_O)
                                                      0.024     1.008 r  clk_IBUF_BUFG_inst/O
    X1Y2 (CLOCK_ROOT)    net (fo=38, routed)          1.258     2.266    clk_IBUF_BUFG
    SLICE_X49Y145        FDRE                                         r  memreg_reg[11]/C





Min Delay Paths
--------------------------------------------------------------------------------------
Slack:                    inf
  Source:                 mem_out[1]
                            (input port)
  Destination:            memreg_reg[1]/D
                            (rising edge-triggered cell FDRE clocked by clk  {rise@0.000ns fall@1.500ns period=3.000ns})
  Path Group:             (none)
  Path Type:              Hold (Min at Fast Process Corner)
  Data Path Delay:        0.500ns  (logic 0.148ns (29.550%)  route 0.352ns (70.450%))
  Logic Levels:           2  (IBUFCTRL=1 INBUF=1)
  Clock Path Skew:        2.083ns (DCD - SCD - CPR)
    Destination Clock Delay (DCD):    2.083ns
    Source Clock Delay      (SCD):    0.000ns
    Clock Pessimism Removal (CPR):    -0.000ns
  Clock Net Delay (Destination): 0.892ns (routing 0.373ns, distribution 0.519ns)

    Location             Delay type                Incr(ns)  Path(ns)    Netlist Resource(s)
  -------------------------------------------------------------------    -------------------
    C4                                                0.000     0.000 r  mem_out[1]
                         net (fo=0)                   0.000     0.000    mem_out_IBUF[1]_inst/I
    C4                   INBUF (Prop_INBUF_HPIOB_M_PAD_O)
                                                      0.148     0.148 r  mem_out_IBUF[1]_inst/INBUF_INST/O
                         net (fo=1, routed)           0.000     0.148    mem_out_IBUF[1]_inst/OUT
    C4                   IBUFCTRL (Prop_IBUFCTRL_HPIOB_M_I_O)
                                                      0.000     0.148 r  mem_out_IBUF[1]_inst/IBUFCTRL_INST/O
                         net (fo=1, routed)           0.352     0.500    mem_out_IBUF[1]
    SLICE_X48Y145        FDRE                                         r  memreg_reg[1]/D
  -------------------------------------------------------------------    -------------------

                         (clock clk rise edge)        0.000     0.000 r  <hidden>
    E14                                               0.000     0.000 r  clk
                         net (fo=0)                   0.000     0.000    clk_IBUF_inst/I
    E14                  INBUF (Prop_INBUF_HDIOB_M_PAD_O)
                                                      1.059     1.059 r  clk_IBUF_inst/INBUF_INST/O
                         net (fo=1, routed)           0.000     1.059    clk_IBUF_inst/OUT
    E14                  IBUFCTRL (Prop_IBUFCTRL_HDIOB_M_I_O)
                                                      0.000     1.059 r  clk_IBUF_inst/IBUFCTRL_INST/O
                         net (fo=1, routed)           0.113     1.172    clk_IBUF
    BUFGCE_HDIO_X1Y4     BUFGCE (Prop_BUFCE_BUFGCE_HDIO_I_O)
                                                      0.019     1.191 r  clk_IBUF_BUFG_inst/O
    X1Y2 (CLOCK_ROOT)    net (fo=38, routed)          0.892     2.083    clk_IBUF_BUFG
    SLICE_X48Y145        FDRE                                         r  memreg_reg[1]/C

Slack:                    inf
  Source:                 mem_out[0]
                            (input port)
  Destination:            memreg_reg[0]/D
                            (rising edge-triggered cell FDRE clocked by clk  {rise@0.000ns fall@1.500ns period=3.000ns})
  Path Group:             (none)
  Path Type:              Hold (Min at Fast Process Corner)
  Data Path Delay:        0.516ns  (logic 0.141ns (27.360%)  route 0.375ns (72.640%))
  Logic Levels:           2  (IBUFCTRL=1 INBUF=1)
  Clock Path Skew:        2.079ns (DCD - SCD - CPR)
    Destination Clock Delay (DCD):    2.079ns
    Source Clock Delay      (SCD):    0.000ns
    Clock Pessimism Removal (CPR):    -0.000ns
  Clock Net Delay (Destination): 0.888ns (routing 0.373ns, distribution 0.515ns)

    Location             Delay type                Incr(ns)  Path(ns)    Netlist Resource(s)
  -------------------------------------------------------------------    -------------------
    E3                                                0.000     0.000 r  mem_out[0]
                         net (fo=0)                   0.000     0.000    mem_out_IBUF[0]_inst/I
    E3                   INBUF (Prop_INBUF_HPIOB_S_PAD_O)
                                                      0.141     0.141 r  mem_out_IBUF[0]_inst/INBUF_INST/O
                         net (fo=1, routed)           0.000     0.141    mem_out_IBUF[0]_inst/OUT
    E3                   IBUFCTRL (Prop_IBUFCTRL_HPIOB_S_I_O)
                                                      0.000     0.141 r  mem_out_IBUF[0]_inst/IBUFCTRL_INST/O
                         net (fo=1, routed)           0.375     0.516    mem_out_IBUF[0]
    SLICE_X48Y146        FDRE                                         r  memreg_reg[0]/D
  -------------------------------------------------------------------    -------------------

                         (clock clk rise edge)        0.000     0.000 r  <hidden>
    E14                                               0.000     0.000 r  clk
                         net (fo=0)                   0.000     0.000    clk_IBUF_inst/I
    E14                  INBUF (Prop_INBUF_HDIOB_M_PAD_O)
                                                      1.059     1.059 r  clk_IBUF_inst/INBUF_INST/O
                         net (fo=1, routed)           0.000     1.059    clk_IBUF_inst/OUT
    E14                  IBUFCTRL (Prop_IBUFCTRL_HDIOB_M_I_O)
                                                      0.000     1.059 r  clk_IBUF_inst/IBUFCTRL_INST/O
                         net (fo=1, routed)           0.113     1.172    clk_IBUF
    BUFGCE_HDIO_X1Y4     BUFGCE (Prop_BUFCE_BUFGCE_HDIO_I_O)
                                                      0.019     1.191 r  clk_IBUF_BUFG_inst/O
    X1Y2 (CLOCK_ROOT)    net (fo=38, routed)          0.888     2.079    clk_IBUF_BUFG
    SLICE_X48Y146        FDRE                                         r  memreg_reg[0]/C

Slack:                    inf
  Source:                 mem_out[4]
                            (input port)
  Destination:            memreg_reg[4]/D
                            (rising edge-triggered cell FDRE clocked by clk  {rise@0.000ns fall@1.500ns period=3.000ns})
  Path Group:             (none)
  Path Type:              Hold (Min at Fast Process Corner)
  Data Path Delay:        0.522ns  (logic 0.159ns (30.456%)  route 0.363ns (69.544%))
  Logic Levels:           2  (IBUFCTRL=1 INBUF=1)
  Clock Path Skew:        2.086ns (DCD - SCD - CPR)
    Destination Clock Delay (DCD):    2.086ns
    Source Clock Delay      (SCD):    0.000ns
    Clock Pessimism Removal (CPR):    -0.000ns
  Clock Net Delay (Destination): 0.895ns (routing 0.373ns, distribution 0.522ns)

    Location             Delay type                Incr(ns)  Path(ns)    Netlist Resource(s)
  -------------------------------------------------------------------    -------------------
    B3                                                0.000     0.000 r  mem_out[4]
                         net (fo=0)                   0.000     0.000    mem_out_IBUF[4]_inst/I
    B3                   INBUF (Prop_INBUF_HPIOB_S_PAD_O)
                                                      0.159     0.159 r  mem_out_IBUF[4]_inst/INBUF_INST/O
                         net (fo=1, routed)           0.000     0.159    mem_out_IBUF[4]_inst/OUT
    B3                   IBUFCTRL (Prop_IBUFCTRL_HPIOB_S_I_O)
                                                      0.000     0.159 r  mem_out_IBUF[4]_inst/IBUFCTRL_INST/O
                         net (fo=1, routed)           0.363     0.522    mem_out_IBUF[4]
    SLICE_X49Y145        FDRE                                         r  memreg_reg[4]/D
  -------------------------------------------------------------------    -------------------

                         (clock clk rise edge)        0.000     0.000 r  <hidden>
    E14                                               0.000     0.000 r  clk
                         net (fo=0)                   0.000     0.000    clk_IBUF_inst/I
    E14                  INBUF (Prop_INBUF_HDIOB_M_PAD_O)
                                                      1.059     1.059 r  clk_IBUF_inst/INBUF_INST/O
                         net (fo=1, routed)           0.000     1.059    clk_IBUF_inst/OUT
    E14                  IBUFCTRL (Prop_IBUFCTRL_HDIOB_M_I_O)
                                                      0.000     1.059 r  clk_IBUF_inst/IBUFCTRL_INST/O
                         net (fo=1, routed)           0.113     1.172    clk_IBUF
    BUFGCE_HDIO_X1Y4     BUFGCE (Prop_BUFCE_BUFGCE_HDIO_I_O)
                                                      0.019     1.191 r  clk_IBUF_BUFG_inst/O
    X1Y2 (CLOCK_ROOT)    net (fo=38, routed)          0.895     2.086    clk_IBUF_BUFG
    SLICE_X49Y145        FDRE                                         r  memreg_reg[4]/C

Slack:                    inf
  Source:                 mem_out[2]
                            (input port)
  Destination:            memreg_reg[2]/D
                            (rising edge-triggered cell FDRE clocked by clk  {rise@0.000ns fall@1.500ns period=3.000ns})
  Path Group:             (none)
  Path Type:              Hold (Min at Fast Process Corner)
  Data Path Delay:        0.529ns  (logic 0.148ns (27.934%)  route 0.381ns (72.066%))
  Logic Levels:           2  (IBUFCTRL=1 INBUF=1)
  Clock Path Skew:        2.079ns (DCD - SCD - CPR)
    Destination Clock Delay (DCD):    2.079ns
    Source Clock Delay      (SCD):    0.000ns
    Clock Pessimism Removal (CPR):    -0.000ns
  Clock Net Delay (Destination): 0.888ns (routing 0.373ns, distribution 0.515ns)

    Location             Delay type                Incr(ns)  Path(ns)    Netlist Resource(s)
  -------------------------------------------------------------------    -------------------
    C3                                                0.000     0.000 r  mem_out[2]
                         net (fo=0)                   0.000     0.000    mem_out_IBUF[2]_inst/I
    C3                   INBUF (Prop_INBUF_HPIOB_S_PAD_O)
                                                      0.148     0.148 r  mem_out_IBUF[2]_inst/INBUF_INST/O
                         net (fo=1, routed)           0.000     0.148    mem_out_IBUF[2]_inst/OUT
    C3                   IBUFCTRL (Prop_IBUFCTRL_HPIOB_S_I_O)
                                                      0.000     0.148 r  mem_out_IBUF[2]_inst/IBUFCTRL_INST/O
                         net (fo=1, routed)           0.381     0.529    mem_out_IBUF[2]
    SLICE_X48Y146        FDRE                                         r  memreg_reg[2]/D
  -------------------------------------------------------------------    -------------------

                         (clock clk rise edge)        0.000     0.000 r  <hidden>
    E14                                               0.000     0.000 r  clk
                         net (fo=0)                   0.000     0.000    clk_IBUF_inst/I
    E14                  INBUF (Prop_INBUF_HDIOB_M_PAD_O)
                                                      1.059     1.059 r  clk_IBUF_inst/INBUF_INST/O
                         net (fo=1, routed)           0.000     1.059    clk_IBUF_inst/OUT
    E14                  IBUFCTRL (Prop_IBUFCTRL_HDIOB_M_I_O)
                                                      0.000     1.059 r  clk_IBUF_inst/IBUFCTRL_INST/O
                         net (fo=1, routed)           0.113     1.172    clk_IBUF
    BUFGCE_HDIO_X1Y4     BUFGCE (Prop_BUFCE_BUFGCE_HDIO_I_O)
                                                      0.019     1.191 r  clk_IBUF_BUFG_inst/O
    X1Y2 (CLOCK_ROOT)    net (fo=38, routed)          0.888     2.079    clk_IBUF_BUFG
    SLICE_X48Y146        FDRE                                         r  memreg_reg[2]/C

Slack:                    inf
  Source:                 mem_out[3]
                            (input port)
  Destination:            memreg_reg[3]/D
                            (rising edge-triggered cell FDRE clocked by clk  {rise@0.000ns fall@1.500ns period=3.000ns})
  Path Group:             (none)
  Path Type:              Hold (Min at Fast Process Corner)
  Data Path Delay:        0.539ns  (logic 0.159ns (29.487%)  route 0.380ns (70.513%))
  Logic Levels:           2  (IBUFCTRL=1 INBUF=1)
  Clock Path Skew:        2.083ns (DCD - SCD - CPR)
    Destination Clock Delay (DCD):    2.083ns
    Source Clock Delay      (SCD):    0.000ns
    Clock Pessimism Removal (CPR):    -0.000ns
  Clock Net Delay (Destination): 0.892ns (routing 0.373ns, distribution 0.519ns)

    Location             Delay type                Incr(ns)  Path(ns)    Netlist Resource(s)
  -------------------------------------------------------------------    -------------------
    B4                                                0.000     0.000 r  mem_out[3]
                         net (fo=0)                   0.000     0.000    mem_out_IBUF[3]_inst/I
    B4                   INBUF (Prop_INBUF_HPIOB_M_PAD_O)
                                                      0.159     0.159 r  mem_out_IBUF[3]_inst/INBUF_INST/O
                         net (fo=1, routed)           0.000     0.159    mem_out_IBUF[3]_inst/OUT
    B4                   IBUFCTRL (Prop_IBUFCTRL_HPIOB_M_I_O)
                                                      0.000     0.159 r  mem_out_IBUF[3]_inst/IBUFCTRL_INST/O
                         net (fo=1, routed)           0.380     0.539    mem_out_IBUF[3]
    SLICE_X48Y145        FDRE                                         r  memreg_reg[3]/D
  -------------------------------------------------------------------    -------------------

                         (clock clk rise edge)        0.000     0.000 r  <hidden>
    E14                                               0.000     0.000 r  clk
                         net (fo=0)                   0.000     0.000    clk_IBUF_inst/I
    E14                  INBUF (Prop_INBUF_HDIOB_M_PAD_O)
                                                      1.059     1.059 r  clk_IBUF_inst/INBUF_INST/O
                         net (fo=1, routed)           0.000     1.059    clk_IBUF_inst/OUT
    E14                  IBUFCTRL (Prop_IBUFCTRL_HDIOB_M_I_O)
                                                      0.000     1.059 r  clk_IBUF_inst/IBUFCTRL_INST/O
                         net (fo=1, routed)           0.113     1.172    clk_IBUF
    BUFGCE_HDIO_X1Y4     BUFGCE (Prop_BUFCE_BUFGCE_HDIO_I_O)
                                                      0.019     1.191 r  clk_IBUF_BUFG_inst/O
    X1Y2 (CLOCK_ROOT)    net (fo=38, routed)          0.892     2.083    clk_IBUF_BUFG
    SLICE_X48Y145        FDRE                                         r  memreg_reg[3]/C

Slack:                    inf
  Source:                 mem_out[11]
                            (input port)
  Destination:            memreg_reg[11]/D
                            (rising edge-triggered cell FDRE clocked by clk  {rise@0.000ns fall@1.500ns period=3.000ns})
  Path Group:             (none)
  Path Type:              Hold (Min at Fast Process Corner)
  Data Path Delay:        0.547ns  (logic 0.136ns (24.821%)  route 0.411ns (75.179%))
  Logic Levels:           2  (IBUFCTRL=1 INBUF=1)
  Clock Path Skew:        2.086ns (DCD - SCD - CPR)
    Destination Clock Delay (DCD):    2.086ns
    Source Clock Delay      (SCD):    0.000ns
    Clock Pessimism Removal (CPR):    -0.000ns
  Clock Net Delay (Destination): 0.895ns (routing 0.373ns, distribution 0.522ns)

    Location             Delay type                Incr(ns)  Path(ns)    Netlist Resource(s)
  -------------------------------------------------------------------    -------------------
    K3                                                0.000     0.000 r  mem_out[11]
                         net (fo=0)                   0.000     0.000    mem_out_IBUF[11]_inst/I
    K3                   INBUF (Prop_INBUF_HPIOB_M_PAD_O)
                                                      0.136     0.136 r  mem_out_IBUF[11]_inst/INBUF_INST/O
                         net (fo=1, routed)           0.000     0.136    mem_out_IBUF[11]_inst/OUT
    K3                   IBUFCTRL (Prop_IBUFCTRL_HPIOB_M_I_O)
                                                      0.000     0.136 r  mem_out_IBUF[11]_inst/IBUFCTRL_INST/O
                         net (fo=1, routed)           0.411     0.547    mem_out_IBUF[11]
    SLICE_X49Y145        FDRE                                         r  memreg_reg[11]/D
  -------------------------------------------------------------------    -------------------

                         (clock clk rise edge)        0.000     0.000 r  <hidden>
    E14                                               0.000     0.000 r  clk
                         net (fo=0)                   0.000     0.000    clk_IBUF_inst/I
    E14                  INBUF (Prop_INBUF_HDIOB_M_PAD_O)
                                                      1.059     1.059 r  clk_IBUF_inst/INBUF_INST/O
                         net (fo=1, routed)           0.000     1.059    clk_IBUF_inst/OUT
    E14                  IBUFCTRL (Prop_IBUFCTRL_HDIOB_M_I_O)
                                                      0.000     1.059 r  clk_IBUF_inst/IBUFCTRL_INST/O
                         net (fo=1, routed)           0.113     1.172    clk_IBUF
    BUFGCE_HDIO_X1Y4     BUFGCE (Prop_BUFCE_BUFGCE_HDIO_I_O)
                                                      0.019     1.191 r  clk_IBUF_BUFG_inst/O
    X1Y2 (CLOCK_ROOT)    net (fo=38, routed)          0.895     2.086    clk_IBUF_BUFG
    SLICE_X49Y145        FDRE                                         r  memreg_reg[11]/C

Slack:                    inf
  Source:                 mem_out[5]
                            (input port)
  Destination:            memreg_reg[5]/D
                            (rising edge-triggered cell FDRE clocked by clk  {rise@0.000ns fall@1.500ns period=3.000ns})
  Path Group:             (none)
  Path Type:              Hold (Min at Fast Process Corner)
  Data Path Delay:        0.547ns  (logic 0.164ns (30.036%)  route 0.383ns (69.964%))
  Logic Levels:           2  (IBUFCTRL=1 INBUF=1)
  Clock Path Skew:        2.086ns (DCD - SCD - CPR)
    Destination Clock Delay (DCD):    2.086ns
    Source Clock Delay      (SCD):    0.000ns
    Clock Pessimism Removal (CPR):    -0.000ns
  Clock Net Delay (Destination): 0.895ns (routing 0.373ns, distribution 0.522ns)

    Location             Delay type                Incr(ns)  Path(ns)    Netlist Resource(s)
  -------------------------------------------------------------------    -------------------
    A3                                                0.000     0.000 r  mem_out[5]
                         net (fo=0)                   0.000     0.000    mem_out_IBUF[5]_inst/I
    A3                   INBUF (Prop_INBUF_HPIOB_M_PAD_O)
                                                      0.164     0.164 r  mem_out_IBUF[5]_inst/INBUF_INST/O
                         net (fo=1, routed)           0.000     0.164    mem_out_IBUF[5]_inst/OUT
    A3                   IBUFCTRL (Prop_IBUFCTRL_HPIOB_M_I_O)
                                                      0.000     0.164 r  mem_out_IBUF[5]_inst/IBUFCTRL_INST/O
                         net (fo=1, routed)           0.383     0.547    mem_out_IBUF[5]
    SLICE_X49Y145        FDRE                                         r  memreg_reg[5]/D
  -------------------------------------------------------------------    -------------------

                         (clock clk rise edge)        0.000     0.000 r  <hidden>
    E14                                               0.000     0.000 r  clk
                         net (fo=0)                   0.000     0.000    clk_IBUF_inst/I
    E14                  INBUF (Prop_INBUF_HDIOB_M_PAD_O)
                                                      1.059     1.059 r  clk_IBUF_inst/INBUF_INST/O
                         net (fo=1, routed)           0.000     1.059    clk_IBUF_inst/OUT
    E14                  IBUFCTRL (Prop_IBUFCTRL_HDIOB_M_I_O)
                                                      0.000     1.059 r  clk_IBUF_inst/IBUFCTRL_INST/O
                         net (fo=1, routed)           0.113     1.172    clk_IBUF
    BUFGCE_HDIO_X1Y4     BUFGCE (Prop_BUFCE_BUFGCE_HDIO_I_O)
                                                      0.019     1.191 r  clk_IBUF_BUFG_inst/O
    X1Y2 (CLOCK_ROOT)    net (fo=38, routed)          0.895     2.086    clk_IBUF_BUFG
    SLICE_X49Y145        FDRE                                         r  memreg_reg[5]/C

Slack:                    inf
  Source:                 mem_out[13]
                            (input port)
  Destination:            memreg_reg[13]/D
                            (rising edge-triggered cell FDRE clocked by clk  {rise@0.000ns fall@1.500ns period=3.000ns})
  Path Group:             (none)
  Path Type:              Hold (Min at Fast Process Corner)
  Data Path Delay:        0.550ns  (logic 0.139ns (25.310%)  route 0.411ns (74.690%))
  Logic Levels:           2  (IBUFCTRL=1 INBUF=1)
  Clock Path Skew:        2.081ns (DCD - SCD - CPR)
    Destination Clock Delay (DCD):    2.081ns
    Source Clock Delay      (SCD):    0.000ns
    Clock Pessimism Removal (CPR):    -0.000ns
  Clock Net Delay (Destination): 0.890ns (routing 0.373ns, distribution 0.517ns)

    Location             Delay type                Incr(ns)  Path(ns)    Netlist Resource(s)
  -------------------------------------------------------------------    -------------------
    J2                                                0.000     0.000 r  mem_out[13]
                         net (fo=0)                   0.000     0.000    mem_out_IBUF[13]_inst/I
    J2                   INBUF (Prop_INBUF_HPIOB_M_PAD_O)
                                                      0.139     0.139 r  mem_out_IBUF[13]_inst/INBUF_INST/O
                         net (fo=1, routed)           0.000     0.139    mem_out_IBUF[13]_inst/OUT
    J2                   IBUFCTRL (Prop_IBUFCTRL_HPIOB_M_I_O)
                                                      0.000     0.139 r  mem_out_IBUF[13]_inst/IBUFCTRL_INST/O
                         net (fo=1, routed)           0.411     0.550    mem_out_IBUF[13]
    SLICE_X48Y143        FDRE                                         r  memreg_reg[13]/D
  -------------------------------------------------------------------    -------------------

                         (clock clk rise edge)        0.000     0.000 r  <hidden>
    E14                                               0.000     0.000 r  clk
                         net (fo=0)                   0.000     0.000    clk_IBUF_inst/I
    E14                  INBUF (Prop_INBUF_HDIOB_M_PAD_O)
                                                      1.059     1.059 r  clk_IBUF_inst/INBUF_INST/O
                         net (fo=1, routed)           0.000     1.059    clk_IBUF_inst/OUT
    E14                  IBUFCTRL (Prop_IBUFCTRL_HDIOB_M_I_O)
                                                      0.000     1.059 r  clk_IBUF_inst/IBUFCTRL_INST/O
                         net (fo=1, routed)           0.113     1.172    clk_IBUF
    BUFGCE_HDIO_X1Y4     BUFGCE (Prop_BUFCE_BUFGCE_HDIO_I_O)
                                                      0.019     1.191 r  clk_IBUF_BUFG_inst/O
    X1Y2 (CLOCK_ROOT)    net (fo=38, routed)          0.890     2.081    clk_IBUF_BUFG
    SLICE_X48Y143        FDRE                                         r  memreg_reg[13]/C

Slack:                    inf
  Source:                 mem_out[12]
                            (input port)
  Destination:            memreg_reg[12]/D
                            (rising edge-triggered cell FDRE clocked by clk  {rise@0.000ns fall@1.500ns period=3.000ns})
  Path Group:             (none)
  Path Type:              Hold (Min at Fast Process Corner)
  Data Path Delay:        0.552ns  (logic 0.136ns (24.597%)  route 0.416ns (75.403%))
  Logic Levels:           2  (IBUFCTRL=1 INBUF=1)
  Clock Path Skew:        2.081ns (DCD - SCD - CPR)
    Destination Clock Delay (DCD):    2.081ns
    Source Clock Delay      (SCD):    0.000ns
    Clock Pessimism Removal (CPR):    -0.000ns
  Clock Net Delay (Destination): 0.890ns (routing 0.373ns, distribution 0.517ns)

    Location             Delay type                Incr(ns)  Path(ns)    Netlist Resource(s)
  -------------------------------------------------------------------    -------------------
    K2                                                0.000     0.000 r  mem_out[12]
                         net (fo=0)                   0.000     0.000    mem_out_IBUF[12]_inst/I
    K2                   INBUF (Prop_INBUF_HPIOB_S_PAD_O)
                                                      0.136     0.136 r  mem_out_IBUF[12]_inst/INBUF_INST/O
                         net (fo=1, routed)           0.000     0.136    mem_out_IBUF[12]_inst/OUT
    K2                   IBUFCTRL (Prop_IBUFCTRL_HPIOB_S_I_O)
                                                      0.000     0.136 r  mem_out_IBUF[12]_inst/IBUFCTRL_INST/O
                         net (fo=1, routed)           0.416     0.552    mem_out_IBUF[12]
    SLICE_X48Y143        FDRE                                         r  memreg_reg[12]/D
  -------------------------------------------------------------------    -------------------

                         (clock clk rise edge)        0.000     0.000 r  <hidden>
    E14                                               0.000     0.000 r  clk
                         net (fo=0)                   0.000     0.000    clk_IBUF_inst/I
    E14                  INBUF (Prop_INBUF_HDIOB_M_PAD_O)
                                                      1.059     1.059 r  clk_IBUF_inst/INBUF_INST/O
                         net (fo=1, routed)           0.000     1.059    clk_IBUF_inst/OUT
    E14                  IBUFCTRL (Prop_IBUFCTRL_HDIOB_M_I_O)
                                                      0.000     1.059 r  clk_IBUF_inst/IBUFCTRL_INST/O
                         net (fo=1, routed)           0.113     1.172    clk_IBUF
    BUFGCE_HDIO_X1Y4     BUFGCE (Prop_BUFCE_BUFGCE_HDIO_I_O)
                                                      0.019     1.191 r  clk_IBUF_BUFG_inst/O
    X1Y2 (CLOCK_ROOT)    net (fo=38, routed)          0.890     2.081    clk_IBUF_BUFG
    SLICE_X48Y143        FDRE                                         r  memreg_reg[12]/C

Slack:                    inf
  Source:                 mem_out[7]
                            (input port)
  Destination:            memreg_reg[7]/D
                            (rising edge-triggered cell FDRE clocked by clk  {rise@0.000ns fall@1.500ns period=3.000ns})
  Path Group:             (none)
  Path Type:              Hold (Min at Fast Process Corner)
  Data Path Delay:        0.555ns  (logic 0.154ns (27.690%)  route 0.401ns (72.310%))
  Logic Levels:           2  (IBUFCTRL=1 INBUF=1)
  Clock Path Skew:        2.083ns (DCD - SCD - CPR)
    Destination Clock Delay (DCD):    2.083ns
    Source Clock Delay      (SCD):    0.000ns
    Clock Pessimism Removal (CPR):    -0.000ns
  Clock Net Delay (Destination): 0.892ns (routing 0.373ns, distribution 0.519ns)

    Location             Delay type                Incr(ns)  Path(ns)    Netlist Resource(s)
  -------------------------------------------------------------------    -------------------
    D2                                                0.000     0.000 r  mem_out[7]
                         net (fo=0)                   0.000     0.000    mem_out_IBUF[7]_inst/I
    D2                   INBUF (Prop_INBUF_HPIOB_M_PAD_O)
                                                      0.154     0.154 r  mem_out_IBUF[7]_inst/INBUF_INST/O
                         net (fo=1, routed)           0.000     0.154    mem_out_IBUF[7]_inst/OUT
    D2                   IBUFCTRL (Prop_IBUFCTRL_HPIOB_M_I_O)
                                                      0.000     0.154 r  mem_out_IBUF[7]_inst/IBUFCTRL_INST/O
                         net (fo=1, routed)           0.401     0.555    mem_out_IBUF[7]
    SLICE_X48Y145        FDRE                                         r  memreg_reg[7]/D
  -------------------------------------------------------------------    -------------------

                         (clock clk rise edge)        0.000     0.000 r  <hidden>
    E14                                               0.000     0.000 r  clk
                         net (fo=0)                   0.000     0.000    clk_IBUF_inst/I
    E14                  INBUF (Prop_INBUF_HDIOB_M_PAD_O)
                                                      1.059     1.059 r  clk_IBUF_inst/INBUF_INST/O
                         net (fo=1, routed)           0.000     1.059    clk_IBUF_inst/OUT
    E14                  IBUFCTRL (Prop_IBUFCTRL_HDIOB_M_I_O)
                                                      0.000     1.059 r  clk_IBUF_inst/IBUFCTRL_INST/O
                         net (fo=1, routed)           0.113     1.172    clk_IBUF
    BUFGCE_HDIO_X1Y4     BUFGCE (Prop_BUFCE_BUFGCE_HDIO_I_O)
                                                      0.019     1.191 r  clk_IBUF_BUFG_inst/O
    X1Y2 (CLOCK_ROOT)    net (fo=38, routed)          0.892     2.083    clk_IBUF_BUFG
    SLICE_X48Y145        FDRE                                         r  memreg_reg[7]/C





