Copyright 1986-2022 Xilinx, Inc. All Rights Reserved. Copyright 2022-2026 Advanced Micro Devices, Inc. All Rights Reserved.
--------------------------------------------------------------------------------------------------------------------------------------------------------------------------------------------------------------------------------------------------------------
| Tool Version      : Vivado v.2026.1 (win64) Build 6511674 Tue Jun 16 11:02:23 MDT 2026
| Date              : Tue Jul 28 05:38:01 2026
| Host              : DESKTOP-3JJEEI1 running 64-bit major release  (build 9200)
| Command           : report_timing_summary -max_paths 10 -routable_nets -report_unconstrained -file f13_e9_mult_zu3_timing_summary_routed.rpt -pb f13_e9_mult_zu3_timing_summary_routed.pb -rpx f13_e9_mult_zu3_timing_summary_routed.rpx -warn_on_violation
| Design            : f13_e9_mult_zu3
| Device            : xczu2cg-sfvc784
| Speed File        : -2L  PRODUCTION 1.31 12-08-2025
| Design State      : Routed
| Temperature Grade : E
--------------------------------------------------------------------------------------------------------------------------------------------------------------------------------------------------------------------------------------------------------------

Timing Summary Report

------------------------------------------------------------------------------------------------
| Timer Settings
| --------------
------------------------------------------------------------------------------------------------

  Enable Multi Corner Analysis               :  Yes
  Enable Pessimism Removal                   :  Yes
  Pessimism Removal Resolution               :  Nearest Common Node
  Enable Input Delay Default Clock           :  No
  Enable Preset / Clear Arcs                 :  No
  Disable Flight Delays                      :  No
  Ignore I/O Paths                           :  No
  Timing Early Launch at Borrowing Latches   :  No
  Borrow Time for Max Delay Exceptions       :  Yes
  Merge Timing Exceptions                    :  Yes
  Inter-SLR Compensation                     :  Conservative

  Corner  Analyze    Analyze    
  Name    Max Paths  Min Paths  
  ------  ---------  ---------  
  Slow    Yes        Yes        
  Fast    Yes        Yes        


------------------------------------------------------------------------------------------------
| Report Methodology
| ------------------
------------------------------------------------------------------------------------------------

Rule       Severity  Description                    Violations  
---------  --------  -----------------------------  ----------  
TIMING-18  Warning   Missing input or output delay  75          

Note: This report is based on the most recent report_methodology run and may not be up-to-date. Run report_methodology on the current design for the latest report.



check_timing report

Table of Contents
-----------------
1. checking no_clock (0)
2. checking constant_clock (0)
3. checking pulse_width_clock (0)
4. checking unconstrained_internal_endpoints (0)
5. checking no_input_delay (50)
6. checking no_output_delay (25)
7. checking multiple_clock (0)
8. checking generated_clocks (0)
9. checking loops (0)
10. checking partial_input_delay (0)
11. checking partial_output_delay (0)
12. checking latch_loops (0)

1. checking no_clock (0)
------------------------
 There are 0 register/latch pins with no clock.


2. checking constant_clock (0)
------------------------------
 There are 0 register/latch pins with constant_clock.


3. checking pulse_width_clock (0)
---------------------------------
 There are 0 register/latch pins which need pulse_width check


4. checking unconstrained_internal_endpoints (0)
------------------------------------------------
 There are 0 pins that are not constrained for maximum delay.

 There are 0 pins that are not constrained for maximum delay due to constant clock.


5. checking no_input_delay (50)
-------------------------------
 There are 50 input ports with no input delay specified. (HIGH)

 There are 0 input ports with no input delay but user has a false path constraint.


6. checking no_output_delay (25)
--------------------------------
 There are 25 ports with no output delay specified. (HIGH)

 There are 0 ports with no output delay but user has a false path constraint

 There are 0 ports with no output delay but with a timing clock defined on it or propagating through it


7. checking multiple_clock (0)
------------------------------
 There are 0 register/latch pins with multiple clocks.


8. checking generated_clocks (0)
--------------------------------
 There are 0 generated clocks that are not connected to a clock source.


9. checking loops (0)
---------------------
 There are 0 combinational loops in the design.


10. checking partial_input_delay (0)
------------------------------------
 There are 0 input ports with partial input delay specified.


11. checking partial_output_delay (0)
-------------------------------------
 There are 0 ports with partial output delay specified.


12. checking latch_loops (0)
----------------------------
 There are 0 combinational latch loops in the design through latch input



------------------------------------------------------------------------------------------------
| Design Timing Summary
| ---------------------
------------------------------------------------------------------------------------------------

    WNS(ns)      TNS(ns)  TNS Failing Endpoints  TNS Total Endpoints      WHS(ns)      THS(ns)  THS Failing Endpoints  THS Total Endpoints     WPWS(ns)     TPWS(ns)  TPWS Failing Endpoints  TPWS Total Endpoints  
    -------      -------  ---------------------  -------------------      -------      -------  ---------------------  -------------------     --------     --------  ----------------------  --------------------  
      1.080        0.000                      0                   39        0.089        0.000                      0                   39        1.725        0.000                       0                    50  


All user specified timing constraints are met.


------------------------------------------------------------------------------------------------
| Clock Summary
| -------------
------------------------------------------------------------------------------------------------

Clock  Waveform(ns)         Period(ns)      Frequency(MHz)
-----  ------------         ----------      --------------
clk    {0.000 2.000}        4.000           250.000         


------------------------------------------------------------------------------------------------
| Intra Clock Table
| -----------------
------------------------------------------------------------------------------------------------

Clock             WNS(ns)      TNS(ns)  TNS Failing Endpoints  TNS Total Endpoints      WHS(ns)      THS(ns)  THS Failing Endpoints  THS Total Endpoints     WPWS(ns)     TPWS(ns)  TPWS Failing Endpoints  TPWS Total Endpoints  
-----             -------      -------  ---------------------  -------------------      -------      -------  ---------------------  -------------------     --------     --------  ----------------------  --------------------  
clk                 1.080        0.000                      0                   39        0.089        0.000                      0                   39        1.725        0.000                       0                    50  


------------------------------------------------------------------------------------------------
| Inter Clock Table
| -----------------
------------------------------------------------------------------------------------------------

From Clock    To Clock          WNS(ns)      TNS(ns)  TNS Failing Endpoints  TNS Total Endpoints      WHS(ns)      THS(ns)  THS Failing Endpoints  THS Total Endpoints  
----------    --------          -------      -------  ---------------------  -------------------      -------      -------  ---------------------  -------------------  


------------------------------------------------------------------------------------------------
| Other Path Groups Table
| -----------------------
------------------------------------------------------------------------------------------------

Path Group    From Clock    To Clock          WNS(ns)      TNS(ns)  TNS Failing Endpoints  TNS Total Endpoints      WHS(ns)      THS(ns)  THS Failing Endpoints  THS Total Endpoints  
----------    ----------    --------          -------      -------  ---------------------  -------------------      -------      -------  ---------------------  -------------------  


------------------------------------------------------------------------------------------------
| User Ignored Path Table
| -----------------------
------------------------------------------------------------------------------------------------

Path Group    From Clock    To Clock    
----------    ----------    --------    


------------------------------------------------------------------------------------------------
| Unconstrained Path Table
| ------------------------
------------------------------------------------------------------------------------------------

Path Group    From Clock    To Clock    
----------    ----------    --------    
(none)        clk                         
(none)                      clk           


------------------------------------------------------------------------------------------------
| Timing Details
| --------------
------------------------------------------------------------------------------------------------


---------------------------------------------------------------------------------------------------
From Clock:  clk
  To Clock:  clk

Setup :            0  Failing Endpoints,  Worst Slack        1.080ns,  Total Violation        0.000ns
Hold  :            0  Failing Endpoints,  Worst Slack        0.089ns,  Total Violation        0.000ns
PW    :            0  Failing Endpoints,  Worst Slack        1.725ns,  Total Violation        0.000ns
---------------------------------------------------------------------------------------------------


Max Delay Paths
--------------------------------------------------------------------------------------
Slack (MET) :             1.080ns  (required time - arrival time)
  Source:                 product_temp/DSP_A_B_DATA_INST/CLK
                            (rising edge-triggered cell DSP_A_B_DATA clocked by clk  {rise@0.000ns fall@2.000ns period=4.000ns})
  Destination:            result_reg[expon][9]/D
                            (rising edge-triggered cell FDRE clocked by clk  {rise@0.000ns fall@2.000ns period=4.000ns})
  Path Group:             clk
  Path Type:              Setup (Max at Slow Process Corner)
  Requirement:            4.000ns  (clk rise@4.000ns - clk rise@0.000ns)
  Data Path Delay:        2.764ns  (logic 2.066ns (74.757%)  route 0.698ns (25.243%))
  Logic Levels:           8  (DSP_ALU=1 DSP_M_DATA=1 DSP_MULTIPLIER=1 DSP_OUTPUT=1 DSP_PREADD_DATA=1 LUT4=2 LUT6=1)
  Clock Path Skew:        -0.146ns (DCD - SCD + CPR)
    Destination Clock Delay (DCD):    2.247ns = ( 6.247 - 4.000 ) 
    Source Clock Delay      (SCD):    2.943ns
    Clock Pessimism Removal (CPR):    0.550ns
  Clock Uncertainty:      0.035ns  ((TSJ^2 + TIJ^2)^1/2 + DJ) / 2 + PE
    Total System Jitter     (TSJ):    0.071ns
    Total Input Jitter      (TIJ):    0.000ns
    Discrete Jitter          (DJ):    0.000ns
    Phase Error              (PE):    0.000ns
  Clock Net Delay (Source):      1.490ns (routing 0.584ns, distribution 0.906ns)
  Clock Net Delay (Destination): 1.256ns (routing 0.531ns, distribution 0.725ns)

    Location             Delay type                Incr(ns)  Path(ns)    Netlist Resource(s)
  -------------------------------------------------------------------    -------------------
                         (clock clk rise edge)        0.000     0.000 r  <hidden>
    AB11                                              0.000     0.000 r  clk
                         net (fo=0)                   0.000     0.000    clk_IBUF_inst/I
    AB11                 INBUF (Prop_INBUF_HDIOB_M_PAD_O)
                                                      1.220     1.220 r  clk_IBUF_inst/INBUF_INST/O
                         net (fo=1, routed)           0.000     1.220    clk_IBUF_inst/OUT
    AB11                 IBUFCTRL (Prop_IBUFCTRL_HDIOB_M_I_O)
                                                      0.000     1.220 r  clk_IBUF_inst/IBUFCTRL_INST/O
                         net (fo=1, routed)           0.204     1.424    clk_IBUF
    BUFGCE_HDIO_X2Y1     BUFGCE (Prop_BUFCE_BUFGCE_HDIO_I_O)
                                                      0.028     1.452 r  clk_IBUF_BUFG_inst/O
    X1Y1 (CLOCK_ROOT)    net (fo=55, routed)          1.490     2.943    product_temp/CLK
    DSP48E2_X4Y24        DSP_A_B_DATA                                 r  product_temp/DSP_A_B_DATA_INST/CLK
  -------------------------------------------------------------------    -------------------
    DSP48E2_X4Y24        DSP_A_B_DATA (Prop_DSP_A_B_DATA_DSP48E2_CLK_B2_DATA[17])
                                                      0.212     3.155 r  product_temp/DSP_A_B_DATA_INST/B2_DATA[17]
                         net (fo=1, routed)           0.000     3.155    product_temp/DSP_A_B_DATA.B2_DATA<17>
    DSP48E2_X4Y24        DSP_PREADD_DATA (Prop_DSP_PREADD_DATA_DSP48E2_B2_DATA[17]_B2B1[17])
                                                      0.073     3.228 r  product_temp/DSP_PREADD_DATA_INST/B2B1[17]
                         net (fo=1, routed)           0.000     3.228    product_temp/DSP_PREADD_DATA.B2B1<17>
    DSP48E2_X4Y24        DSP_MULTIPLIER (Prop_DSP_MULTIPLIER_DSP48E2_B2B1[17]_V[43])
                                                      0.609     3.837 f  product_temp/DSP_MULTIPLIER_INST/V[43]
                         net (fo=1, routed)           0.000     3.837    product_temp/DSP_MULTIPLIER.V<43>
    DSP48E2_X4Y24        DSP_M_DATA (Prop_DSP_M_DATA_DSP48E2_V[43]_V_DATA[43])
                                                      0.046     3.883 r  product_temp/DSP_M_DATA_INST/V_DATA[43]
                         net (fo=1, routed)           0.000     3.883    product_temp/DSP_M_DATA.V_DATA<43>
    DSP48E2_X4Y24        DSP_ALU (Prop_DSP_ALU_DSP48E2_V_DATA[43]_ALU_OUT[47])
                                                      0.571     4.454 r  product_temp/DSP_ALU_INST/ALU_OUT[47]
                         net (fo=1, routed)           0.000     4.454    product_temp/DSP_ALU.ALU_OUT<47>
    DSP48E2_X4Y24        DSP_OUTPUT (Prop_DSP_OUTPUT_DSP48E2_ALU_OUT[47]_PATTERN_DETECT)
                                                      0.363     4.817 r  product_temp/DSP_OUTPUT_INST/PATTERN_DETECT
                         net (fo=19, routed)          0.438     5.255    product_temp_n_4
    SLICE_X43Y71         LUT6 (Prop_H6LUT_SLICEM_I2_O)
                                                      0.053     5.308 r  result[expon][8]_i_3/O
                         net (fo=5, routed)           0.095     5.403    result[expon][8]_i_3_n_0
    SLICE_X43Y70         LUT4 (Prop_H6LUT_SLICEM_I1_O)
                                                      0.039     5.442 r  result[expon][9]_i_3/O
                         net (fo=1, routed)           0.141     5.583    result[expon][9]_i_3_n_0
    SLICE_X43Y70         LUT4 (Prop_A5LUT_SLICEM_I1_O)
                                                      0.100     5.683 r  result[expon][9]_i_1/O
                         net (fo=1, routed)           0.023     5.706    result[expon][9]_i_1_n_0
    SLICE_X43Y70         FDRE                                         r  result_reg[expon][9]/D
  -------------------------------------------------------------------    -------------------

                         (clock clk rise edge)        4.000     4.000 r  <hidden>
    AB11                                              0.000     4.000 r  clk
                         net (fo=0)                   0.000     4.000    clk_IBUF_inst/I
    AB11                 INBUF (Prop_INBUF_HDIOB_M_PAD_O)
                                                      0.798     4.798 r  clk_IBUF_inst/INBUF_INST/O
                         net (fo=1, routed)           0.000     4.798    clk_IBUF_inst/OUT
    AB11                 IBUFCTRL (Prop_IBUFCTRL_HDIOB_M_I_O)
                                                      0.000     4.798 r  clk_IBUF_inst/IBUFCTRL_INST/O
                         net (fo=1, routed)           0.169     4.967    clk_IBUF
    BUFGCE_HDIO_X2Y1     BUFGCE (Prop_BUFCE_BUFGCE_HDIO_I_O)
                                                      0.024     4.991 r  clk_IBUF_BUFG_inst/O
    X1Y1 (CLOCK_ROOT)    net (fo=55, routed)          1.256     6.247    clk_IBUF_BUFG
    SLICE_X43Y70         FDRE                                         r  result_reg[expon][9]/C
                         clock pessimism              0.550     6.796    <hidden>
                         clock uncertainty           -0.035     6.761    <hidden>
    SLICE_X43Y70         FDRE (Setup_AFF2_SLICEM_C_D)
                                                      0.025     6.786    result_reg[expon][9]
  -------------------------------------------------------------------
                         required time                          6.786    <hidden>
                         arrival time                          -5.706    <hidden>
  -------------------------------------------------------------------
                         slack                                  1.080    <hidden>

Slack (MET) :             1.101ns  (required time - arrival time)
  Source:                 product_temp/DSP_A_B_DATA_INST/CLK
                            (rising edge-triggered cell DSP_A_B_DATA clocked by clk  {rise@0.000ns fall@2.000ns period=4.000ns})
  Destination:            result_reg[expon][4]/D
                            (rising edge-triggered cell FDRE clocked by clk  {rise@0.000ns fall@2.000ns period=4.000ns})
  Path Group:             clk
  Path Type:              Setup (Max at Slow Process Corner)
  Requirement:            4.000ns  (clk rise@4.000ns - clk rise@0.000ns)
  Data Path Delay:        2.743ns  (logic 2.048ns (74.676%)  route 0.695ns (25.324%))
  Logic Levels:           7  (DSP_ALU=1 DSP_M_DATA=1 DSP_MULTIPLIER=1 DSP_OUTPUT=1 DSP_PREADD_DATA=1 LUT3=1 LUT5=1)
  Clock Path Skew:        -0.146ns (DCD - SCD + CPR)
    Destination Clock Delay (DCD):    2.247ns = ( 6.247 - 4.000 ) 
    Source Clock Delay      (SCD):    2.943ns
    Clock Pessimism Removal (CPR):    0.550ns
  Clock Uncertainty:      0.035ns  ((TSJ^2 + TIJ^2)^1/2 + DJ) / 2 + PE
    Total System Jitter     (TSJ):    0.071ns
    Total Input Jitter      (TIJ):    0.000ns
    Discrete Jitter          (DJ):    0.000ns
    Phase Error              (PE):    0.000ns
  Clock Net Delay (Source):      1.490ns (routing 0.584ns, distribution 0.906ns)
  Clock Net Delay (Destination): 1.256ns (routing 0.531ns, distribution 0.725ns)

    Location             Delay type                Incr(ns)  Path(ns)    Netlist Resource(s)
  -------------------------------------------------------------------    -------------------
                         (clock clk rise edge)        0.000     0.000 r  <hidden>
    AB11                                              0.000     0.000 r  clk
                         net (fo=0)                   0.000     0.000    clk_IBUF_inst/I
    AB11                 INBUF (Prop_INBUF_HDIOB_M_PAD_O)
                                                      1.220     1.220 r  clk_IBUF_inst/INBUF_INST/O
                         net (fo=1, routed)           0.000     1.220    clk_IBUF_inst/OUT
    AB11                 IBUFCTRL (Prop_IBUFCTRL_HDIOB_M_I_O)
                                                      0.000     1.220 r  clk_IBUF_inst/IBUFCTRL_INST/O
                         net (fo=1, routed)           0.204     1.424    clk_IBUF
    BUFGCE_HDIO_X2Y1     BUFGCE (Prop_BUFCE_BUFGCE_HDIO_I_O)
                                                      0.028     1.452 r  clk_IBUF_BUFG_inst/O
    X1Y1 (CLOCK_ROOT)    net (fo=55, routed)          1.490     2.943    product_temp/CLK
    DSP48E2_X4Y24        DSP_A_B_DATA                                 r  product_temp/DSP_A_B_DATA_INST/CLK
  -------------------------------------------------------------------    -------------------
    DSP48E2_X4Y24        DSP_A_B_DATA (Prop_DSP_A_B_DATA_DSP48E2_CLK_B2_DATA[17])
                                                      0.212     3.155 r  product_temp/DSP_A_B_DATA_INST/B2_DATA[17]
                         net (fo=1, routed)           0.000     3.155    product_temp/DSP_A_B_DATA.B2_DATA<17>
    DSP48E2_X4Y24        DSP_PREADD_DATA (Prop_DSP_PREADD_DATA_DSP48E2_B2_DATA[17]_B2B1[17])
                                                      0.073     3.228 r  product_temp/DSP_PREADD_DATA_INST/B2B1[17]
                         net (fo=1, routed)           0.000     3.228    product_temp/DSP_PREADD_DATA.B2B1<17>
    DSP48E2_X4Y24        DSP_MULTIPLIER (Prop_DSP_MULTIPLIER_DSP48E2_B2B1[17]_V[43])
                                                      0.609     3.837 f  product_temp/DSP_MULTIPLIER_INST/V[43]
                         net (fo=1, routed)           0.000     3.837    product_temp/DSP_MULTIPLIER.V<43>
    DSP48E2_X4Y24        DSP_M_DATA (Prop_DSP_M_DATA_DSP48E2_V[43]_V_DATA[43])
                                                      0.046     3.883 r  product_temp/DSP_M_DATA_INST/V_DATA[43]
                         net (fo=1, routed)           0.000     3.883    product_temp/DSP_M_DATA.V_DATA<43>
    DSP48E2_X4Y24        DSP_ALU (Prop_DSP_ALU_DSP48E2_V_DATA[43]_ALU_OUT[47])
                                                      0.571     4.454 r  product_temp/DSP_ALU_INST/ALU_OUT[47]
                         net (fo=1, routed)           0.000     4.454    product_temp/DSP_ALU.ALU_OUT<47>
    DSP48E2_X4Y24        DSP_OUTPUT (Prop_DSP_OUTPUT_DSP48E2_ALU_OUT[47]_PATTERN_DETECT)
                                                      0.363     4.817 r  product_temp/DSP_OUTPUT_INST/PATTERN_DETECT
                         net (fo=19, routed)          0.496     5.312    product_temp_n_4
    SLICE_X43Y71         LUT5 (Prop_F6LUT_SLICEM_I2_O)
                                                      0.123     5.435 r  result[expon][4]_i_2/O
                         net (fo=1, routed)           0.127     5.562    result[expon][4]_i_2_n_0
    SLICE_X43Y70         LUT3 (Prop_D6LUT_SLICEM_I1_O)
                                                      0.051     5.613 r  result[expon][4]_i_1/O
                         net (fo=1, routed)           0.072     5.685    result[expon][4]_i_1_n_0
    SLICE_X43Y70         FDRE                                         r  result_reg[expon][4]/D
  -------------------------------------------------------------------    -------------------

                         (clock clk rise edge)        4.000     4.000 r  <hidden>
    AB11                                              0.000     4.000 r  clk
                         net (fo=0)                   0.000     4.000    clk_IBUF_inst/I
    AB11                 INBUF (Prop_INBUF_HDIOB_M_PAD_O)
                                                      0.798     4.798 r  clk_IBUF_inst/INBUF_INST/O
                         net (fo=1, routed)           0.000     4.798    clk_IBUF_inst/OUT
    AB11                 IBUFCTRL (Prop_IBUFCTRL_HDIOB_M_I_O)
                                                      0.000     4.798 r  clk_IBUF_inst/IBUFCTRL_INST/O
                         net (fo=1, routed)           0.169     4.967    clk_IBUF
    BUFGCE_HDIO_X2Y1     BUFGCE (Prop_BUFCE_BUFGCE_HDIO_I_O)
                                                      0.024     4.991 r  clk_IBUF_BUFG_inst/O
    X1Y1 (CLOCK_ROOT)    net (fo=55, routed)          1.256     6.247    clk_IBUF_BUFG
    SLICE_X43Y70         FDRE                                         r  result_reg[expon][4]/C
                         clock pessimism              0.550     6.796    <hidden>
                         clock uncertainty           -0.035     6.761    <hidden>
    SLICE_X43Y70         FDRE (Setup_DFF_SLICEM_C_D)
                                                      0.025     6.786    result_reg[expon][4]
  -------------------------------------------------------------------
                         required time                          6.786    <hidden>
                         arrival time                          -5.685    <hidden>
  -------------------------------------------------------------------
                         slack                                  1.101    <hidden>

Slack (MET) :             1.156ns  (required time - arrival time)
  Source:                 product_temp/DSP_A_B_DATA_INST/CLK
                            (rising edge-triggered cell DSP_A_B_DATA clocked by clk  {rise@0.000ns fall@2.000ns period=4.000ns})
  Destination:            result_reg[expon][8]/D
                            (rising edge-triggered cell FDRE clocked by clk  {rise@0.000ns fall@2.000ns period=4.000ns})
  Path Group:             clk
  Path Type:              Setup (Max at Slow Process Corner)
  Requirement:            4.000ns  (clk rise@4.000ns - clk rise@0.000ns)
  Data Path Delay:        2.688ns  (logic 2.076ns (77.243%)  route 0.612ns (22.757%))
  Logic Levels:           7  (DSP_ALU=1 DSP_M_DATA=1 DSP_MULTIPLIER=1 DSP_OUTPUT=1 DSP_PREADD_DATA=1 LUT6=2)
  Clock Path Skew:        -0.146ns (DCD - SCD + CPR)
    Destination Clock Delay (DCD):    2.247ns = ( 6.247 - 4.000 ) 
    Source Clock Delay      (SCD):    2.943ns
    Clock Pessimism Removal (CPR):    0.550ns
  Clock Uncertainty:      0.035ns  ((TSJ^2 + TIJ^2)^1/2 + DJ) / 2 + PE
    Total System Jitter     (TSJ):    0.071ns
    Total Input Jitter      (TIJ):    0.000ns
    Discrete Jitter          (DJ):    0.000ns
    Phase Error              (PE):    0.000ns
  Clock Net Delay (Source):      1.490ns (routing 0.584ns, distribution 0.906ns)
  Clock Net Delay (Destination): 1.256ns (routing 0.531ns, distribution 0.725ns)

    Location             Delay type                Incr(ns)  Path(ns)    Netlist Resource(s)
  -------------------------------------------------------------------    -------------------
                         (clock clk rise edge)        0.000     0.000 r  <hidden>
    AB11                                              0.000     0.000 r  clk
                         net (fo=0)                   0.000     0.000    clk_IBUF_inst/I
    AB11                 INBUF (Prop_INBUF_HDIOB_M_PAD_O)
                                                      1.220     1.220 r  clk_IBUF_inst/INBUF_INST/O
                         net (fo=1, routed)           0.000     1.220    clk_IBUF_inst/OUT
    AB11                 IBUFCTRL (Prop_IBUFCTRL_HDIOB_M_I_O)
                                                      0.000     1.220 r  clk_IBUF_inst/IBUFCTRL_INST/O
                         net (fo=1, routed)           0.204     1.424    clk_IBUF
    BUFGCE_HDIO_X2Y1     BUFGCE (Prop_BUFCE_BUFGCE_HDIO_I_O)
                                                      0.028     1.452 r  clk_IBUF_BUFG_inst/O
    X1Y1 (CLOCK_ROOT)    net (fo=55, routed)          1.490     2.943    product_temp/CLK
    DSP48E2_X4Y24        DSP_A_B_DATA                                 r  product_temp/DSP_A_B_DATA_INST/CLK
  -------------------------------------------------------------------    -------------------
    DSP48E2_X4Y24        DSP_A_B_DATA (Prop_DSP_A_B_DATA_DSP48E2_CLK_B2_DATA[17])
                                                      0.212     3.155 r  product_temp/DSP_A_B_DATA_INST/B2_DATA[17]
                         net (fo=1, routed)           0.000     3.155    product_temp/DSP_A_B_DATA.B2_DATA<17>
    DSP48E2_X4Y24        DSP_PREADD_DATA (Prop_DSP_PREADD_DATA_DSP48E2_B2_DATA[17]_B2B1[17])
                                                      0.073     3.228 r  product_temp/DSP_PREADD_DATA_INST/B2B1[17]
                         net (fo=1, routed)           0.000     3.228    product_temp/DSP_PREADD_DATA.B2B1<17>
    DSP48E2_X4Y24        DSP_MULTIPLIER (Prop_DSP_MULTIPLIER_DSP48E2_B2B1[17]_V[43])
                                                      0.609     3.837 f  product_temp/DSP_MULTIPLIER_INST/V[43]
                         net (fo=1, routed)           0.000     3.837    product_temp/DSP_MULTIPLIER.V<43>
    DSP48E2_X4Y24        DSP_M_DATA (Prop_DSP_M_DATA_DSP48E2_V[43]_V_DATA[43])
                                                      0.046     3.883 r  product_temp/DSP_M_DATA_INST/V_DATA[43]
                         net (fo=1, routed)           0.000     3.883    product_temp/DSP_M_DATA.V_DATA<43>
    DSP48E2_X4Y24        DSP_ALU (Prop_DSP_ALU_DSP48E2_V_DATA[43]_ALU_OUT[47])
                                                      0.571     4.454 r  product_temp/DSP_ALU_INST/ALU_OUT[47]
                         net (fo=1, routed)           0.000     4.454    product_temp/DSP_ALU.ALU_OUT<47>
    DSP48E2_X4Y24        DSP_OUTPUT (Prop_DSP_OUTPUT_DSP48E2_ALU_OUT[47]_PATTERN_DETECT)
                                                      0.363     4.817 r  product_temp/DSP_OUTPUT_INST/PATTERN_DETECT
                         net (fo=19, routed)          0.438     5.255    product_temp_n_4
    SLICE_X43Y71         LUT6 (Prop_H6LUT_SLICEM_I2_O)
                                                      0.053     5.308 r  result[expon][8]_i_3/O
                         net (fo=5, routed)           0.114     5.422    result[expon][8]_i_3_n_0
    SLICE_X43Y70         LUT6 (Prop_B6LUT_SLICEM_I2_O)
                                                      0.149     5.571 r  result[expon][8]_i_1/O
                         net (fo=1, routed)           0.059     5.630    result[expon][8]_i_1_n_0
    SLICE_X43Y70         FDRE                                         r  result_reg[expon][8]/D
  -------------------------------------------------------------------    -------------------

                         (clock clk rise edge)        4.000     4.000 r  <hidden>
    AB11                                              0.000     4.000 r  clk
                         net (fo=0)                   0.000     4.000    clk_IBUF_inst/I
    AB11                 INBUF (Prop_INBUF_HDIOB_M_PAD_O)
                                                      0.798     4.798 r  clk_IBUF_inst/INBUF_INST/O
                         net (fo=1, routed)           0.000     4.798    clk_IBUF_inst/OUT
    AB11                 IBUFCTRL (Prop_IBUFCTRL_HDIOB_M_I_O)
                                                      0.000     4.798 r  clk_IBUF_inst/IBUFCTRL_INST/O
                         net (fo=1, routed)           0.169     4.967    clk_IBUF
    BUFGCE_HDIO_X2Y1     BUFGCE (Prop_BUFCE_BUFGCE_HDIO_I_O)
                                                      0.024     4.991 r  clk_IBUF_BUFG_inst/O
    X1Y1 (CLOCK_ROOT)    net (fo=55, routed)          1.256     6.247    clk_IBUF_BUFG
    SLICE_X43Y70         FDRE                                         r  result_reg[expon][8]/C
                         clock pessimism              0.550     6.796    <hidden>
                         clock uncertainty           -0.035     6.761    <hidden>
    SLICE_X43Y70         FDRE (Setup_BFF_SLICEM_C_D)
                                                      0.025     6.786    result_reg[expon][8]
  -------------------------------------------------------------------
                         required time                          6.786    <hidden>
                         arrival time                          -5.630    <hidden>
  -------------------------------------------------------------------
                         slack                                  1.156    <hidden>

Slack (MET) :             1.178ns  (required time - arrival time)
  Source:                 product_temp/DSP_A_B_DATA_INST/CLK
                            (rising edge-triggered cell DSP_A_B_DATA clocked by clk  {rise@0.000ns fall@2.000ns period=4.000ns})
  Destination:            result_reg[expon][6]/D
                            (rising edge-triggered cell FDRE clocked by clk  {rise@0.000ns fall@2.000ns period=4.000ns})
  Path Group:             clk
  Path Type:              Setup (Max at Slow Process Corner)
  Requirement:            4.000ns  (clk rise@4.000ns - clk rise@0.000ns)
  Data Path Delay:        2.665ns  (logic 2.050ns (76.918%)  route 0.615ns (23.082%))
  Logic Levels:           7  (DSP_ALU=1 DSP_M_DATA=1 DSP_MULTIPLIER=1 DSP_OUTPUT=1 DSP_PREADD_DATA=1 LUT4=1 LUT6=1)
  Clock Path Skew:        -0.146ns (DCD - SCD + CPR)
    Destination Clock Delay (DCD):    2.247ns = ( 6.247 - 4.000 ) 
    Source Clock Delay      (SCD):    2.943ns
    Clock Pessimism Removal (CPR):    0.550ns
  Clock Uncertainty:      0.035ns  ((TSJ^2 + TIJ^2)^1/2 + DJ) / 2 + PE
    Total System Jitter     (TSJ):    0.071ns
    Total Input Jitter      (TIJ):    0.000ns
    Discrete Jitter          (DJ):    0.000ns
    Phase Error              (PE):    0.000ns
  Clock Net Delay (Source):      1.490ns (routing 0.584ns, distribution 0.906ns)
  Clock Net Delay (Destination): 1.256ns (routing 0.531ns, distribution 0.725ns)

    Location             Delay type                Incr(ns)  Path(ns)    Netlist Resource(s)
  -------------------------------------------------------------------    -------------------
                         (clock clk rise edge)        0.000     0.000 r  <hidden>
    AB11                                              0.000     0.000 r  clk
                         net (fo=0)                   0.000     0.000    clk_IBUF_inst/I
    AB11                 INBUF (Prop_INBUF_HDIOB_M_PAD_O)
                                                      1.220     1.220 r  clk_IBUF_inst/INBUF_INST/O
                         net (fo=1, routed)           0.000     1.220    clk_IBUF_inst/OUT
    AB11                 IBUFCTRL (Prop_IBUFCTRL_HDIOB_M_I_O)
                                                      0.000     1.220 r  clk_IBUF_inst/IBUFCTRL_INST/O
                         net (fo=1, routed)           0.204     1.424    clk_IBUF
    BUFGCE_HDIO_X2Y1     BUFGCE (Prop_BUFCE_BUFGCE_HDIO_I_O)
                                                      0.028     1.452 r  clk_IBUF_BUFG_inst/O
    X1Y1 (CLOCK_ROOT)    net (fo=55, routed)          1.490     2.943    product_temp/CLK
    DSP48E2_X4Y24        DSP_A_B_DATA                                 r  product_temp/DSP_A_B_DATA_INST/CLK
  -------------------------------------------------------------------    -------------------
    DSP48E2_X4Y24        DSP_A_B_DATA (Prop_DSP_A_B_DATA_DSP48E2_CLK_B2_DATA[17])
                                                      0.212     3.155 r  product_temp/DSP_A_B_DATA_INST/B2_DATA[17]
                         net (fo=1, routed)           0.000     3.155    product_temp/DSP_A_B_DATA.B2_DATA<17>
    DSP48E2_X4Y24        DSP_PREADD_DATA (Prop_DSP_PREADD_DATA_DSP48E2_B2_DATA[17]_B2B1[17])
                                                      0.073     3.228 r  product_temp/DSP_PREADD_DATA_INST/B2B1[17]
                         net (fo=1, routed)           0.000     3.228    product_temp/DSP_PREADD_DATA.B2B1<17>
    DSP48E2_X4Y24        DSP_MULTIPLIER (Prop_DSP_MULTIPLIER_DSP48E2_B2B1[17]_V[43])
                                                      0.609     3.837 f  product_temp/DSP_MULTIPLIER_INST/V[43]
                         net (fo=1, routed)           0.000     3.837    product_temp/DSP_MULTIPLIER.V<43>
    DSP48E2_X4Y24        DSP_M_DATA (Prop_DSP_M_DATA_DSP48E2_V[43]_V_DATA[43])
                                                      0.046     3.883 r  product_temp/DSP_M_DATA_INST/V_DATA[43]
                         net (fo=1, routed)           0.000     3.883    product_temp/DSP_M_DATA.V_DATA<43>
    DSP48E2_X4Y24        DSP_ALU (Prop_DSP_ALU_DSP48E2_V_DATA[43]_ALU_OUT[47])
                                                      0.571     4.454 r  product_temp/DSP_ALU_INST/ALU_OUT[47]
                         net (fo=1, routed)           0.000     4.454    product_temp/DSP_ALU.ALU_OUT<47>
    DSP48E2_X4Y24        DSP_OUTPUT (Prop_DSP_OUTPUT_DSP48E2_ALU_OUT[47]_PATTERN_DETECT)
                                                      0.363     4.817 r  product_temp/DSP_OUTPUT_INST/PATTERN_DETECT
                         net (fo=19, routed)          0.438     5.255    product_temp_n_4
    SLICE_X43Y71         LUT6 (Prop_H6LUT_SLICEM_I2_O)
                                                      0.053     5.308 r  result[expon][8]_i_3/O
                         net (fo=5, routed)           0.111     5.419    result[expon][8]_i_3_n_0
    SLICE_X43Y70         LUT4 (Prop_C6LUT_SLICEM_I1_O)
                                                      0.123     5.542 r  result[expon][6]_i_1/O
                         net (fo=1, routed)           0.066     5.608    result[expon][6]_i_1_n_0
    SLICE_X43Y70         FDRE                                         r  result_reg[expon][6]/D
  -------------------------------------------------------------------    -------------------

                         (clock clk rise edge)        4.000     4.000 r  <hidden>
    AB11                                              0.000     4.000 r  clk
                         net (fo=0)                   0.000     4.000    clk_IBUF_inst/I
    AB11                 INBUF (Prop_INBUF_HDIOB_M_PAD_O)
                                                      0.798     4.798 r  clk_IBUF_inst/INBUF_INST/O
                         net (fo=1, routed)           0.000     4.798    clk_IBUF_inst/OUT
    AB11                 IBUFCTRL (Prop_IBUFCTRL_HDIOB_M_I_O)
                                                      0.000     4.798 r  clk_IBUF_inst/IBUFCTRL_INST/O
                         net (fo=1, routed)           0.169     4.967    clk_IBUF
    BUFGCE_HDIO_X2Y1     BUFGCE (Prop_BUFCE_BUFGCE_HDIO_I_O)
                                                      0.024     4.991 r  clk_IBUF_BUFG_inst/O
    X1Y1 (CLOCK_ROOT)    net (fo=55, routed)          1.256     6.247    clk_IBUF_BUFG
    SLICE_X43Y70         FDRE                                         r  result_reg[expon][6]/C
                         clock pessimism              0.550     6.796    <hidden>
                         clock uncertainty           -0.035     6.761    <hidden>
    SLICE_X43Y70         FDRE (Setup_CFF_SLICEM_C_D)
                                                      0.025     6.786    result_reg[expon][6]
  -------------------------------------------------------------------
                         required time                          6.786    <hidden>
                         arrival time                          -5.608    <hidden>
  -------------------------------------------------------------------
                         slack                                  1.178    <hidden>

Slack (MET) :             1.203ns  (required time - arrival time)
  Source:                 product_temp/DSP_A_B_DATA_INST/CLK
                            (rising edge-triggered cell DSP_A_B_DATA clocked by clk  {rise@0.000ns fall@2.000ns period=4.000ns})
  Destination:            result_reg[expon][7]/D
                            (rising edge-triggered cell FDRE clocked by clk  {rise@0.000ns fall@2.000ns period=4.000ns})
  Path Group:             clk
  Path Type:              Setup (Max at Slow Process Corner)
  Requirement:            4.000ns  (clk rise@4.000ns - clk rise@0.000ns)
  Data Path Delay:        2.640ns  (logic 2.064ns (78.177%)  route 0.576ns (21.823%))
  Logic Levels:           7  (DSP_ALU=1 DSP_M_DATA=1 DSP_MULTIPLIER=1 DSP_OUTPUT=1 DSP_PREADD_DATA=1 LUT5=1 LUT6=1)
  Clock Path Skew:        -0.146ns (DCD - SCD + CPR)
    Destination Clock Delay (DCD):    2.247ns = ( 6.247 - 4.000 ) 
    Source Clock Delay      (SCD):    2.943ns
    Clock Pessimism Removal (CPR):    0.550ns
  Clock Uncertainty:      0.035ns  ((TSJ^2 + TIJ^2)^1/2 + DJ) / 2 + PE
    Total System Jitter     (TSJ):    0.071ns
    Total Input Jitter      (TIJ):    0.000ns
    Discrete Jitter          (DJ):    0.000ns
    Phase Error              (PE):    0.000ns
  Clock Net Delay (Source):      1.490ns (routing 0.584ns, distribution 0.906ns)
  Clock Net Delay (Destination): 1.256ns (routing 0.531ns, distribution 0.725ns)

    Location             Delay type                Incr(ns)  Path(ns)    Netlist Resource(s)
  -------------------------------------------------------------------    -------------------
                         (clock clk rise edge)        0.000     0.000 r  <hidden>
    AB11                                              0.000     0.000 r  clk
                         net (fo=0)                   0.000     0.000    clk_IBUF_inst/I
    AB11                 INBUF (Prop_INBUF_HDIOB_M_PAD_O)
                                                      1.220     1.220 r  clk_IBUF_inst/INBUF_INST/O
                         net (fo=1, routed)           0.000     1.220    clk_IBUF_inst/OUT
    AB11                 IBUFCTRL (Prop_IBUFCTRL_HDIOB_M_I_O)
                                                      0.000     1.220 r  clk_IBUF_inst/IBUFCTRL_INST/O
                         net (fo=1, routed)           0.204     1.424    clk_IBUF
    BUFGCE_HDIO_X2Y1     BUFGCE (Prop_BUFCE_BUFGCE_HDIO_I_O)
                                                      0.028     1.452 r  clk_IBUF_BUFG_inst/O
    X1Y1 (CLOCK_ROOT)    net (fo=55, routed)          1.490     2.943    product_temp/CLK
    DSP48E2_X4Y24        DSP_A_B_DATA                                 r  product_temp/DSP_A_B_DATA_INST/CLK
  -------------------------------------------------------------------    -------------------
    DSP48E2_X4Y24        DSP_A_B_DATA (Prop_DSP_A_B_DATA_DSP48E2_CLK_B2_DATA[17])
                                                      0.212     3.155 r  product_temp/DSP_A_B_DATA_INST/B2_DATA[17]
                         net (fo=1, routed)           0.000     3.155    product_temp/DSP_A_B_DATA.B2_DATA<17>
    DSP48E2_X4Y24        DSP_PREADD_DATA (Prop_DSP_PREADD_DATA_DSP48E2_B2_DATA[17]_B2B1[17])
                                                      0.073     3.228 r  product_temp/DSP_PREADD_DATA_INST/B2B1[17]
                         net (fo=1, routed)           0.000     3.228    product_temp/DSP_PREADD_DATA.B2B1<17>
    DSP48E2_X4Y24        DSP_MULTIPLIER (Prop_DSP_MULTIPLIER_DSP48E2_B2B1[17]_V[43])
                                                      0.609     3.837 f  product_temp/DSP_MULTIPLIER_INST/V[43]
                         net (fo=1, routed)           0.000     3.837    product_temp/DSP_MULTIPLIER.V<43>
    DSP48E2_X4Y24        DSP_M_DATA (Prop_DSP_M_DATA_DSP48E2_V[43]_V_DATA[43])
                                                      0.046     3.883 r  product_temp/DSP_M_DATA_INST/V_DATA[43]
                         net (fo=1, routed)           0.000     3.883    product_temp/DSP_M_DATA.V_DATA<43>
    DSP48E2_X4Y24        DSP_ALU (Prop_DSP_ALU_DSP48E2_V_DATA[43]_ALU_OUT[47])
                                                      0.571     4.454 r  product_temp/DSP_ALU_INST/ALU_OUT[47]
                         net (fo=1, routed)           0.000     4.454    product_temp/DSP_ALU.ALU_OUT<47>
    DSP48E2_X4Y24        DSP_OUTPUT (Prop_DSP_OUTPUT_DSP48E2_ALU_OUT[47]_PATTERN_DETECT)
                                                      0.363     4.817 r  product_temp/DSP_OUTPUT_INST/PATTERN_DETECT
                         net (fo=19, routed)          0.438     5.255    product_temp_n_4
    SLICE_X43Y71         LUT6 (Prop_H6LUT_SLICEM_I2_O)
                                                      0.053     5.308 r  result[expon][8]_i_3/O
                         net (fo=5, routed)           0.111     5.419    result[expon][8]_i_3_n_0
    SLICE_X43Y70         LUT5 (Prop_C5LUT_SLICEM_I2_O)
                                                      0.137     5.556 r  result[expon][7]_i_1/O
                         net (fo=1, routed)           0.027     5.583    result[expon][7]_i_1_n_0
    SLICE_X43Y70         FDRE                                         r  result_reg[expon][7]/D
  -------------------------------------------------------------------    -------------------

                         (clock clk rise edge)        4.000     4.000 r  <hidden>
    AB11                                              0.000     4.000 r  clk
                         net (fo=0)                   0.000     4.000    clk_IBUF_inst/I
    AB11                 INBUF (Prop_INBUF_HDIOB_M_PAD_O)
                                                      0.798     4.798 r  clk_IBUF_inst/INBUF_INST/O
                         net (fo=1, routed)           0.000     4.798    clk_IBUF_inst/OUT
    AB11                 IBUFCTRL (Prop_IBUFCTRL_HDIOB_M_I_O)
                                                      0.000     4.798 r  clk_IBUF_inst/IBUFCTRL_INST/O
                         net (fo=1, routed)           0.169     4.967    clk_IBUF
    BUFGCE_HDIO_X2Y1     BUFGCE (Prop_BUFCE_BUFGCE_HDIO_I_O)
                                                      0.024     4.991 r  clk_IBUF_BUFG_inst/O
    X1Y1 (CLOCK_ROOT)    net (fo=55, routed)          1.256     6.247    clk_IBUF_BUFG
    SLICE_X43Y70         FDRE                                         r  result_reg[expon][7]/C
                         clock pessimism              0.550     6.796    <hidden>
                         clock uncertainty           -0.035     6.761    <hidden>
    SLICE_X43Y70         FDRE (Setup_CFF2_SLICEM_C_D)
                                                      0.025     6.786    result_reg[expon][7]
  -------------------------------------------------------------------
                         required time                          6.786    <hidden>
                         arrival time                          -5.583    <hidden>
  -------------------------------------------------------------------
                         slack                                  1.203    <hidden>

Slack (MET) :             1.203ns  (required time - arrival time)
  Source:                 product_temp/DSP_A_B_DATA_INST/CLK
                            (rising edge-triggered cell DSP_A_B_DATA clocked by clk  {rise@0.000ns fall@2.000ns period=4.000ns})
  Destination:            result_reg[expon][5]/D
                            (rising edge-triggered cell FDRE clocked by clk  {rise@0.000ns fall@2.000ns period=4.000ns})
  Path Group:             clk
  Path Type:              Setup (Max at Slow Process Corner)
  Requirement:            4.000ns  (clk rise@4.000ns - clk rise@0.000ns)
  Data Path Delay:        2.640ns  (logic 2.062ns (78.101%)  route 0.578ns (21.899%))
  Logic Levels:           7  (DSP_ALU=1 DSP_M_DATA=1 DSP_MULTIPLIER=1 DSP_OUTPUT=1 DSP_PREADD_DATA=1 LUT3=1 LUT6=1)
  Clock Path Skew:        -0.146ns (DCD - SCD + CPR)
    Destination Clock Delay (DCD):    2.247ns = ( 6.247 - 4.000 ) 
    Source Clock Delay      (SCD):    2.943ns
    Clock Pessimism Removal (CPR):    0.550ns
  Clock Uncertainty:      0.035ns  ((TSJ^2 + TIJ^2)^1/2 + DJ) / 2 + PE
    Total System Jitter     (TSJ):    0.071ns
    Total Input Jitter      (TIJ):    0.000ns
    Discrete Jitter          (DJ):    0.000ns
    Phase Error              (PE):    0.000ns
  Clock Net Delay (Source):      1.490ns (routing 0.584ns, distribution 0.906ns)
  Clock Net Delay (Destination): 1.256ns (routing 0.531ns, distribution 0.725ns)

    Location             Delay type                Incr(ns)  Path(ns)    Netlist Resource(s)
  -------------------------------------------------------------------    -------------------
                         (clock clk rise edge)        0.000     0.000 r  <hidden>
    AB11                                              0.000     0.000 r  clk
                         net (fo=0)                   0.000     0.000    clk_IBUF_inst/I
    AB11                 INBUF (Prop_INBUF_HDIOB_M_PAD_O)
                                                      1.220     1.220 r  clk_IBUF_inst/INBUF_INST/O
                         net (fo=1, routed)           0.000     1.220    clk_IBUF_inst/OUT
    AB11                 IBUFCTRL (Prop_IBUFCTRL_HDIOB_M_I_O)
                                                      0.000     1.220 r  clk_IBUF_inst/IBUFCTRL_INST/O
                         net (fo=1, routed)           0.204     1.424    clk_IBUF
    BUFGCE_HDIO_X2Y1     BUFGCE (Prop_BUFCE_BUFGCE_HDIO_I_O)
                                                      0.028     1.452 r  clk_IBUF_BUFG_inst/O
    X1Y1 (CLOCK_ROOT)    net (fo=55, routed)          1.490     2.943    product_temp/CLK
    DSP48E2_X4Y24        DSP_A_B_DATA                                 r  product_temp/DSP_A_B_DATA_INST/CLK
  -------------------------------------------------------------------    -------------------
    DSP48E2_X4Y24        DSP_A_B_DATA (Prop_DSP_A_B_DATA_DSP48E2_CLK_B2_DATA[17])
                                                      0.212     3.155 r  product_temp/DSP_A_B_DATA_INST/B2_DATA[17]
                         net (fo=1, routed)           0.000     3.155    product_temp/DSP_A_B_DATA.B2_DATA<17>
    DSP48E2_X4Y24        DSP_PREADD_DATA (Prop_DSP_PREADD_DATA_DSP48E2_B2_DATA[17]_B2B1[17])
                                                      0.073     3.228 r  product_temp/DSP_PREADD_DATA_INST/B2B1[17]
                         net (fo=1, routed)           0.000     3.228    product_temp/DSP_PREADD_DATA.B2B1<17>
    DSP48E2_X4Y24        DSP_MULTIPLIER (Prop_DSP_MULTIPLIER_DSP48E2_B2B1[17]_V[43])
                                                      0.609     3.837 f  product_temp/DSP_MULTIPLIER_INST/V[43]
                         net (fo=1, routed)           0.000     3.837    product_temp/DSP_MULTIPLIER.V<43>
    DSP48E2_X4Y24        DSP_M_DATA (Prop_DSP_M_DATA_DSP48E2_V[43]_V_DATA[43])
                                                      0.046     3.883 r  product_temp/DSP_M_DATA_INST/V_DATA[43]
                         net (fo=1, routed)           0.000     3.883    product_temp/DSP_M_DATA.V_DATA<43>
    DSP48E2_X4Y24        DSP_ALU (Prop_DSP_ALU_DSP48E2_V_DATA[43]_ALU_OUT[47])
                                                      0.571     4.454 r  product_temp/DSP_ALU_INST/ALU_OUT[47]
                         net (fo=1, routed)           0.000     4.454    product_temp/DSP_ALU.ALU_OUT<47>
    DSP48E2_X4Y24        DSP_OUTPUT (Prop_DSP_OUTPUT_DSP48E2_ALU_OUT[47]_PATTERN_DETECT)
                                                      0.363     4.817 r  product_temp/DSP_OUTPUT_INST/PATTERN_DETECT
                         net (fo=19, routed)          0.438     5.255    product_temp_n_4
    SLICE_X43Y71         LUT6 (Prop_H6LUT_SLICEM_I2_O)
                                                      0.053     5.308 r  result[expon][8]_i_3/O
                         net (fo=5, routed)           0.110     5.418    result[expon][8]_i_3_n_0
    SLICE_X43Y70         LUT3 (Prop_D5LUT_SLICEM_I1_O)
                                                      0.135     5.553 r  result[expon][5]_i_1/O
                         net (fo=1, routed)           0.030     5.583    result[expon][5]_i_1_n_0
    SLICE_X43Y70         FDRE                                         r  result_reg[expon][5]/D
  -------------------------------------------------------------------    -------------------

                         (clock clk rise edge)        4.000     4.000 r  <hidden>
    AB11                                              0.000     4.000 r  clk
                         net (fo=0)                   0.000     4.000    clk_IBUF_inst/I
    AB11                 INBUF (Prop_INBUF_HDIOB_M_PAD_O)
                                                      0.798     4.798 r  clk_IBUF_inst/INBUF_INST/O
                         net (fo=1, routed)           0.000     4.798    clk_IBUF_inst/OUT
    AB11                 IBUFCTRL (Prop_IBUFCTRL_HDIOB_M_I_O)
                                                      0.000     4.798 r  clk_IBUF_inst/IBUFCTRL_INST/O
                         net (fo=1, routed)           0.169     4.967    clk_IBUF
    BUFGCE_HDIO_X2Y1     BUFGCE (Prop_BUFCE_BUFGCE_HDIO_I_O)
                                                      0.024     4.991 r  clk_IBUF_BUFG_inst/O
    X1Y1 (CLOCK_ROOT)    net (fo=55, routed)          1.256     6.247    clk_IBUF_BUFG
    SLICE_X43Y70         FDRE                                         r  result_reg[expon][5]/C
                         clock pessimism              0.550     6.796    <hidden>
                         clock uncertainty           -0.035     6.761    <hidden>
    SLICE_X43Y70         FDRE (Setup_DFF2_SLICEM_C_D)
                                                      0.025     6.786    result_reg[expon][5]
  -------------------------------------------------------------------
                         required time                          6.786    <hidden>
                         arrival time                          -5.583    <hidden>
  -------------------------------------------------------------------
                         slack                                  1.203    <hidden>

Slack (MET) :             1.253ns  (required time - arrival time)
  Source:                 product_temp/DSP_A_B_DATA_INST/CLK
                            (rising edge-triggered cell DSP_A_B_DATA clocked by clk  {rise@0.000ns fall@2.000ns period=4.000ns})
  Destination:            result_reg[expon][1]/D
                            (rising edge-triggered cell FDRE clocked by clk  {rise@0.000ns fall@2.000ns period=4.000ns})
  Path Group:             clk
  Path Type:              Setup (Max at Slow Process Corner)
  Requirement:            4.000ns  (clk rise@4.000ns - clk rise@0.000ns)
  Data Path Delay:        2.589ns  (logic 1.973ns (76.194%)  route 0.616ns (23.806%))
  Logic Levels:           6  (DSP_ALU=1 DSP_M_DATA=1 DSP_MULTIPLIER=1 DSP_OUTPUT=1 DSP_PREADD_DATA=1 LUT4=1)
  Clock Path Skew:        -0.147ns (DCD - SCD + CPR)
    Destination Clock Delay (DCD):    2.246ns = ( 6.246 - 4.000 ) 
    Source Clock Delay      (SCD):    2.943ns
    Clock Pessimism Removal (CPR):    0.550ns
  Clock Uncertainty:      0.035ns  ((TSJ^2 + TIJ^2)^1/2 + DJ) / 2 + PE
    Total System Jitter     (TSJ):    0.071ns
    Total Input Jitter      (TIJ):    0.000ns
    Discrete Jitter          (DJ):    0.000ns
    Phase Error              (PE):    0.000ns
  Clock Net Delay (Source):      1.490ns (routing 0.584ns, distribution 0.906ns)
  Clock Net Delay (Destination): 1.255ns (routing 0.531ns, distribution 0.724ns)

    Location             Delay type                Incr(ns)  Path(ns)    Netlist Resource(s)
  -------------------------------------------------------------------    -------------------
                         (clock clk rise edge)        0.000     0.000 r  <hidden>
    AB11                                              0.000     0.000 r  clk
                         net (fo=0)                   0.000     0.000    clk_IBUF_inst/I
    AB11                 INBUF (Prop_INBUF_HDIOB_M_PAD_O)
                                                      1.220     1.220 r  clk_IBUF_inst/INBUF_INST/O
                         net (fo=1, routed)           0.000     1.220    clk_IBUF_inst/OUT
    AB11                 IBUFCTRL (Prop_IBUFCTRL_HDIOB_M_I_O)
                                                      0.000     1.220 r  clk_IBUF_inst/IBUFCTRL_INST/O
                         net (fo=1, routed)           0.204     1.424    clk_IBUF
    BUFGCE_HDIO_X2Y1     BUFGCE (Prop_BUFCE_BUFGCE_HDIO_I_O)
                                                      0.028     1.452 r  clk_IBUF_BUFG_inst/O
    X1Y1 (CLOCK_ROOT)    net (fo=55, routed)          1.490     2.943    product_temp/CLK
    DSP48E2_X4Y24        DSP_A_B_DATA                                 r  product_temp/DSP_A_B_DATA_INST/CLK
  -------------------------------------------------------------------    -------------------
    DSP48E2_X4Y24        DSP_A_B_DATA (Prop_DSP_A_B_DATA_DSP48E2_CLK_B2_DATA[17])
                                                      0.212     3.155 r  product_temp/DSP_A_B_DATA_INST/B2_DATA[17]
                         net (fo=1, routed)           0.000     3.155    product_temp/DSP_A_B_DATA.B2_DATA<17>
    DSP48E2_X4Y24        DSP_PREADD_DATA (Prop_DSP_PREADD_DATA_DSP48E2_B2_DATA[17]_B2B1[17])
                                                      0.073     3.228 r  product_temp/DSP_PREADD_DATA_INST/B2B1[17]
                         net (fo=1, routed)           0.000     3.228    product_temp/DSP_PREADD_DATA.B2B1<17>
    DSP48E2_X4Y24        DSP_MULTIPLIER (Prop_DSP_MULTIPLIER_DSP48E2_B2B1[17]_V[43])
                                                      0.609     3.837 f  product_temp/DSP_MULTIPLIER_INST/V[43]
                         net (fo=1, routed)           0.000     3.837    product_temp/DSP_MULTIPLIER.V<43>
    DSP48E2_X4Y24        DSP_M_DATA (Prop_DSP_M_DATA_DSP48E2_V[43]_V_DATA[43])
                                                      0.046     3.883 r  product_temp/DSP_M_DATA_INST/V_DATA[43]
                         net (fo=1, routed)           0.000     3.883    product_temp/DSP_M_DATA.V_DATA<43>
    DSP48E2_X4Y24        DSP_ALU (Prop_DSP_ALU_DSP48E2_V_DATA[43]_ALU_OUT[47])
                                                      0.571     4.454 r  product_temp/DSP_ALU_INST/ALU_OUT[47]
                         net (fo=1, routed)           0.000     4.454    product_temp/DSP_ALU.ALU_OUT<47>
    DSP48E2_X4Y24        DSP_OUTPUT (Prop_DSP_OUTPUT_DSP48E2_ALU_OUT[47]_PATTERN_DETECT)
                                                      0.363     4.817 r  product_temp/DSP_OUTPUT_INST/PATTERN_DETECT
                         net (fo=19, routed)          0.544     5.361    product_temp_n_4
    SLICE_X43Y71         LUT4 (Prop_D6LUT_SLICEM_I1_O)
                                                      0.099     5.460 r  result[expon][1]_i_1/O
                         net (fo=1, routed)           0.072     5.532    result[expon][1]_i_1_n_0
    SLICE_X43Y71         FDRE                                         r  result_reg[expon][1]/D
  -------------------------------------------------------------------    -------------------

                         (clock clk rise edge)        4.000     4.000 r  <hidden>
    AB11                                              0.000     4.000 r  clk
                         net (fo=0)                   0.000     4.000    clk_IBUF_inst/I
    AB11                 INBUF (Prop_INBUF_HDIOB_M_PAD_O)
                                                      0.798     4.798 r  clk_IBUF_inst/INBUF_INST/O
                         net (fo=1, routed)           0.000     4.798    clk_IBUF_inst/OUT
    AB11                 IBUFCTRL (Prop_IBUFCTRL_HDIOB_M_I_O)
                                                      0.000     4.798 r  clk_IBUF_inst/IBUFCTRL_INST/O
                         net (fo=1, routed)           0.169     4.967    clk_IBUF
    BUFGCE_HDIO_X2Y1     BUFGCE (Prop_BUFCE_BUFGCE_HDIO_I_O)
                                                      0.024     4.991 r  clk_IBUF_BUFG_inst/O
    X1Y1 (CLOCK_ROOT)    net (fo=55, routed)          1.255     6.246    clk_IBUF_BUFG
    SLICE_X43Y71         FDRE                                         r  result_reg[expon][1]/C
                         clock pessimism              0.550     6.795    <hidden>
                         clock uncertainty           -0.035     6.760    <hidden>
    SLICE_X43Y71         FDRE (Setup_DFF_SLICEM_C_D)
                                                      0.025     6.785    result_reg[expon][1]
  -------------------------------------------------------------------
                         required time                          6.785    <hidden>
                         arrival time                          -5.532    <hidden>
  -------------------------------------------------------------------
                         slack                                  1.253    <hidden>

Slack (MET) :             1.284ns  (required time - arrival time)
  Source:                 product_temp/DSP_A_B_DATA_INST/CLK
                            (rising edge-triggered cell DSP_A_B_DATA clocked by clk  {rise@0.000ns fall@2.000ns period=4.000ns})
  Destination:            result_reg[expon][2]/D
                            (rising edge-triggered cell FDRE clocked by clk  {rise@0.000ns fall@2.000ns period=4.000ns})
  Path Group:             clk
  Path Type:              Setup (Max at Slow Process Corner)
  Requirement:            4.000ns  (clk rise@4.000ns - clk rise@0.000ns)
  Data Path Delay:        2.558ns  (logic 1.984ns (77.547%)  route 0.574ns (22.453%))
  Logic Levels:           6  (DSP_ALU=1 DSP_M_DATA=1 DSP_MULTIPLIER=1 DSP_OUTPUT=1 DSP_PREADD_DATA=1 LUT5=1)
  Clock Path Skew:        -0.147ns (DCD - SCD + CPR)
    Destination Clock Delay (DCD):    2.246ns = ( 6.246 - 4.000 ) 
    Source Clock Delay      (SCD):    2.943ns
    Clock Pessimism Removal (CPR):    0.550ns
  Clock Uncertainty:      0.035ns  ((TSJ^2 + TIJ^2)^1/2 + DJ) / 2 + PE
    Total System Jitter     (TSJ):    0.071ns
    Total Input Jitter      (TIJ):    0.000ns
    Discrete Jitter          (DJ):    0.000ns
    Phase Error              (PE):    0.000ns
  Clock Net Delay (Source):      1.490ns (routing 0.584ns, distribution 0.906ns)
  Clock Net Delay (Destination): 1.255ns (routing 0.531ns, distribution 0.724ns)

    Location             Delay type                Incr(ns)  Path(ns)    Netlist Resource(s)
  -------------------------------------------------------------------    -------------------
                         (clock clk rise edge)        0.000     0.000 r  <hidden>
    AB11                                              0.000     0.000 r  clk
                         net (fo=0)                   0.000     0.000    clk_IBUF_inst/I
    AB11                 INBUF (Prop_INBUF_HDIOB_M_PAD_O)
                                                      1.220     1.220 r  clk_IBUF_inst/INBUF_INST/O
                         net (fo=1, routed)           0.000     1.220    clk_IBUF_inst/OUT
    AB11                 IBUFCTRL (Prop_IBUFCTRL_HDIOB_M_I_O)
                                                      0.000     1.220 r  clk_IBUF_inst/IBUFCTRL_INST/O
                         net (fo=1, routed)           0.204     1.424    clk_IBUF
    BUFGCE_HDIO_X2Y1     BUFGCE (Prop_BUFCE_BUFGCE_HDIO_I_O)
                                                      0.028     1.452 r  clk_IBUF_BUFG_inst/O
    X1Y1 (CLOCK_ROOT)    net (fo=55, routed)          1.490     2.943    product_temp/CLK
    DSP48E2_X4Y24        DSP_A_B_DATA                                 r  product_temp/DSP_A_B_DATA_INST/CLK
  -------------------------------------------------------------------    -------------------
    DSP48E2_X4Y24        DSP_A_B_DATA (Prop_DSP_A_B_DATA_DSP48E2_CLK_B2_DATA[17])
                                                      0.212     3.155 r  product_temp/DSP_A_B_DATA_INST/B2_DATA[17]
                         net (fo=1, routed)           0.000     3.155    product_temp/DSP_A_B_DATA.B2_DATA<17>
    DSP48E2_X4Y24        DSP_PREADD_DATA (Prop_DSP_PREADD_DATA_DSP48E2_B2_DATA[17]_B2B1[17])
                                                      0.073     3.228 r  product_temp/DSP_PREADD_DATA_INST/B2B1[17]
                         net (fo=1, routed)           0.000     3.228    product_temp/DSP_PREADD_DATA.B2B1<17>
    DSP48E2_X4Y24        DSP_MULTIPLIER (Prop_DSP_MULTIPLIER_DSP48E2_B2B1[17]_V[43])
                                                      0.609     3.837 f  product_temp/DSP_MULTIPLIER_INST/V[43]
                         net (fo=1, routed)           0.000     3.837    product_temp/DSP_MULTIPLIER.V<43>
    DSP48E2_X4Y24        DSP_M_DATA (Prop_DSP_M_DATA_DSP48E2_V[43]_V_DATA[43])
                                                      0.046     3.883 r  product_temp/DSP_M_DATA_INST/V_DATA[43]
                         net (fo=1, routed)           0.000     3.883    product_temp/DSP_M_DATA.V_DATA<43>
    DSP48E2_X4Y24        DSP_ALU (Prop_DSP_ALU_DSP48E2_V_DATA[43]_ALU_OUT[47])
                                                      0.571     4.454 r  product_temp/DSP_ALU_INST/ALU_OUT[47]
                         net (fo=1, routed)           0.000     4.454    product_temp/DSP_ALU.ALU_OUT<47>
    DSP48E2_X4Y24        DSP_OUTPUT (Prop_DSP_OUTPUT_DSP48E2_ALU_OUT[47]_PATTERN_DETECT)
                                                      0.363     4.817 r  product_temp/DSP_OUTPUT_INST/PATTERN_DETECT
                         net (fo=19, routed)          0.544     5.361    product_temp_n_4
    SLICE_X43Y71         LUT5 (Prop_D5LUT_SLICEM_I2_O)
                                                      0.110     5.471 r  result[expon][2]_i_1/O
                         net (fo=1, routed)           0.030     5.501    result[expon][2]_i_1_n_0
    SLICE_X43Y71         FDRE                                         r  result_reg[expon][2]/D
  -------------------------------------------------------------------    -------------------

                         (clock clk rise edge)        4.000     4.000 r  <hidden>
    AB11                                              0.000     4.000 r  clk
                         net (fo=0)                   0.000     4.000    clk_IBUF_inst/I
    AB11                 INBUF (Prop_INBUF_HDIOB_M_PAD_O)
                                                      0.798     4.798 r  clk_IBUF_inst/INBUF_INST/O
                         net (fo=1, routed)           0.000     4.798    clk_IBUF_inst/OUT
    AB11                 IBUFCTRL (Prop_IBUFCTRL_HDIOB_M_I_O)
                                                      0.000     4.798 r  clk_IBUF_inst/IBUFCTRL_INST/O
                         net (fo=1, routed)           0.169     4.967    clk_IBUF
    BUFGCE_HDIO_X2Y1     BUFGCE (Prop_BUFCE_BUFGCE_HDIO_I_O)
                                                      0.024     4.991 r  clk_IBUF_BUFG_inst/O
    X1Y1 (CLOCK_ROOT)    net (fo=55, routed)          1.255     6.246    clk_IBUF_BUFG
    SLICE_X43Y71         FDRE                                         r  result_reg[expon][2]/C
                         clock pessimism              0.550     6.795    <hidden>
                         clock uncertainty           -0.035     6.760    <hidden>
    SLICE_X43Y71         FDRE (Setup_DFF2_SLICEM_C_D)
                                                      0.025     6.785    result_reg[expon][2]
  -------------------------------------------------------------------
                         required time                          6.785    <hidden>
                         arrival time                          -5.501    <hidden>
  -------------------------------------------------------------------
                         slack                                  1.284    <hidden>

Slack (MET) :             1.331ns  (required time - arrival time)
  Source:                 product_temp/DSP_A_B_DATA_INST/CLK
                            (rising edge-triggered cell DSP_A_B_DATA clocked by clk  {rise@0.000ns fall@2.000ns period=4.000ns})
  Destination:            result_reg[expon][3]/D
                            (rising edge-triggered cell FDRE clocked by clk  {rise@0.000ns fall@2.000ns period=4.000ns})
  Path Group:             clk
  Path Type:              Setup (Max at Slow Process Corner)
  Requirement:            4.000ns  (clk rise@4.000ns - clk rise@0.000ns)
  Data Path Delay:        2.511ns  (logic 1.911ns (76.092%)  route 0.600ns (23.908%))
  Logic Levels:           6  (DSP_ALU=1 DSP_M_DATA=1 DSP_MULTIPLIER=1 DSP_OUTPUT=1 DSP_PREADD_DATA=1 LUT6=1)
  Clock Path Skew:        -0.147ns (DCD - SCD + CPR)
    Destination Clock Delay (DCD):    2.246ns = ( 6.246 - 4.000 ) 
    Source Clock Delay      (SCD):    2.943ns
    Clock Pessimism Removal (CPR):    0.550ns
  Clock Uncertainty:      0.035ns  ((TSJ^2 + TIJ^2)^1/2 + DJ) / 2 + PE
    Total System Jitter     (TSJ):    0.071ns
    Total Input Jitter      (TIJ):    0.000ns
    Discrete Jitter          (DJ):    0.000ns
    Phase Error              (PE):    0.000ns
  Clock Net Delay (Source):      1.490ns (routing 0.584ns, distribution 0.906ns)
  Clock Net Delay (Destination): 1.255ns (routing 0.531ns, distribution 0.724ns)

    Location             Delay type                Incr(ns)  Path(ns)    Netlist Resource(s)
  -------------------------------------------------------------------    -------------------
                         (clock clk rise edge)        0.000     0.000 r  <hidden>
    AB11                                              0.000     0.000 r  clk
                         net (fo=0)                   0.000     0.000    clk_IBUF_inst/I
    AB11                 INBUF (Prop_INBUF_HDIOB_M_PAD_O)
                                                      1.220     1.220 r  clk_IBUF_inst/INBUF_INST/O
                         net (fo=1, routed)           0.000     1.220    clk_IBUF_inst/OUT
    AB11                 IBUFCTRL (Prop_IBUFCTRL_HDIOB_M_I_O)
                                                      0.000     1.220 r  clk_IBUF_inst/IBUFCTRL_INST/O
                         net (fo=1, routed)           0.204     1.424    clk_IBUF
    BUFGCE_HDIO_X2Y1     BUFGCE (Prop_BUFCE_BUFGCE_HDIO_I_O)
                                                      0.028     1.452 r  clk_IBUF_BUFG_inst/O
    X1Y1 (CLOCK_ROOT)    net (fo=55, routed)          1.490     2.943    product_temp/CLK
    DSP48E2_X4Y24        DSP_A_B_DATA                                 r  product_temp/DSP_A_B_DATA_INST/CLK
  -------------------------------------------------------------------    -------------------
    DSP48E2_X4Y24        DSP_A_B_DATA (Prop_DSP_A_B_DATA_DSP48E2_CLK_B2_DATA[17])
                                                      0.212     3.155 r  product_temp/DSP_A_B_DATA_INST/B2_DATA[17]
                         net (fo=1, routed)           0.000     3.155    product_temp/DSP_A_B_DATA.B2_DATA<17>
    DSP48E2_X4Y24        DSP_PREADD_DATA (Prop_DSP_PREADD_DATA_DSP48E2_B2_DATA[17]_B2B1[17])
                                                      0.073     3.228 r  product_temp/DSP_PREADD_DATA_INST/B2B1[17]
                         net (fo=1, routed)           0.000     3.228    product_temp/DSP_PREADD_DATA.B2B1<17>
    DSP48E2_X4Y24        DSP_MULTIPLIER (Prop_DSP_MULTIPLIER_DSP48E2_B2B1[17]_V[43])
                                                      0.609     3.837 f  product_temp/DSP_MULTIPLIER_INST/V[43]
                         net (fo=1, routed)           0.000     3.837    product_temp/DSP_MULTIPLIER.V<43>
    DSP48E2_X4Y24        DSP_M_DATA (Prop_DSP_M_DATA_DSP48E2_V[43]_V_DATA[43])
                                                      0.046     3.883 r  product_temp/DSP_M_DATA_INST/V_DATA[43]
                         net (fo=1, routed)           0.000     3.883    product_temp/DSP_M_DATA.V_DATA<43>
    DSP48E2_X4Y24        DSP_ALU (Prop_DSP_ALU_DSP48E2_V_DATA[43]_ALU_OUT[47])
                                                      0.571     4.454 r  product_temp/DSP_ALU_INST/ALU_OUT[47]
                         net (fo=1, routed)           0.000     4.454    product_temp/DSP_ALU.ALU_OUT<47>
    DSP48E2_X4Y24        DSP_OUTPUT (Prop_DSP_OUTPUT_DSP48E2_ALU_OUT[47]_PATTERN_DETECT)
                                                      0.363     4.817 r  product_temp/DSP_OUTPUT_INST/PATTERN_DETECT
                         net (fo=19, routed)          0.541     5.358    product_temp_n_4
    SLICE_X43Y71         LUT6 (Prop_B6LUT_SLICEM_I2_O)
                                                      0.037     5.395 r  result[expon][3]_i_1/O
                         net (fo=1, routed)           0.059     5.454    result[expon][3]_i_1_n_0
    SLICE_X43Y71         FDRE                                         r  result_reg[expon][3]/D
  -------------------------------------------------------------------    -------------------

                         (clock clk rise edge)        4.000     4.000 r  <hidden>
    AB11                                              0.000     4.000 r  clk
                         net (fo=0)                   0.000     4.000    clk_IBUF_inst/I
    AB11                 INBUF (Prop_INBUF_HDIOB_M_PAD_O)
                                                      0.798     4.798 r  clk_IBUF_inst/INBUF_INST/O
                         net (fo=1, routed)           0.000     4.798    clk_IBUF_inst/OUT
    AB11                 IBUFCTRL (Prop_IBUFCTRL_HDIOB_M_I_O)
                                                      0.000     4.798 r  clk_IBUF_inst/IBUFCTRL_INST/O
                         net (fo=1, routed)           0.169     4.967    clk_IBUF
    BUFGCE_HDIO_X2Y1     BUFGCE (Prop_BUFCE_BUFGCE_HDIO_I_O)
                                                      0.024     4.991 r  clk_IBUF_BUFG_inst/O
    X1Y1 (CLOCK_ROOT)    net (fo=55, routed)          1.255     6.246    clk_IBUF_BUFG
    SLICE_X43Y71         FDRE                                         r  result_reg[expon][3]/C
                         clock pessimism              0.550     6.795    <hidden>
                         clock uncertainty           -0.035     6.760    <hidden>
    SLICE_X43Y71         FDRE (Setup_BFF_SLICEM_C_D)
                                                      0.025     6.785    result_reg[expon][3]
  -------------------------------------------------------------------
                         required time                          6.785    <hidden>
                         arrival time                          -5.454    <hidden>
  -------------------------------------------------------------------
                         slack                                  1.331    <hidden>

Slack (MET) :             1.338ns  (required time - arrival time)
  Source:                 product_temp/DSP_A_B_DATA_INST/CLK
                            (rising edge-triggered cell DSP_A_B_DATA clocked by clk  {rise@0.000ns fall@2.000ns period=4.000ns})
  Destination:            result_reg[frac][0]/S
                            (rising edge-triggered cell FDSE clocked by clk  {rise@0.000ns fall@2.000ns period=4.000ns})
  Path Group:             clk
  Path Type:              Setup (Max at Slow Process Corner)
  Requirement:            4.000ns  (clk rise@4.000ns - clk rise@0.000ns)
  Data Path Delay:        2.479ns  (logic 1.868ns (75.353%)  route 0.611ns (24.647%))
  Logic Levels:           7  (DSP_ALU=1 DSP_M_DATA=1 DSP_MULTIPLIER=1 DSP_OUTPUT=1 DSP_PREADD_DATA=1 LUT4=1 LUT6=1)
  Clock Path Skew:        -0.073ns (DCD - SCD + CPR)
    Destination Clock Delay (DCD):    2.257ns = ( 6.257 - 4.000 ) 
    Source Clock Delay      (SCD):    2.943ns
    Clock Pessimism Removal (CPR):    0.612ns
  Clock Uncertainty:      0.035ns  ((TSJ^2 + TIJ^2)^1/2 + DJ) / 2 + PE
    Total System Jitter     (TSJ):    0.071ns
    Total Input Jitter      (TIJ):    0.000ns
    Discrete Jitter          (DJ):    0.000ns
    Phase Error              (PE):    0.000ns
  Clock Net Delay (Source):      1.490ns (routing 0.584ns, distribution 0.906ns)
  Clock Net Delay (Destination): 1.267ns (routing 0.531ns, distribution 0.736ns)

    Location             Delay type                Incr(ns)  Path(ns)    Netlist Resource(s)
  -------------------------------------------------------------------    -------------------
                         (clock clk rise edge)        0.000     0.000 r  <hidden>
    AB11                                              0.000     0.000 r  clk
                         net (fo=0)                   0.000     0.000    clk_IBUF_inst/I
    AB11                 INBUF (Prop_INBUF_HDIOB_M_PAD_O)
                                                      1.220     1.220 r  clk_IBUF_inst/INBUF_INST/O
                         net (fo=1, routed)           0.000     1.220    clk_IBUF_inst/OUT
    AB11                 IBUFCTRL (Prop_IBUFCTRL_HDIOB_M_I_O)
                                                      0.000     1.220 r  clk_IBUF_inst/IBUFCTRL_INST/O
                         net (fo=1, routed)           0.204     1.424    clk_IBUF
    BUFGCE_HDIO_X2Y1     BUFGCE (Prop_BUFCE_BUFGCE_HDIO_I_O)
                                                      0.028     1.452 r  clk_IBUF_BUFG_inst/O
    X1Y1 (CLOCK_ROOT)    net (fo=55, routed)          1.490     2.943    product_temp/CLK
    DSP48E2_X4Y24        DSP_A_B_DATA                                 r  product_temp/DSP_A_B_DATA_INST/CLK
  -------------------------------------------------------------------    -------------------
    DSP48E2_X4Y24        DSP_A_B_DATA (Prop_DSP_A_B_DATA_DSP48E2_CLK_B2_DATA[1])
                                                      0.212     3.155 r  product_temp/DSP_A_B_DATA_INST/B2_DATA[1]
                         net (fo=1, routed)           0.000     3.155    product_temp/DSP_A_B_DATA.B2_DATA<1>
    DSP48E2_X4Y24        DSP_PREADD_DATA (Prop_DSP_PREADD_DATA_DSP48E2_B2_DATA[1]_B2B1[1])
                                                      0.073     3.228 r  product_temp/DSP_PREADD_DATA_INST/B2B1[1]
                         net (fo=1, routed)           0.000     3.228    product_temp/DSP_PREADD_DATA.B2B1<1>
    DSP48E2_X4Y24        DSP_MULTIPLIER (Prop_DSP_MULTIPLIER_DSP48E2_B2B1[1]_V[0])
                                                      0.609     3.837 f  product_temp/DSP_MULTIPLIER_INST/V[0]
                         net (fo=1, routed)           0.000     3.837    product_temp/DSP_MULTIPLIER.V<0>
    DSP48E2_X4Y24        DSP_M_DATA (Prop_DSP_M_DATA_DSP48E2_V[0]_V_DATA[0])
                                                      0.046     3.883 r  product_temp/DSP_M_DATA_INST/V_DATA[0]
                         net (fo=1, routed)           0.000     3.883    product_temp/DSP_M_DATA.V_DATA<0>
    DSP48E2_X4Y24        DSP_ALU (Prop_DSP_ALU_DSP48E2_V_DATA[0]_ALU_OUT[2])
                                                      0.571     4.454 f  product_temp/DSP_ALU_INST/ALU_OUT[2]
                         net (fo=1, routed)           0.000     4.454    product_temp/DSP_ALU.ALU_OUT<2>
    DSP48E2_X4Y24        DSP_OUTPUT (Prop_DSP_OUTPUT_DSP48E2_ALU_OUT[2]_P[2])
                                                      0.109     4.563 r  product_temp/DSP_OUTPUT_INST/P[2]
                         net (fo=1, routed)           0.297     4.860    product_temp_n_103
    SLICE_X42Y60         LUT6 (Prop_H6LUT_SLICEM_I2_O)
                                                      0.125     4.985 r  result[frac][0]_i_4/O
                         net (fo=1, routed)           0.097     5.082    result[frac][0]_i_4_n_0
    SLICE_X42Y61         LUT4 (Prop_G6LUT_SLICEM_I3_O)
                                                      0.123     5.205 r  result[frac][0]_i_1/O
                         net (fo=1, routed)           0.217     5.422    result[frac][0]_i_1_n_0
    SLICE_X42Y61         FDSE                                         r  result_reg[frac][0]/S
  -------------------------------------------------------------------    -------------------

                         (clock clk rise edge)        4.000     4.000 r  <hidden>
    AB11                                              0.000     4.000 r  clk
                         net (fo=0)                   0.000     4.000    clk_IBUF_inst/I
    AB11                 INBUF (Prop_INBUF_HDIOB_M_PAD_O)
                                                      0.798     4.798 r  clk_IBUF_inst/INBUF_INST/O
                         net (fo=1, routed)           0.000     4.798    clk_IBUF_inst/OUT
    AB11                 IBUFCTRL (Prop_IBUFCTRL_HDIOB_M_I_O)
                                                      0.000     4.798 r  clk_IBUF_inst/IBUFCTRL_INST/O
                         net (fo=1, routed)           0.169     4.967    clk_IBUF
    BUFGCE_HDIO_X2Y1     BUFGCE (Prop_BUFCE_BUFGCE_HDIO_I_O)
                                                      0.024     4.991 r  clk_IBUF_BUFG_inst/O
    X1Y1 (CLOCK_ROOT)    net (fo=55, routed)          1.267     6.257    clk_IBUF_BUFG
    SLICE_X42Y61         FDSE                                         r  result_reg[frac][0]/C
                         clock pessimism              0.612     6.869    <hidden>
                         clock uncertainty           -0.035     6.834    <hidden>
    SLICE_X42Y61         FDSE (Setup_DFF2_SLICEM_C_S)
                                                     -0.074     6.760    result_reg[frac][0]
  -------------------------------------------------------------------
                         required time                          6.760    <hidden>
                         arrival time                          -5.422    <hidden>
  -------------------------------------------------------------------
                         slack                                  1.338    <hidden>





Min Delay Paths
--------------------------------------------------------------------------------------
Slack (MET) :             0.089ns  (arrival time - required time)
  Source:                 alu_ina_reg[sign]/C
                            (rising edge-triggered cell FDRE clocked by clk  {rise@0.000ns fall@2.000ns period=4.000ns})
  Destination:            result_reg[sign]/D
                            (rising edge-triggered cell FDSE clocked by clk  {rise@0.000ns fall@2.000ns period=4.000ns})
  Path Group:             clk
  Path Type:              Hold (Min at Fast Process Corner)
  Requirement:            0.000ns  (clk rise@0.000ns - clk rise@0.000ns)
  Data Path Delay:        0.151ns  (logic 0.089ns (58.980%)  route 0.062ns (41.020%))
  Logic Levels:           1  (LUT2=1)
  Clock Path Skew:        0.015ns (DCD - SCD - CPR)
    Destination Clock Delay (DCD):    2.054ns
    Source Clock Delay      (SCD):    1.678ns
    Clock Pessimism Removal (CPR):    0.361ns
  Clock Net Delay (Source):      0.773ns (routing 0.321ns, distribution 0.452ns)
  Clock Net Delay (Destination): 0.880ns (routing 0.358ns, distribution 0.522ns)

    Location             Delay type                Incr(ns)  Path(ns)    Netlist Resource(s)
  -------------------------------------------------------------------    -------------------
                         (clock clk rise edge)        0.000     0.000 r  <hidden>
    AB11                                              0.000     0.000 r  clk
                         net (fo=0)                   0.000     0.000    clk_IBUF_inst/I
    AB11                 INBUF (Prop_INBUF_HDIOB_M_PAD_O)
                                                      0.798     0.798 r  clk_IBUF_inst/INBUF_INST/O
                         net (fo=1, routed)           0.000     0.798    clk_IBUF_inst/OUT
    AB11                 IBUFCTRL (Prop_IBUFCTRL_HDIOB_M_I_O)
                                                      0.000     0.798 r  clk_IBUF_inst/IBUFCTRL_INST/O
                         net (fo=1, routed)           0.091     0.889    clk_IBUF
    BUFGCE_HDIO_X2Y1     BUFGCE (Prop_BUFCE_BUFGCE_HDIO_I_O)
                                                      0.017     0.906 r  clk_IBUF_BUFG_inst/O
    X1Y1 (CLOCK_ROOT)    net (fo=55, routed)          0.773     1.678    clk_IBUF_BUFG
    SLICE_X48Y92         FDRE                                         r  alu_ina_reg[sign]/C
  -------------------------------------------------------------------    -------------------
    SLICE_X48Y92         FDRE (Prop_EFF_SLICEM_C_Q)
                                                      0.038     1.716 r  alu_ina_reg[sign]/Q
                         net (fo=2, routed)           0.053     1.769    alu_ina_reg[sign]__0
    SLICE_X48Y92         LUT2 (Prop_D5LUT_SLICEM_I1_O)
                                                      0.051     1.820 r  result[sign]_i_2/O
                         net (fo=1, routed)           0.009     1.829    result[sign]_i_2_n_0
    SLICE_X48Y92         FDSE                                         r  result_reg[sign]/D
  -------------------------------------------------------------------    -------------------

                         (clock clk rise edge)        0.000     0.000 r  <hidden>
    AB11                                              0.000     0.000 r  clk
                         net (fo=0)                   0.000     0.000    clk_IBUF_inst/I
    AB11                 INBUF (Prop_INBUF_HDIOB_M_PAD_O)
                                                      1.041     1.041 r  clk_IBUF_inst/INBUF_INST/O
                         net (fo=1, routed)           0.000     1.041    clk_IBUF_inst/OUT
    AB11                 IBUFCTRL (Prop_IBUFCTRL_HDIOB_M_I_O)
                                                      0.000     1.041 r  clk_IBUF_inst/IBUFCTRL_INST/O
                         net (fo=1, routed)           0.113     1.154    clk_IBUF
    BUFGCE_HDIO_X2Y1     BUFGCE (Prop_BUFCE_BUFGCE_HDIO_I_O)
                                                      0.019     1.173 r  clk_IBUF_BUFG_inst/O
    X1Y1 (CLOCK_ROOT)    net (fo=55, routed)          0.880     2.054    clk_IBUF_BUFG
    SLICE_X48Y92         FDSE                                         r  result_reg[sign]/C
                         clock pessimism             -0.361     1.693    <hidden>
    SLICE_X48Y92         FDSE (Hold_DFF2_SLICEM_C_D)
                                                      0.047     1.740    result_reg[sign]
  -------------------------------------------------------------------
                         required time                         -1.740    <hidden>
                         arrival time                           1.829    <hidden>
  -------------------------------------------------------------------
                         slack                                  0.089    <hidden>

Slack (MET) :             0.102ns  (arrival time - required time)
  Source:                 alu_inb_reg[znan]/C
                            (rising edge-triggered cell FDRE clocked by clk  {rise@0.000ns fall@2.000ns period=4.000ns})
  Destination:            result_reg[znan]/D
                            (rising edge-triggered cell FDRE clocked by clk  {rise@0.000ns fall@2.000ns period=4.000ns})
  Path Group:             clk
  Path Type:              Hold (Min at Fast Process Corner)
  Requirement:            0.000ns  (clk rise@0.000ns - clk rise@0.000ns)
  Data Path Delay:        0.155ns  (logic 0.073ns (47.097%)  route 0.082ns (52.903%))
  Logic Levels:           1  (LUT2=1)
  Clock Path Skew:        0.006ns (DCD - SCD - CPR)
    Destination Clock Delay (DCD):    2.052ns
    Source Clock Delay      (SCD):    1.678ns
    Clock Pessimism Removal (CPR):    0.367ns
  Clock Net Delay (Source):      0.773ns (routing 0.321ns, distribution 0.452ns)
  Clock Net Delay (Destination): 0.878ns (routing 0.358ns, distribution 0.520ns)

    Location             Delay type                Incr(ns)  Path(ns)    Netlist Resource(s)
  -------------------------------------------------------------------    -------------------
                         (clock clk rise edge)        0.000     0.000 r  <hidden>
    AB11                                              0.000     0.000 r  clk
                         net (fo=0)                   0.000     0.000    clk_IBUF_inst/I
    AB11                 INBUF (Prop_INBUF_HDIOB_M_PAD_O)
                                                      0.798     0.798 r  clk_IBUF_inst/INBUF_INST/O
                         net (fo=1, routed)           0.000     0.798    clk_IBUF_inst/OUT
    AB11                 IBUFCTRL (Prop_IBUFCTRL_HDIOB_M_I_O)
                                                      0.000     0.798 r  clk_IBUF_inst/IBUFCTRL_INST/O
                         net (fo=1, routed)           0.091     0.889    clk_IBUF
    BUFGCE_HDIO_X2Y1     BUFGCE (Prop_BUFCE_BUFGCE_HDIO_I_O)
                                                      0.017     0.906 r  clk_IBUF_BUFG_inst/O
    X1Y1 (CLOCK_ROOT)    net (fo=55, routed)          0.773     1.678    clk_IBUF_BUFG
    SLICE_X48Y92         FDRE                                         r  alu_inb_reg[znan]/C
  -------------------------------------------------------------------    -------------------
    SLICE_X48Y92         FDRE (Prop_FFF2_SLICEM_C_Q)
                                                      0.040     1.718 r  alu_inb_reg[znan]/Q
                         net (fo=2, routed)           0.076     1.794    alu_inb_reg[znan]__0
    SLICE_X48Y92         LUT2 (Prop_H5LUT_SLICEM_I1_O)
                                                      0.033     1.827 r  result[znan]_i_1/O
                         net (fo=1, routed)           0.006     1.833    alu_out[znan]
    SLICE_X48Y92         FDRE                                         r  result_reg[znan]/D
  -------------------------------------------------------------------    -------------------

                         (clock clk rise edge)        0.000     0.000 r  <hidden>
    AB11                                              0.000     0.000 r  clk
                         net (fo=0)                   0.000     0.000    clk_IBUF_inst/I
    AB11                 INBUF (Prop_INBUF_HDIOB_M_PAD_O)
                                                      1.041     1.041 r  clk_IBUF_inst/INBUF_INST/O
                         net (fo=1, routed)           0.000     1.041    clk_IBUF_inst/OUT
    AB11                 IBUFCTRL (Prop_IBUFCTRL_HDIOB_M_I_O)
                                                      0.000     1.041 r  clk_IBUF_inst/IBUFCTRL_INST/O
                         net (fo=1, routed)           0.113     1.154    clk_IBUF
    BUFGCE_HDIO_X2Y1     BUFGCE (Prop_BUFCE_BUFGCE_HDIO_I_O)
                                                      0.019     1.173 r  clk_IBUF_BUFG_inst/O
    X1Y1 (CLOCK_ROOT)    net (fo=55, routed)          0.878     2.052    clk_IBUF_BUFG
    SLICE_X48Y92         FDRE                                         r  result_reg[znan]/C
                         clock pessimism             -0.367     1.684    <hidden>
    SLICE_X48Y92         FDRE (Hold_HFF2_SLICEM_C_D)
                                                      0.047     1.731    result_reg[znan]
  -------------------------------------------------------------------
                         required time                         -1.731    <hidden>
                         arrival time                           1.833    <hidden>
  -------------------------------------------------------------------
                         slack                                  0.102    <hidden>

Slack (MET) :             0.165ns  (arrival time - required time)
  Source:                 alu_inb_reg[expon][7]/C
                            (rising edge-triggered cell FDRE clocked by clk  {rise@0.000ns fall@2.000ns period=4.000ns})
  Destination:            result_reg[expon][7]/D
                            (rising edge-triggered cell FDRE clocked by clk  {rise@0.000ns fall@2.000ns period=4.000ns})
  Path Group:             clk
  Path Type:              Hold (Min at Fast Process Corner)
  Requirement:            0.000ns  (clk rise@0.000ns - clk rise@0.000ns)
  Data Path Delay:        0.235ns  (logic 0.095ns (40.420%)  route 0.140ns (59.580%))
  Logic Levels:           3  (CARRY8=1 LUT2=1 LUT5=1)
  Clock Path Skew:        0.023ns (DCD - SCD - CPR)
    Destination Clock Delay (DCD):    2.071ns
    Source Clock Delay      (SCD):    1.692ns
    Clock Pessimism Removal (CPR):    0.357ns
  Clock Net Delay (Source):      0.786ns (routing 0.321ns, distribution 0.465ns)
  Clock Net Delay (Destination): 0.898ns (routing 0.358ns, distribution 0.540ns)

    Location             Delay type                Incr(ns)  Path(ns)    Netlist Resource(s)
  -------------------------------------------------------------------    -------------------
                         (clock clk rise edge)        0.000     0.000 r  <hidden>
    AB11                                              0.000     0.000 r  clk
                         net (fo=0)                   0.000     0.000    clk_IBUF_inst/I
    AB11                 INBUF (Prop_INBUF_HDIOB_M_PAD_O)
                                                      0.798     0.798 r  clk_IBUF_inst/INBUF_INST/O
                         net (fo=1, routed)           0.000     0.798    clk_IBUF_inst/OUT
    AB11                 IBUFCTRL (Prop_IBUFCTRL_HDIOB_M_I_O)
                                                      0.000     0.798 r  clk_IBUF_inst/IBUFCTRL_INST/O
                         net (fo=1, routed)           0.091     0.889    clk_IBUF
    BUFGCE_HDIO_X2Y1     BUFGCE (Prop_BUFCE_BUFGCE_HDIO_I_O)
                                                      0.017     0.906 r  clk_IBUF_BUFG_inst/O
    X1Y1 (CLOCK_ROOT)    net (fo=55, routed)          0.786     1.692    clk_IBUF_BUFG
    SLICE_X44Y72         FDRE                                         r  alu_inb_reg[expon][7]/C
  -------------------------------------------------------------------    -------------------
    SLICE_X44Y72         FDRE (Prop_HFF_SLICEL_C_Q)
                                                      0.039     1.731 r  alu_inb_reg[expon][7]/Q
                         net (fo=1, routed)           0.047     1.778    alu_inb_reg[expon][7]
    SLICE_X43Y72         LUT2 (Prop_H6LUT_SLICEM_I1_O)
                                                      0.015     1.793 r  result[expon][8]_i_4/O
                         net (fo=1, routed)           0.012     1.805    result[expon][8]_i_4_n_0
    SLICE_X43Y72         CARRY8 (Prop_CARRY8_SLICEM_S[7]_O[7])
                                                      0.018     1.823 r  result_reg[expon][8]_i_2/O[7]
                         net (fo=4, routed)           0.073     1.896    exp_temp[7]
    SLICE_X43Y70         LUT5 (Prop_C5LUT_SLICEM_I0_O)
                                                      0.023     1.919 r  result[expon][7]_i_1/O
                         net (fo=1, routed)           0.008     1.927    result[expon][7]_i_1_n_0
    SLICE_X43Y70         FDRE                                         r  result_reg[expon][7]/D
  -------------------------------------------------------------------    -------------------

                         (clock clk rise edge)        0.000     0.000 r  <hidden>
    AB11                                              0.000     0.000 r  clk
                         net (fo=0)                   0.000     0.000    clk_IBUF_inst/I
    AB11                 INBUF (Prop_INBUF_HDIOB_M_PAD_O)
                                                      1.041     1.041 r  clk_IBUF_inst/INBUF_INST/O
                         net (fo=1, routed)           0.000     1.041    clk_IBUF_inst/OUT
    AB11                 IBUFCTRL (Prop_IBUFCTRL_HDIOB_M_I_O)
                                                      0.000     1.041 r  clk_IBUF_inst/IBUFCTRL_INST/O
                         net (fo=1, routed)           0.113     1.154    clk_IBUF
    BUFGCE_HDIO_X2Y1     BUFGCE (Prop_BUFCE_BUFGCE_HDIO_I_O)
                                                      0.019     1.173 r  clk_IBUF_BUFG_inst/O
    X1Y1 (CLOCK_ROOT)    net (fo=55, routed)          0.898     2.071    clk_IBUF_BUFG
    SLICE_X43Y70         FDRE                                         r  result_reg[expon][7]/C
                         clock pessimism             -0.357     1.715    <hidden>
    SLICE_X43Y70         FDRE (Hold_CFF2_SLICEM_C_D)
                                                      0.047     1.762    result_reg[expon][7]
  -------------------------------------------------------------------
                         required time                         -1.762    <hidden>
                         arrival time                           1.927    <hidden>
  -------------------------------------------------------------------
                         slack                                  0.165    <hidden>

Slack (MET) :             0.167ns  (arrival time - required time)
  Source:                 alu_inb_reg[expon][0]/C
                            (rising edge-triggered cell FDRE clocked by clk  {rise@0.000ns fall@2.000ns period=4.000ns})
  Destination:            result_reg[expon][0]/D
                            (rising edge-triggered cell FDRE clocked by clk  {rise@0.000ns fall@2.000ns period=4.000ns})
  Path Group:             clk
  Path Type:              Hold (Min at Fast Process Corner)
  Requirement:            0.000ns  (clk rise@0.000ns - clk rise@0.000ns)
  Data Path Delay:        0.231ns  (logic 0.094ns (40.755%)  route 0.137ns (59.245%))
  Logic Levels:           3  (CARRY8=1 LUT2=1 LUT3=1)
  Clock Path Skew:        0.017ns (DCD - SCD - CPR)
    Destination Clock Delay (DCD):    2.071ns
    Source Clock Delay      (SCD):    1.698ns
    Clock Pessimism Removal (CPR):    0.356ns
  Clock Net Delay (Source):      0.793ns (routing 0.321ns, distribution 0.472ns)
  Clock Net Delay (Destination): 0.898ns (routing 0.358ns, distribution 0.540ns)

    Location             Delay type                Incr(ns)  Path(ns)    Netlist Resource(s)
  -------------------------------------------------------------------    -------------------
                         (clock clk rise edge)        0.000     0.000 r  <hidden>
    AB11                                              0.000     0.000 r  clk
                         net (fo=0)                   0.000     0.000    clk_IBUF_inst/I
    AB11                 INBUF (Prop_INBUF_HDIOB_M_PAD_O)
                                                      0.798     0.798 r  clk_IBUF_inst/INBUF_INST/O
                         net (fo=1, routed)           0.000     0.798    clk_IBUF_inst/OUT
    AB11                 IBUFCTRL (Prop_IBUFCTRL_HDIOB_M_I_O)
                                                      0.000     0.798 r  clk_IBUF_inst/IBUFCTRL_INST/O
                         net (fo=1, routed)           0.091     0.889    clk_IBUF
    BUFGCE_HDIO_X2Y1     BUFGCE (Prop_BUFCE_BUFGCE_HDIO_I_O)
                                                      0.017     0.906 r  clk_IBUF_BUFG_inst/O
    X1Y1 (CLOCK_ROOT)    net (fo=55, routed)          0.793     1.698    clk_IBUF_BUFG
    SLICE_X43Y73         FDRE                                         r  alu_inb_reg[expon][0]/C
  -------------------------------------------------------------------    -------------------
    SLICE_X43Y73         FDRE (Prop_CFF_SLICEM_C_Q)
                                                      0.038     1.736 r  alu_inb_reg[expon][0]/Q
                         net (fo=1, routed)           0.051     1.787    alu_inb_reg[expon][0]
    SLICE_X43Y72         LUT2 (Prop_A6LUT_SLICEM_I1_O)
                                                      0.014     1.801 r  result[expon][8]_i_11/O
                         net (fo=1, routed)           0.010     1.811    result[expon][8]_i_11_n_0
    SLICE_X43Y72         CARRY8 (Prop_CARRY8_SLICEM_S[0]_O[0])
                                                      0.019     1.830 r  result_reg[expon][8]_i_2/O[0]
                         net (fo=7, routed)           0.068     1.898    exp_temp[0]
    SLICE_X43Y71         LUT3 (Prop_C5LUT_SLICEM_I1_O)
                                                      0.023     1.921 r  result[expon][0]_i_1/O
                         net (fo=1, routed)           0.008     1.929    result[expon][0]_i_1_n_0
    SLICE_X43Y71         FDRE                                         r  result_reg[expon][0]/D
  -------------------------------------------------------------------    -------------------

                         (clock clk rise edge)        0.000     0.000 r  <hidden>
    AB11                                              0.000     0.000 r  clk
                         net (fo=0)                   0.000     0.000    clk_IBUF_inst/I
    AB11                 INBUF (Prop_INBUF_HDIOB_M_PAD_O)
                                                      1.041     1.041 r  clk_IBUF_inst/INBUF_INST/O
                         net (fo=1, routed)           0.000     1.041    clk_IBUF_inst/OUT
    AB11                 IBUFCTRL (Prop_IBUFCTRL_HDIOB_M_I_O)
                                                      0.000     1.041 r  clk_IBUF_inst/IBUFCTRL_INST/O
                         net (fo=1, routed)           0.113     1.154    clk_IBUF
    BUFGCE_HDIO_X2Y1     BUFGCE (Prop_BUFCE_BUFGCE_HDIO_I_O)
                                                      0.019     1.173 r  clk_IBUF_BUFG_inst/O
    X1Y1 (CLOCK_ROOT)    net (fo=55, routed)          0.898     2.071    clk_IBUF_BUFG
    SLICE_X43Y71         FDRE                                         r  result_reg[expon][0]/C
                         clock pessimism             -0.356     1.715    <hidden>
    SLICE_X43Y71         FDRE (Hold_CFF2_SLICEM_C_D)
                                                      0.047     1.762    result_reg[expon][0]
  -------------------------------------------------------------------
                         required time                         -1.762    <hidden>
                         arrival time                           1.929    <hidden>
  -------------------------------------------------------------------
                         slack                                  0.167    <hidden>

Slack (MET) :             0.177ns  (arrival time - required time)
  Source:                 alu_inb_reg[expon][0]/C
                            (rising edge-triggered cell FDRE clocked by clk  {rise@0.000ns fall@2.000ns period=4.000ns})
  Destination:            result_reg[expon][2]/D
                            (rising edge-triggered cell FDRE clocked by clk  {rise@0.000ns fall@2.000ns period=4.000ns})
  Path Group:             clk
  Path Type:              Hold (Min at Fast Process Corner)
  Requirement:            0.000ns  (clk rise@0.000ns - clk rise@0.000ns)
  Data Path Delay:        0.240ns  (logic 0.104ns (43.274%)  route 0.136ns (56.727%))
  Logic Levels:           3  (CARRY8=1 LUT2=1 LUT5=1)
  Clock Path Skew:        0.017ns (DCD - SCD - CPR)
    Destination Clock Delay (DCD):    2.071ns
    Source Clock Delay      (SCD):    1.698ns
    Clock Pessimism Removal (CPR):    0.356ns
  Clock Net Delay (Source):      0.793ns (routing 0.321ns, distribution 0.472ns)
  Clock Net Delay (Destination): 0.898ns (routing 0.358ns, distribution 0.540ns)

    Location             Delay type                Incr(ns)  Path(ns)    Netlist Resource(s)
  -------------------------------------------------------------------    -------------------
                         (clock clk rise edge)        0.000     0.000 r  <hidden>
    AB11                                              0.000     0.000 r  clk
                         net (fo=0)                   0.000     0.000    clk_IBUF_inst/I
    AB11                 INBUF (Prop_INBUF_HDIOB_M_PAD_O)
                                                      0.798     0.798 r  clk_IBUF_inst/INBUF_INST/O
                         net (fo=1, routed)           0.000     0.798    clk_IBUF_inst/OUT
    AB11                 IBUFCTRL (Prop_IBUFCTRL_HDIOB_M_I_O)
                                                      0.000     0.798 r  clk_IBUF_inst/IBUFCTRL_INST/O
                         net (fo=1, routed)           0.091     0.889    clk_IBUF
    BUFGCE_HDIO_X2Y1     BUFGCE (Prop_BUFCE_BUFGCE_HDIO_I_O)
                                                      0.017     0.906 r  clk_IBUF_BUFG_inst/O
    X1Y1 (CLOCK_ROOT)    net (fo=55, routed)          0.793     1.698    clk_IBUF_BUFG
    SLICE_X43Y73         FDRE                                         r  alu_inb_reg[expon][0]/C
  -------------------------------------------------------------------    -------------------
    SLICE_X43Y73         FDRE (Prop_CFF_SLICEM_C_Q)
                                                      0.038     1.736 r  alu_inb_reg[expon][0]/Q
                         net (fo=1, routed)           0.051     1.787    alu_inb_reg[expon][0]
    SLICE_X43Y72         LUT2 (Prop_A6LUT_SLICEM_I1_O)
                                                      0.014     1.801 r  result[expon][8]_i_11/O
                         net (fo=1, routed)           0.010     1.811    result[expon][8]_i_11_n_0
    SLICE_X43Y72         CARRY8 (Prop_CARRY8_SLICEM_S[0]_O[1])
                                                      0.028     1.839 r  result_reg[expon][8]_i_2/O[1]
                         net (fo=6, routed)           0.066     1.906    exp_temp[1]
    SLICE_X43Y71         LUT5 (Prop_D5LUT_SLICEM_I3_O)
                                                      0.024     1.930 r  result[expon][2]_i_1/O
                         net (fo=1, routed)           0.009     1.939    result[expon][2]_i_1_n_0
    SLICE_X43Y71         FDRE                                         r  result_reg[expon][2]/D
  -------------------------------------------------------------------    -------------------

                         (clock clk rise edge)        0.000     0.000 r  <hidden>
    AB11                                              0.000     0.000 r  clk
                         net (fo=0)                   0.000     0.000    clk_IBUF_inst/I
    AB11                 INBUF (Prop_INBUF_HDIOB_M_PAD_O)
                                                      1.041     1.041 r  clk_IBUF_inst/INBUF_INST/O
                         net (fo=1, routed)           0.000     1.041    clk_IBUF_inst/OUT
    AB11                 IBUFCTRL (Prop_IBUFCTRL_HDIOB_M_I_O)
                                                      0.000     1.041 r  clk_IBUF_inst/IBUFCTRL_INST/O
                         net (fo=1, routed)           0.113     1.154    clk_IBUF
    BUFGCE_HDIO_X2Y1     BUFGCE (Prop_BUFCE_BUFGCE_HDIO_I_O)
                                                      0.019     1.173 r  clk_IBUF_BUFG_inst/O
    X1Y1 (CLOCK_ROOT)    net (fo=55, routed)          0.898     2.071    clk_IBUF_BUFG
    SLICE_X43Y71         FDRE                                         r  result_reg[expon][2]/C
                         clock pessimism             -0.356     1.715    <hidden>
    SLICE_X43Y71         FDRE (Hold_DFF2_SLICEM_C_D)
                                                      0.047     1.762    result_reg[expon][2]
  -------------------------------------------------------------------
                         required time                         -1.762    <hidden>
                         arrival time                           1.939    <hidden>
  -------------------------------------------------------------------
                         slack                                  0.177    <hidden>

Slack (MET) :             0.189ns  (arrival time - required time)
  Source:                 alu_inb_reg[expon][7]/C
                            (rising edge-triggered cell FDRE clocked by clk  {rise@0.000ns fall@2.000ns period=4.000ns})
  Destination:            result_reg[expon][8]/D
                            (rising edge-triggered cell FDRE clocked by clk  {rise@0.000ns fall@2.000ns period=4.000ns})
  Path Group:             clk
  Path Type:              Hold (Min at Fast Process Corner)
  Requirement:            0.000ns  (clk rise@0.000ns - clk rise@0.000ns)
  Data Path Delay:        0.258ns  (logic 0.107ns (41.470%)  route 0.151ns (58.530%))
  Logic Levels:           3  (CARRY8=1 LUT2=1 LUT6=1)
  Clock Path Skew:        0.023ns (DCD - SCD - CPR)
    Destination Clock Delay (DCD):    2.071ns
    Source Clock Delay      (SCD):    1.692ns
    Clock Pessimism Removal (CPR):    0.357ns
  Clock Net Delay (Source):      0.786ns (routing 0.321ns, distribution 0.465ns)
  Clock Net Delay (Destination): 0.898ns (routing 0.358ns, distribution 0.540ns)

    Location             Delay type                Incr(ns)  Path(ns)    Netlist Resource(s)
  -------------------------------------------------------------------    -------------------
                         (clock clk rise edge)        0.000     0.000 r  <hidden>
    AB11                                              0.000     0.000 r  clk
                         net (fo=0)                   0.000     0.000    clk_IBUF_inst/I
    AB11                 INBUF (Prop_INBUF_HDIOB_M_PAD_O)
                                                      0.798     0.798 r  clk_IBUF_inst/INBUF_INST/O
                         net (fo=1, routed)           0.000     0.798    clk_IBUF_inst/OUT
    AB11                 IBUFCTRL (Prop_IBUFCTRL_HDIOB_M_I_O)
                                                      0.000     0.798 r  clk_IBUF_inst/IBUFCTRL_INST/O
                         net (fo=1, routed)           0.091     0.889    clk_IBUF
    BUFGCE_HDIO_X2Y1     BUFGCE (Prop_BUFCE_BUFGCE_HDIO_I_O)
                                                      0.017     0.906 r  clk_IBUF_BUFG_inst/O
    X1Y1 (CLOCK_ROOT)    net (fo=55, routed)          0.786     1.692    clk_IBUF_BUFG
    SLICE_X44Y72         FDRE                                         r  alu_inb_reg[expon][7]/C
  -------------------------------------------------------------------    -------------------
    SLICE_X44Y72         FDRE (Prop_HFF_SLICEL_C_Q)
                                                      0.039     1.731 r  alu_inb_reg[expon][7]/Q
                         net (fo=1, routed)           0.047     1.778    alu_inb_reg[expon][7]
    SLICE_X43Y72         LUT2 (Prop_H6LUT_SLICEM_I1_O)
                                                      0.015     1.793 r  result[expon][8]_i_4/O
                         net (fo=1, routed)           0.012     1.805    result[expon][8]_i_4_n_0
    SLICE_X43Y72         CARRY8 (Prop_CARRY8_SLICEM_S[7]_O[7])
                                                      0.018     1.823 r  result_reg[expon][8]_i_2/O[7]
                         net (fo=4, routed)           0.071     1.894    exp_temp[7]
    SLICE_X43Y70         LUT6 (Prop_B6LUT_SLICEM_I4_O)
                                                      0.035     1.929 r  result[expon][8]_i_1/O
                         net (fo=1, routed)           0.021     1.950    result[expon][8]_i_1_n_0
    SLICE_X43Y70         FDRE                                         r  result_reg[expon][8]/D
  -------------------------------------------------------------------    -------------------

                         (clock clk rise edge)        0.000     0.000 r  <hidden>
    AB11                                              0.000     0.000 r  clk
                         net (fo=0)                   0.000     0.000    clk_IBUF_inst/I
    AB11                 INBUF (Prop_INBUF_HDIOB_M_PAD_O)
                                                      1.041     1.041 r  clk_IBUF_inst/INBUF_INST/O
                         net (fo=1, routed)           0.000     1.041    clk_IBUF_inst/OUT
    AB11                 IBUFCTRL (Prop_IBUFCTRL_HDIOB_M_I_O)
                                                      0.000     1.041 r  clk_IBUF_inst/IBUFCTRL_INST/O
                         net (fo=1, routed)           0.113     1.154    clk_IBUF
    BUFGCE_HDIO_X2Y1     BUFGCE (Prop_BUFCE_BUFGCE_HDIO_I_O)
                                                      0.019     1.173 r  clk_IBUF_BUFG_inst/O
    X1Y1 (CLOCK_ROOT)    net (fo=55, routed)          0.898     2.071    clk_IBUF_BUFG
    SLICE_X43Y70         FDRE                                         r  result_reg[expon][8]/C
                         clock pessimism             -0.357     1.715    <hidden>
    SLICE_X43Y70         FDRE (Hold_BFF_SLICEM_C_D)
                                                      0.046     1.761    result_reg[expon][8]
  -------------------------------------------------------------------
                         required time                         -1.761    <hidden>
                         arrival time                           1.950    <hidden>
  -------------------------------------------------------------------
                         slack                                  0.189    <hidden>

Slack (MET) :             0.190ns  (arrival time - required time)
  Source:                 alu_inb_reg[expon][3]/C
                            (rising edge-triggered cell FDRE clocked by clk  {rise@0.000ns fall@2.000ns period=4.000ns})
  Destination:            result_reg[expon][3]/D
                            (rising edge-triggered cell FDRE clocked by clk  {rise@0.000ns fall@2.000ns period=4.000ns})
  Path Group:             clk
  Path Type:              Hold (Min at Fast Process Corner)
  Requirement:            0.000ns  (clk rise@0.000ns - clk rise@0.000ns)
  Data Path Delay:        0.259ns  (logic 0.109ns (42.031%)  route 0.150ns (57.969%))
  Logic Levels:           3  (CARRY8=1 LUT2=1 LUT6=1)
  Clock Path Skew:        0.023ns (DCD - SCD - CPR)
    Destination Clock Delay (DCD):    2.071ns
    Source Clock Delay      (SCD):    1.692ns
    Clock Pessimism Removal (CPR):    0.357ns
  Clock Net Delay (Source):      0.786ns (routing 0.321ns, distribution 0.465ns)
  Clock Net Delay (Destination): 0.898ns (routing 0.358ns, distribution 0.540ns)

    Location             Delay type                Incr(ns)  Path(ns)    Netlist Resource(s)
  -------------------------------------------------------------------    -------------------
                         (clock clk rise edge)        0.000     0.000 r  <hidden>
    AB11                                              0.000     0.000 r  clk
                         net (fo=0)                   0.000     0.000    clk_IBUF_inst/I
    AB11                 INBUF (Prop_INBUF_HDIOB_M_PAD_O)
                                                      0.798     0.798 r  clk_IBUF_inst/INBUF_INST/O
                         net (fo=1, routed)           0.000     0.798    clk_IBUF_inst/OUT
    AB11                 IBUFCTRL (Prop_IBUFCTRL_HDIOB_M_I_O)
                                                      0.000     0.798 r  clk_IBUF_inst/IBUFCTRL_INST/O
                         net (fo=1, routed)           0.091     0.889    clk_IBUF
    BUFGCE_HDIO_X2Y1     BUFGCE (Prop_BUFCE_BUFGCE_HDIO_I_O)
                                                      0.017     0.906 r  clk_IBUF_BUFG_inst/O
    X1Y1 (CLOCK_ROOT)    net (fo=55, routed)          0.786     1.692    clk_IBUF_BUFG
    SLICE_X44Y72         FDRE                                         r  alu_inb_reg[expon][3]/C
  -------------------------------------------------------------------    -------------------
    SLICE_X44Y72         FDRE (Prop_FFF2_SLICEL_C_Q)
                                                      0.040     1.732 r  alu_inb_reg[expon][3]/Q
                         net (fo=1, routed)           0.047     1.779    alu_inb_reg[expon][3]
    SLICE_X43Y72         LUT2 (Prop_D6LUT_SLICEM_I1_O)
                                                      0.014     1.793 r  result[expon][8]_i_8/O
                         net (fo=1, routed)           0.016     1.809    result[expon][8]_i_8_n_0
    SLICE_X43Y72         CARRY8 (Prop_CARRY8_SLICEM_S[3]_O[3])
                                                      0.020     1.829 r  result_reg[expon][8]_i_2/O[3]
                         net (fo=4, routed)           0.066     1.895    exp_temp[3]
    SLICE_X43Y71         LUT6 (Prop_B6LUT_SLICEM_I0_O)
                                                      0.035     1.930 r  result[expon][3]_i_1/O
                         net (fo=1, routed)           0.021     1.951    result[expon][3]_i_1_n_0
    SLICE_X43Y71         FDRE                                         r  result_reg[expon][3]/D
  -------------------------------------------------------------------    -------------------

                         (clock clk rise edge)        0.000     0.000 r  <hidden>
    AB11                                              0.000     0.000 r  clk
                         net (fo=0)                   0.000     0.000    clk_IBUF_inst/I
    AB11                 INBUF (Prop_INBUF_HDIOB_M_PAD_O)
                                                      1.041     1.041 r  clk_IBUF_inst/INBUF_INST/O
                         net (fo=1, routed)           0.000     1.041    clk_IBUF_inst/OUT
    AB11                 IBUFCTRL (Prop_IBUFCTRL_HDIOB_M_I_O)
                                                      0.000     1.041 r  clk_IBUF_inst/IBUFCTRL_INST/O
                         net (fo=1, routed)           0.113     1.154    clk_IBUF
    BUFGCE_HDIO_X2Y1     BUFGCE (Prop_BUFCE_BUFGCE_HDIO_I_O)
                                                      0.019     1.173 r  clk_IBUF_BUFG_inst/O
    X1Y1 (CLOCK_ROOT)    net (fo=55, routed)          0.898     2.071    clk_IBUF_BUFG
    SLICE_X43Y71         FDRE                                         r  result_reg[expon][3]/C
                         clock pessimism             -0.357     1.715    <hidden>
    SLICE_X43Y71         FDRE (Hold_BFF_SLICEM_C_D)
                                                      0.046     1.761    result_reg[expon][3]
  -------------------------------------------------------------------
                         required time                         -1.761    <hidden>
                         arrival time                           1.951    <hidden>
  -------------------------------------------------------------------
                         slack                                  0.190    <hidden>

Slack (MET) :             0.193ns  (arrival time - required time)
  Source:                 alu_inb_reg[expon][0]/C
                            (rising edge-triggered cell FDRE clocked by clk  {rise@0.000ns fall@2.000ns period=4.000ns})
  Destination:            result_reg[expon][1]/D
                            (rising edge-triggered cell FDRE clocked by clk  {rise@0.000ns fall@2.000ns period=4.000ns})
  Path Group:             clk
  Path Type:              Hold (Min at Fast Process Corner)
  Requirement:            0.000ns  (clk rise@0.000ns - clk rise@0.000ns)
  Data Path Delay:        0.255ns  (logic 0.102ns (39.948%)  route 0.153ns (60.052%))
  Logic Levels:           3  (CARRY8=1 LUT2=1 LUT4=1)
  Clock Path Skew:        0.017ns (DCD - SCD - CPR)
    Destination Clock Delay (DCD):    2.071ns
    Source Clock Delay      (SCD):    1.698ns
    Clock Pessimism Removal (CPR):    0.356ns
  Clock Net Delay (Source):      0.793ns (routing 0.321ns, distribution 0.472ns)
  Clock Net Delay (Destination): 0.898ns (routing 0.358ns, distribution 0.540ns)

    Location             Delay type                Incr(ns)  Path(ns)    Netlist Resource(s)
  -------------------------------------------------------------------    -------------------
                         (clock clk rise edge)        0.000     0.000 r  <hidden>
    AB11                                              0.000     0.000 r  clk
                         net (fo=0)                   0.000     0.000    clk_IBUF_inst/I
    AB11                 INBUF (Prop_INBUF_HDIOB_M_PAD_O)
                                                      0.798     0.798 r  clk_IBUF_inst/INBUF_INST/O
                         net (fo=1, routed)           0.000     0.798    clk_IBUF_inst/OUT
    AB11                 IBUFCTRL (Prop_IBUFCTRL_HDIOB_M_I_O)
                                                      0.000     0.798 r  clk_IBUF_inst/IBUFCTRL_INST/O
                         net (fo=1, routed)           0.091     0.889    clk_IBUF
    BUFGCE_HDIO_X2Y1     BUFGCE (Prop_BUFCE_BUFGCE_HDIO_I_O)
                                                      0.017     0.906 r  clk_IBUF_BUFG_inst/O
    X1Y1 (CLOCK_ROOT)    net (fo=55, routed)          0.793     1.698    clk_IBUF_BUFG
    SLICE_X43Y73         FDRE                                         r  alu_inb_reg[expon][0]/C
  -------------------------------------------------------------------    -------------------
    SLICE_X43Y73         FDRE (Prop_CFF_SLICEM_C_Q)
                                                      0.038     1.736 r  alu_inb_reg[expon][0]/Q
                         net (fo=1, routed)           0.051     1.787    alu_inb_reg[expon][0]
    SLICE_X43Y72         LUT2 (Prop_A6LUT_SLICEM_I1_O)
                                                      0.014     1.801 r  result[expon][8]_i_11/O
                         net (fo=1, routed)           0.010     1.811    result[expon][8]_i_11_n_0
    SLICE_X43Y72         CARRY8 (Prop_CARRY8_SLICEM_S[0]_O[1])
                                                      0.028     1.839 r  result_reg[expon][8]_i_2/O[1]
                         net (fo=6, routed)           0.066     1.906    exp_temp[1]
    SLICE_X43Y71         LUT4 (Prop_D6LUT_SLICEM_I0_O)
                                                      0.022     1.928 r  result[expon][1]_i_1/O
                         net (fo=1, routed)           0.026     1.954    result[expon][1]_i_1_n_0
    SLICE_X43Y71         FDRE                                         r  result_reg[expon][1]/D
  -------------------------------------------------------------------    -------------------

                         (clock clk rise edge)        0.000     0.000 r  <hidden>
    AB11                                              0.000     0.000 r  clk
                         net (fo=0)                   0.000     0.000    clk_IBUF_inst/I
    AB11                 INBUF (Prop_INBUF_HDIOB_M_PAD_O)
                                                      1.041     1.041 r  clk_IBUF_inst/INBUF_INST/O
                         net (fo=1, routed)           0.000     1.041    clk_IBUF_inst/OUT
    AB11                 IBUFCTRL (Prop_IBUFCTRL_HDIOB_M_I_O)
                                                      0.000     1.041 r  clk_IBUF_inst/IBUFCTRL_INST/O
                         net (fo=1, routed)           0.113     1.154    clk_IBUF
    BUFGCE_HDIO_X2Y1     BUFGCE (Prop_BUFCE_BUFGCE_HDIO_I_O)
                                                      0.019     1.173 r  clk_IBUF_BUFG_inst/O
    X1Y1 (CLOCK_ROOT)    net (fo=55, routed)          0.898     2.071    clk_IBUF_BUFG
    SLICE_X43Y71         FDRE                                         r  result_reg[expon][1]/C
                         clock pessimism             -0.356     1.715    <hidden>
    SLICE_X43Y71         FDRE (Hold_DFF_SLICEM_C_D)
                                                      0.046     1.761    result_reg[expon][1]
  -------------------------------------------------------------------
                         required time                         -1.761    <hidden>
                         arrival time                           1.954    <hidden>
  -------------------------------------------------------------------
                         slack                                  0.193    <hidden>

Slack (MET) :             0.212ns  (arrival time - required time)
  Source:                 alu_ina_reg[sign]/C
                            (rising edge-triggered cell FDRE clocked by clk  {rise@0.000ns fall@2.000ns period=4.000ns})
  Destination:            result_reg[sign]/S
                            (rising edge-triggered cell FDSE clocked by clk  {rise@0.000ns fall@2.000ns period=4.000ns})
  Path Group:             clk
  Path Type:              Hold (Min at Fast Process Corner)
  Requirement:            0.000ns  (clk rise@0.000ns - clk rise@0.000ns)
  Data Path Delay:        0.217ns  (logic 0.061ns (28.124%)  route 0.156ns (71.876%))
  Logic Levels:           1  (LUT4=1)
  Clock Path Skew:        0.015ns (DCD - SCD - CPR)
    Destination Clock Delay (DCD):    2.054ns
    Source Clock Delay      (SCD):    1.678ns
    Clock Pessimism Removal (CPR):    0.361ns
  Clock Net Delay (Source):      0.773ns (routing 0.321ns, distribution 0.452ns)
  Clock Net Delay (Destination): 0.880ns (routing 0.358ns, distribution 0.522ns)

    Location             Delay type                Incr(ns)  Path(ns)    Netlist Resource(s)
  -------------------------------------------------------------------    -------------------
                         (clock clk rise edge)        0.000     0.000 r  <hidden>
    AB11                                              0.000     0.000 r  clk
                         net (fo=0)                   0.000     0.000    clk_IBUF_inst/I
    AB11                 INBUF (Prop_INBUF_HDIOB_M_PAD_O)
                                                      0.798     0.798 r  clk_IBUF_inst/INBUF_INST/O
                         net (fo=1, routed)           0.000     0.798    clk_IBUF_inst/OUT
    AB11                 IBUFCTRL (Prop_IBUFCTRL_HDIOB_M_I_O)
                                                      0.000     0.798 r  clk_IBUF_inst/IBUFCTRL_INST/O
                         net (fo=1, routed)           0.091     0.889    clk_IBUF
    BUFGCE_HDIO_X2Y1     BUFGCE (Prop_BUFCE_BUFGCE_HDIO_I_O)
                                                      0.017     0.906 r  clk_IBUF_BUFG_inst/O
    X1Y1 (CLOCK_ROOT)    net (fo=55, routed)          0.773     1.678    clk_IBUF_BUFG
    SLICE_X48Y92         FDRE                                         r  alu_ina_reg[sign]/C
  -------------------------------------------------------------------    -------------------
    SLICE_X48Y92         FDRE (Prop_EFF_SLICEM_C_Q)
                                                      0.038     1.716 r  alu_ina_reg[sign]/Q
                         net (fo=2, routed)           0.053     1.769    alu_ina_reg[sign]__0
    SLICE_X48Y92         LUT4 (Prop_H6LUT_SLICEM_I3_O)
                                                      0.023     1.792 r  result[sign]_i_1/O
                         net (fo=1, routed)           0.103     1.895    alu_out[sign]
    SLICE_X48Y92         FDSE                                         r  result_reg[sign]/S
  -------------------------------------------------------------------    -------------------

                         (clock clk rise edge)        0.000     0.000 r  <hidden>
    AB11                                              0.000     0.000 r  clk
                         net (fo=0)                   0.000     0.000    clk_IBUF_inst/I
    AB11                 INBUF (Prop_INBUF_HDIOB_M_PAD_O)
                                                      1.041     1.041 r  clk_IBUF_inst/INBUF_INST/O
                         net (fo=1, routed)           0.000     1.041    clk_IBUF_inst/OUT
    AB11                 IBUFCTRL (Prop_IBUFCTRL_HDIOB_M_I_O)
                                                      0.000     1.041 r  clk_IBUF_inst/IBUFCTRL_INST/O
                         net (fo=1, routed)           0.113     1.154    clk_IBUF
    BUFGCE_HDIO_X2Y1     BUFGCE (Prop_BUFCE_BUFGCE_HDIO_I_O)
                                                      0.019     1.173 r  clk_IBUF_BUFG_inst/O
    X1Y1 (CLOCK_ROOT)    net (fo=55, routed)          0.880     2.054    clk_IBUF_BUFG
    SLICE_X48Y92         FDSE                                         r  result_reg[sign]/C
                         clock pessimism             -0.361     1.693    <hidden>
    SLICE_X48Y92         FDSE (Hold_DFF2_SLICEM_C_S)
                                                     -0.010     1.683    result_reg[sign]
  -------------------------------------------------------------------
                         required time                         -1.683    <hidden>
                         arrival time                           1.895    <hidden>
  -------------------------------------------------------------------
                         slack                                  0.212    <hidden>

Slack (MET) :             0.233ns  (arrival time - required time)
  Source:                 alu_ina_reg[expon][7]/C
                            (rising edge-triggered cell FDRE clocked by clk  {rise@0.000ns fall@2.000ns period=4.000ns})
  Destination:            result_reg[expon][9]/D
                            (rising edge-triggered cell FDRE clocked by clk  {rise@0.000ns fall@2.000ns period=4.000ns})
  Path Group:             clk
  Path Type:              Hold (Min at Fast Process Corner)
  Requirement:            0.000ns  (clk rise@0.000ns - clk rise@0.000ns)
  Data Path Delay:        0.303ns  (logic 0.137ns (45.157%)  route 0.166ns (54.843%))
  Logic Levels:           3  (CARRY8=2 LUT4=1)
  Clock Path Skew:        0.023ns (DCD - SCD - CPR)
    Destination Clock Delay (DCD):    2.071ns
    Source Clock Delay      (SCD):    1.692ns
    Clock Pessimism Removal (CPR):    0.357ns
  Clock Net Delay (Source):      0.786ns (routing 0.321ns, distribution 0.465ns)
  Clock Net Delay (Destination): 0.898ns (routing 0.358ns, distribution 0.540ns)

    Location             Delay type                Incr(ns)  Path(ns)    Netlist Resource(s)
  -------------------------------------------------------------------    -------------------
                         (clock clk rise edge)        0.000     0.000 r  <hidden>
    AB11                                              0.000     0.000 r  clk
                         net (fo=0)                   0.000     0.000    clk_IBUF_inst/I
    AB11                 INBUF (Prop_INBUF_HDIOB_M_PAD_O)
                                                      0.798     0.798 r  clk_IBUF_inst/INBUF_INST/O
                         net (fo=1, routed)           0.000     0.798    clk_IBUF_inst/OUT
    AB11                 IBUFCTRL (Prop_IBUFCTRL_HDIOB_M_I_O)
                                                      0.000     0.798 r  clk_IBUF_inst/IBUFCTRL_INST/O
                         net (fo=1, routed)           0.091     0.889    clk_IBUF
    BUFGCE_HDIO_X2Y1     BUFGCE (Prop_BUFCE_BUFGCE_HDIO_I_O)
                                                      0.017     0.906 r  clk_IBUF_BUFG_inst/O
    X1Y1 (CLOCK_ROOT)    net (fo=55, routed)          0.786     1.692    clk_IBUF_BUFG
    SLICE_X44Y72         FDRE                                         r  alu_ina_reg[expon][7]/C
  -------------------------------------------------------------------    -------------------
    SLICE_X44Y72         FDRE (Prop_FFF_SLICEL_C_Q)
                                                      0.039     1.731 r  alu_ina_reg[expon][7]/Q
                         net (fo=2, routed)           0.058     1.788    alu_ina_reg[expon][7]
    SLICE_X43Y72         CARRY8 (Prop_CARRY8_SLICEM_DI[7]_CO[7])
                                                      0.031     1.819 r  result_reg[expon][8]_i_2/CO[7]
                         net (fo=1, routed)           0.003     1.822    result_reg[expon][8]_i_2_n_0
    SLICE_X43Y73         CARRY8 (Prop_CARRY8_SLICEM_CI_O[0])
                                                      0.019     1.841 r  result_reg[expon][9]_i_2/O[0]
                         net (fo=3, routed)           0.099     1.940    exp_temp[8]
    SLICE_X43Y70         LUT4 (Prop_A5LUT_SLICEM_I2_O)
                                                      0.048     1.988 r  result[expon][9]_i_1/O
                         net (fo=1, routed)           0.007     1.995    result[expon][9]_i_1_n_0
    SLICE_X43Y70         FDRE                                         r  result_reg[expon][9]/D
  -------------------------------------------------------------------    -------------------

                         (clock clk rise edge)        0.000     0.000 r  <hidden>
    AB11                                              0.000     0.000 r  clk
                         net (fo=0)                   0.000     0.000    clk_IBUF_inst/I
    AB11                 INBUF (Prop_INBUF_HDIOB_M_PAD_O)
                                                      1.041     1.041 r  clk_IBUF_inst/INBUF_INST/O
                         net (fo=1, routed)           0.000     1.041    clk_IBUF_inst/OUT
    AB11                 IBUFCTRL (Prop_IBUFCTRL_HDIOB_M_I_O)
                                                      0.000     1.041 r  clk_IBUF_inst/IBUFCTRL_INST/O
                         net (fo=1, routed)           0.113     1.154    clk_IBUF
    BUFGCE_HDIO_X2Y1     BUFGCE (Prop_BUFCE_BUFGCE_HDIO_I_O)
                                                      0.019     1.173 r  clk_IBUF_BUFG_inst/O
    X1Y1 (CLOCK_ROOT)    net (fo=55, routed)          0.898     2.071    clk_IBUF_BUFG
    SLICE_X43Y70         FDRE                                         r  result_reg[expon][9]/C
                         clock pessimism             -0.357     1.715    <hidden>
    SLICE_X43Y70         FDRE (Hold_AFF2_SLICEM_C_D)
                                                      0.047     1.762    result_reg[expon][9]
  -------------------------------------------------------------------
                         required time                         -1.762    <hidden>
                         arrival time                           1.995    <hidden>
  -------------------------------------------------------------------
                         slack                                  0.233    <hidden>





Pulse Width Checks
--------------------------------------------------------------------------------------
Clock Name:         clk
Waveform(ns):       { 0.000 2.000 }
Period(ns):         4.000
Sources:            { clk }

Check Type        Corner  Lib Pin   Reference Pin  Required(ns)  Actual(ns)  Slack(ns)  Location          Pin
Min Period        n/a     BUFGCE/I  n/a            1.290         4.000       2.710      BUFGCE_HDIO_X2Y1  clk_IBUF_BUFG_inst/I
Min Period        n/a     FDRE/C    n/a            0.550         4.000       3.450      SLICE_X43Y73      alu_ina_reg[expon][0]/C
Min Period        n/a     FDRE/C    n/a            0.550         4.000       3.450      SLICE_X43Y73      alu_ina_reg[expon][1]/C
Min Period        n/a     FDRE/C    n/a            0.550         4.000       3.450      SLICE_X43Y73      alu_ina_reg[expon][2]/C
Min Period        n/a     FDRE/C    n/a            0.550         4.000       3.450      SLICE_X43Y73      alu_ina_reg[expon][3]/C
Min Period        n/a     FDRE/C    n/a            0.550         4.000       3.450      SLICE_X43Y73      alu_ina_reg[expon][4]/C
Min Period        n/a     FDRE/C    n/a            0.550         4.000       3.450      SLICE_X44Y72      alu_ina_reg[expon][5]/C
Min Period        n/a     FDRE/C    n/a            0.550         4.000       3.450      SLICE_X44Y72      alu_ina_reg[expon][6]/C
Min Period        n/a     FDRE/C    n/a            0.550         4.000       3.450      SLICE_X44Y72      alu_ina_reg[expon][7]/C
Min Period        n/a     FDRE/C    n/a            0.550         4.000       3.450      SLICE_X43Y73      alu_ina_reg[expon][8]/C
Low Pulse Width   Slow    FDRE/C    n/a            0.275         2.000       1.725      SLICE_X43Y73      alu_ina_reg[expon][0]/C
Low Pulse Width   Fast    FDRE/C    n/a            0.275         2.000       1.725      SLICE_X43Y73      alu_ina_reg[expon][0]/C
Low Pulse Width   Slow    FDRE/C    n/a            0.275         2.000       1.725      SLICE_X43Y73      alu_ina_reg[expon][1]/C
Low Pulse Width   Fast    FDRE/C    n/a            0.275         2.000       1.725      SLICE_X43Y73      alu_ina_reg[expon][1]/C
Low Pulse Width   Slow    FDRE/C    n/a            0.275         2.000       1.725      SLICE_X43Y73      alu_ina_reg[expon][2]/C
Low Pulse Width   Fast    FDRE/C    n/a            0.275         2.000       1.725      SLICE_X43Y73      alu_ina_reg[expon][2]/C
Low Pulse Width   Slow    FDRE/C    n/a            0.275         2.000       1.725      SLICE_X43Y73      alu_ina_reg[expon][3]/C
Low Pulse Width   Fast    FDRE/C    n/a            0.275         2.000       1.725      SLICE_X43Y73      alu_ina_reg[expon][3]/C
Low Pulse Width   Slow    FDRE/C    n/a            0.275         2.000       1.725      SLICE_X43Y73      alu_ina_reg[expon][4]/C
Low Pulse Width   Fast    FDRE/C    n/a            0.275         2.000       1.725      SLICE_X43Y73      alu_ina_reg[expon][4]/C
High Pulse Width  Slow    FDRE/C    n/a            0.275         2.000       1.725      SLICE_X43Y73      alu_ina_reg[expon][0]/C
High Pulse Width  Fast    FDRE/C    n/a            0.275         2.000       1.725      SLICE_X43Y73      alu_ina_reg[expon][0]/C
High Pulse Width  Slow    FDRE/C    n/a            0.275         2.000       1.725      SLICE_X43Y73      alu_ina_reg[expon][1]/C
High Pulse Width  Fast    FDRE/C    n/a            0.275         2.000       1.725      SLICE_X43Y73      alu_ina_reg[expon][1]/C
High Pulse Width  Slow    FDRE/C    n/a            0.275         2.000       1.725      SLICE_X43Y73      alu_ina_reg[expon][2]/C
High Pulse Width  Fast    FDRE/C    n/a            0.275         2.000       1.725      SLICE_X43Y73      alu_ina_reg[expon][2]/C
High Pulse Width  Slow    FDRE/C    n/a            0.275         2.000       1.725      SLICE_X43Y73      alu_ina_reg[expon][3]/C
High Pulse Width  Fast    FDRE/C    n/a            0.275         2.000       1.725      SLICE_X43Y73      alu_ina_reg[expon][3]/C
High Pulse Width  Slow    FDRE/C    n/a            0.275         2.000       1.725      SLICE_X43Y73      alu_ina_reg[expon][4]/C
High Pulse Width  Fast    FDRE/C    n/a            0.275         2.000       1.725      SLICE_X43Y73      alu_ina_reg[expon][4]/C



--------------------------------------------------------------------------------------
Path Group:  (none)
From Clock:  clk
  To Clock:  

Max Delay            25 Endpoints
Min Delay            25 Endpoints
--------------------------------------------------------------------------------------


Max Delay Paths
--------------------------------------------------------------------------------------
Slack:                    inf
  Source:                 result_reg[frac][4]/C
                            (rising edge-triggered cell FDSE clocked by clk  {rise@0.000ns fall@2.000ns period=4.000ns})
  Destination:            result[frac][4]
                            (output port)
  Path Group:             (none)
  Path Type:              Max at Slow Process Corner
  Data Path Delay:        2.431ns  (logic 0.974ns (40.065%)  route 1.457ns (59.935%))
  Logic Levels:           1  (OBUF=1)
  Clock Uncertainty:      0.025ns  ((TSJ^2 + TIJ^2)^1/2 + DJ) / 2 + PE
    Total System Jitter     (TSJ):    0.050ns
    Total Input Jitter      (TIJ):    0.000ns
    Discrete Jitter          (DJ):    0.000ns
    Phase Error              (PE):    0.000ns
  Clock Net Delay (Source):      1.427ns (routing 0.584ns, distribution 0.843ns)

    Location             Delay type                Incr(ns)  Path(ns)    Netlist Resource(s)
  -------------------------------------------------------------------    -------------------
                         (clock clk rise edge)        0.000     0.000 r  <hidden>
    AB11                                              0.000     0.000 r  clk
                         net (fo=0)                   0.000     0.000    clk_IBUF_inst/I
    AB11                 INBUF (Prop_INBUF_HDIOB_M_PAD_O)
                                                      1.220     1.220 r  clk_IBUF_inst/INBUF_INST/O
                         net (fo=1, routed)           0.000     1.220    clk_IBUF_inst/OUT
    AB11                 IBUFCTRL (Prop_IBUFCTRL_HDIOB_M_I_O)
                                                      0.000     1.220 r  clk_IBUF_inst/IBUFCTRL_INST/O
                         net (fo=1, routed)           0.204     1.424    clk_IBUF
    BUFGCE_HDIO_X2Y1     BUFGCE (Prop_BUFCE_BUFGCE_HDIO_I_O)
                                                      0.028     1.452 r  clk_IBUF_BUFG_inst/O
    X1Y1 (CLOCK_ROOT)    net (fo=55, routed)          1.427     2.879    clk_IBUF_BUFG
    SLICE_X43Y62         FDSE                                         r  result_reg[frac][4]/C
  -------------------------------------------------------------------    -------------------
    SLICE_X43Y62         FDSE (Prop_CFF2_SLICEM_C_Q)
                                                      0.077     2.956 r  result_reg[frac][4]/Q
                         net (fo=1, routed)           1.457     4.413    result[frac]_OBUF[4]
    H4                   OBUF (Prop_OUTBUF_HPIOB_M_I_O)
                                                      0.897     5.310 r  result[frac][4]_INST_0/O
                         net (fo=0)                   0.000     5.310    result[frac][4]
    H4                                                                r  result[frac][4]
  -------------------------------------------------------------------    -------------------

Slack:                    inf
  Source:                 result_reg[frac][0]/C
                            (rising edge-triggered cell FDSE clocked by clk  {rise@0.000ns fall@2.000ns period=4.000ns})
  Destination:            result[frac][0]
                            (output port)
  Path Group:             (none)
  Path Type:              Max at Slow Process Corner
  Data Path Delay:        2.357ns  (logic 0.950ns (40.296%)  route 1.407ns (59.704%))
  Logic Levels:           1  (OBUF=1)
  Clock Uncertainty:      0.025ns  ((TSJ^2 + TIJ^2)^1/2 + DJ) / 2 + PE
    Total System Jitter     (TSJ):    0.050ns
    Total Input Jitter      (TIJ):    0.000ns
    Discrete Jitter          (DJ):    0.000ns
    Phase Error              (PE):    0.000ns
  Clock Net Delay (Source):      1.443ns (routing 0.584ns, distribution 0.859ns)

    Location             Delay type                Incr(ns)  Path(ns)    Netlist Resource(s)
  -------------------------------------------------------------------    -------------------
                         (clock clk rise edge)        0.000     0.000 r  <hidden>
    AB11                                              0.000     0.000 r  clk
                         net (fo=0)                   0.000     0.000    clk_IBUF_inst/I
    AB11                 INBUF (Prop_INBUF_HDIOB_M_PAD_O)
                                                      1.220     1.220 r  clk_IBUF_inst/INBUF_INST/O
                         net (fo=1, routed)           0.000     1.220    clk_IBUF_inst/OUT
    AB11                 IBUFCTRL (Prop_IBUFCTRL_HDIOB_M_I_O)
                                                      0.000     1.220 r  clk_IBUF_inst/IBUFCTRL_INST/O
                         net (fo=1, routed)           0.204     1.424    clk_IBUF
    BUFGCE_HDIO_X2Y1     BUFGCE (Prop_BUFCE_BUFGCE_HDIO_I_O)
                                                      0.028     1.452 r  clk_IBUF_BUFG_inst/O
    X1Y1 (CLOCK_ROOT)    net (fo=55, routed)          1.443     2.896    clk_IBUF_BUFG
    SLICE_X42Y61         FDSE                                         r  result_reg[frac][0]/C
  -------------------------------------------------------------------    -------------------
    SLICE_X42Y61         FDSE (Prop_DFF2_SLICEM_C_Q)
                                                      0.080     2.976 r  result_reg[frac][0]/Q
                         net (fo=1, routed)           1.407     4.383    result[frac]_OBUF[0]
    L3                   OBUF (Prop_OUTBUF_HPIOB_M_I_O)
                                                      0.870     5.252 r  result[frac][0]_INST_0/O
                         net (fo=0)                   0.000     5.252    result[frac][0]
    L3                                                                r  result[frac][0]
  -------------------------------------------------------------------    -------------------

Slack:                    inf
  Source:                 result_reg[expon][8]/C
                            (rising edge-triggered cell FDRE clocked by clk  {rise@0.000ns fall@2.000ns period=4.000ns})
  Destination:            result[expon][8]
                            (output port)
  Path Group:             (none)
  Path Type:              Max at Slow Process Corner
  Data Path Delay:        2.371ns  (logic 0.977ns (41.217%)  route 1.394ns (58.783%))
  Logic Levels:           1  (OBUF=1)
  Clock Uncertainty:      0.025ns  ((TSJ^2 + TIJ^2)^1/2 + DJ) / 2 + PE
    Total System Jitter     (TSJ):    0.050ns
    Total Input Jitter      (TIJ):    0.000ns
    Discrete Jitter          (DJ):    0.000ns
    Phase Error              (PE):    0.000ns
  Clock Net Delay (Source):      1.424ns (routing 0.584ns, distribution 0.840ns)

    Location             Delay type                Incr(ns)  Path(ns)    Netlist Resource(s)
  -------------------------------------------------------------------    -------------------
                         (clock clk rise edge)        0.000     0.000 r  <hidden>
    AB11                                              0.000     0.000 r  clk
                         net (fo=0)                   0.000     0.000    clk_IBUF_inst/I
    AB11                 INBUF (Prop_INBUF_HDIOB_M_PAD_O)
                                                      1.220     1.220 r  clk_IBUF_inst/INBUF_INST/O
                         net (fo=1, routed)           0.000     1.220    clk_IBUF_inst/OUT
    AB11                 IBUFCTRL (Prop_IBUFCTRL_HDIOB_M_I_O)
                                                      0.000     1.220 r  clk_IBUF_inst/IBUFCTRL_INST/O
                         net (fo=1, routed)           0.204     1.424    clk_IBUF
    BUFGCE_HDIO_X2Y1     BUFGCE (Prop_BUFCE_BUFGCE_HDIO_I_O)
                                                      0.028     1.452 r  clk_IBUF_BUFG_inst/O
    X1Y1 (CLOCK_ROOT)    net (fo=55, routed)          1.424     2.876    clk_IBUF_BUFG
    SLICE_X43Y70         FDRE                                         r  result_reg[expon][8]/C
  -------------------------------------------------------------------    -------------------
    SLICE_X43Y70         FDRE (Prop_BFF_SLICEM_C_Q)
                                                      0.078     2.954 r  result_reg[expon][8]/Q
                         net (fo=1, routed)           1.394     4.348    result[expon]_OBUF[8]
    V9                   OBUF (Prop_OUTBUF_HPIOB_S_I_O)
                                                      0.899     5.248 r  result[expon][8]_INST_0/O
                         net (fo=0)                   0.000     5.248    result[expon][8]
    V9                                                                r  result[expon][8]
  -------------------------------------------------------------------    -------------------

Slack:                    inf
  Source:                 result_reg[frac][8]/C
                            (rising edge-triggered cell FDSE clocked by clk  {rise@0.000ns fall@2.000ns period=4.000ns})
  Destination:            result[frac][8]
                            (output port)
  Path Group:             (none)
  Path Type:              Max at Slow Process Corner
  Data Path Delay:        2.341ns  (logic 0.969ns (41.403%)  route 1.372ns (58.597%))
  Logic Levels:           1  (OBUF=1)
  Clock Uncertainty:      0.025ns  ((TSJ^2 + TIJ^2)^1/2 + DJ) / 2 + PE
    Total System Jitter     (TSJ):    0.050ns
    Total Input Jitter      (TIJ):    0.000ns
    Discrete Jitter          (DJ):    0.000ns
    Phase Error              (PE):    0.000ns
  Clock Net Delay (Source):      1.427ns (routing 0.584ns, distribution 0.843ns)

    Location             Delay type                Incr(ns)  Path(ns)    Netlist Resource(s)
  -------------------------------------------------------------------    -------------------
                         (clock clk rise edge)        0.000     0.000 r  <hidden>
    AB11                                              0.000     0.000 r  clk
                         net (fo=0)                   0.000     0.000    clk_IBUF_inst/I
    AB11                 INBUF (Prop_INBUF_HDIOB_M_PAD_O)
                                                      1.220     1.220 r  clk_IBUF_inst/INBUF_INST/O
                         net (fo=1, routed)           0.000     1.220    clk_IBUF_inst/OUT
    AB11                 IBUFCTRL (Prop_IBUFCTRL_HDIOB_M_I_O)
                                                      0.000     1.220 r  clk_IBUF_inst/IBUFCTRL_INST/O
                         net (fo=1, routed)           0.204     1.424    clk_IBUF
    BUFGCE_HDIO_X2Y1     BUFGCE (Prop_BUFCE_BUFGCE_HDIO_I_O)
                                                      0.028     1.452 r  clk_IBUF_BUFG_inst/O
    X1Y1 (CLOCK_ROOT)    net (fo=55, routed)          1.427     2.879    clk_IBUF_BUFG
    SLICE_X43Y62         FDSE                                         r  result_reg[frac][8]/C
  -------------------------------------------------------------------    -------------------
    SLICE_X43Y62         FDSE (Prop_AFF2_SLICEM_C_Q)
                                                      0.080     2.959 r  result_reg[frac][8]/Q
                         net (fo=1, routed)           1.372     4.331    result[frac]_OBUF[8]
    J1                   OBUF (Prop_OUTBUF_HPIOB_M_I_O)
                                                      0.889     5.221 r  result[frac][8]_INST_0/O
                         net (fo=0)                   0.000     5.221    result[frac][8]
    J1                                                                r  result[frac][8]
  -------------------------------------------------------------------    -------------------

Slack:                    inf
  Source:                 result_reg[expon][9]/C
                            (rising edge-triggered cell FDRE clocked by clk  {rise@0.000ns fall@2.000ns period=4.000ns})
  Destination:            result[expon][9]
                            (output port)
  Path Group:             (none)
  Path Type:              Max at Slow Process Corner
  Data Path Delay:        2.335ns  (logic 0.995ns (42.616%)  route 1.340ns (57.384%))
  Logic Levels:           1  (OBUF=1)
  Clock Uncertainty:      0.025ns  ((TSJ^2 + TIJ^2)^1/2 + DJ) / 2 + PE
    Total System Jitter     (TSJ):    0.050ns
    Total Input Jitter      (TIJ):    0.000ns
    Discrete Jitter          (DJ):    0.000ns
    Phase Error              (PE):    0.000ns
  Clock Net Delay (Source):      1.424ns (routing 0.584ns, distribution 0.840ns)

    Location             Delay type                Incr(ns)  Path(ns)    Netlist Resource(s)
  -------------------------------------------------------------------    -------------------
                         (clock clk rise edge)        0.000     0.000 r  <hidden>
    AB11                                              0.000     0.000 r  clk
                         net (fo=0)                   0.000     0.000    clk_IBUF_inst/I
    AB11                 INBUF (Prop_INBUF_HDIOB_M_PAD_O)
                                                      1.220     1.220 r  clk_IBUF_inst/INBUF_INST/O
                         net (fo=1, routed)           0.000     1.220    clk_IBUF_inst/OUT
    AB11                 IBUFCTRL (Prop_IBUFCTRL_HDIOB_M_I_O)
                                                      0.000     1.220 r  clk_IBUF_inst/IBUFCTRL_INST/O
                         net (fo=1, routed)           0.204     1.424    clk_IBUF
    BUFGCE_HDIO_X2Y1     BUFGCE (Prop_BUFCE_BUFGCE_HDIO_I_O)
                                                      0.028     1.452 r  clk_IBUF_BUFG_inst/O
    X1Y1 (CLOCK_ROOT)    net (fo=55, routed)          1.424     2.876    clk_IBUF_BUFG
    SLICE_X43Y70         FDRE                                         r  result_reg[expon][9]/C
  -------------------------------------------------------------------    -------------------
    SLICE_X43Y70         FDRE (Prop_AFF2_SLICEM_C_Q)
                                                      0.080     2.956 r  result_reg[expon][9]/Q
                         net (fo=1, routed)           1.340     4.296    result[expon]_OBUF[9]
    W8                   OBUF (Prop_OUTBUF_HPIOB_M_I_O)
                                                      0.915     5.211 r  result[expon][9]_INST_0/O
                         net (fo=0)                   0.000     5.211    result[expon][9]
    W8                                                                r  result[expon][9]
  -------------------------------------------------------------------    -------------------

Slack:                    inf
  Source:                 result_reg[frac][1]/C
                            (rising edge-triggered cell FDSE clocked by clk  {rise@0.000ns fall@2.000ns period=4.000ns})
  Destination:            result[frac][1]
                            (output port)
  Path Group:             (none)
  Path Type:              Max at Slow Process Corner
  Data Path Delay:        2.311ns  (logic 0.948ns (41.022%)  route 1.363ns (58.978%))
  Logic Levels:           1  (OBUF=1)
  Clock Uncertainty:      0.025ns  ((TSJ^2 + TIJ^2)^1/2 + DJ) / 2 + PE
    Total System Jitter     (TSJ):    0.050ns
    Total Input Jitter      (TIJ):    0.000ns
    Discrete Jitter          (DJ):    0.000ns
    Phase Error              (PE):    0.000ns
  Clock Net Delay (Source):      1.427ns (routing 0.584ns, distribution 0.843ns)

    Location             Delay type                Incr(ns)  Path(ns)    Netlist Resource(s)
  -------------------------------------------------------------------    -------------------
                         (clock clk rise edge)        0.000     0.000 r  <hidden>
    AB11                                              0.000     0.000 r  clk
                         net (fo=0)                   0.000     0.000    clk_IBUF_inst/I
    AB11                 INBUF (Prop_INBUF_HDIOB_M_PAD_O)
                                                      1.220     1.220 r  clk_IBUF_inst/INBUF_INST/O
                         net (fo=1, routed)           0.000     1.220    clk_IBUF_inst/OUT
    AB11                 IBUFCTRL (Prop_IBUFCTRL_HDIOB_M_I_O)
                                                      0.000     1.220 r  clk_IBUF_inst/IBUFCTRL_INST/O
                         net (fo=1, routed)           0.204     1.424    clk_IBUF
    BUFGCE_HDIO_X2Y1     BUFGCE (Prop_BUFCE_BUFGCE_HDIO_I_O)
                                                      0.028     1.452 r  clk_IBUF_BUFG_inst/O
    X1Y1 (CLOCK_ROOT)    net (fo=55, routed)          1.427     2.879    clk_IBUF_BUFG
    SLICE_X43Y61         FDSE                                         r  result_reg[frac][1]/C
  -------------------------------------------------------------------    -------------------
    SLICE_X43Y61         FDSE (Prop_DFF_SLICEM_C_Q)
                                                      0.078     2.957 r  result_reg[frac][1]/Q
                         net (fo=1, routed)           1.363     4.320    result[frac]_OBUF[1]
    L2                   OBUF (Prop_OUTBUF_HPIOB_S_I_O)
                                                      0.870     5.190 r  result[frac][1]_INST_0/O
                         net (fo=0)                   0.000     5.190    result[frac][1]
    L2                                                                r  result[frac][1]
  -------------------------------------------------------------------    -------------------

Slack:                    inf
  Source:                 result_reg[expon][5]/C
                            (rising edge-triggered cell FDRE clocked by clk  {rise@0.000ns fall@2.000ns period=4.000ns})
  Destination:            result[expon][5]
                            (output port)
  Path Group:             (none)
  Path Type:              Max at Slow Process Corner
  Data Path Delay:        2.284ns  (logic 0.989ns (43.300%)  route 1.295ns (56.700%))
  Logic Levels:           1  (OBUF=1)
  Clock Uncertainty:      0.025ns  ((TSJ^2 + TIJ^2)^1/2 + DJ) / 2 + PE
    Total System Jitter     (TSJ):    0.050ns
    Total Input Jitter      (TIJ):    0.000ns
    Discrete Jitter          (DJ):    0.000ns
    Phase Error              (PE):    0.000ns
  Clock Net Delay (Source):      1.424ns (routing 0.584ns, distribution 0.840ns)

    Location             Delay type                Incr(ns)  Path(ns)    Netlist Resource(s)
  -------------------------------------------------------------------    -------------------
                         (clock clk rise edge)        0.000     0.000 r  <hidden>
    AB11                                              0.000     0.000 r  clk
                         net (fo=0)                   0.000     0.000    clk_IBUF_inst/I
    AB11                 INBUF (Prop_INBUF_HDIOB_M_PAD_O)
                                                      1.220     1.220 r  clk_IBUF_inst/INBUF_INST/O
                         net (fo=1, routed)           0.000     1.220    clk_IBUF_inst/OUT
    AB11                 IBUFCTRL (Prop_IBUFCTRL_HDIOB_M_I_O)
                                                      0.000     1.220 r  clk_IBUF_inst/IBUFCTRL_INST/O
                         net (fo=1, routed)           0.204     1.424    clk_IBUF
    BUFGCE_HDIO_X2Y1     BUFGCE (Prop_BUFCE_BUFGCE_HDIO_I_O)
                                                      0.028     1.452 r  clk_IBUF_BUFG_inst/O
    X1Y1 (CLOCK_ROOT)    net (fo=55, routed)          1.424     2.876    clk_IBUF_BUFG
    SLICE_X43Y70         FDRE                                         r  result_reg[expon][5]/C
  -------------------------------------------------------------------    -------------------
    SLICE_X43Y70         FDRE (Prop_DFF2_SLICEM_C_Q)
                                                      0.080     2.956 r  result_reg[expon][5]/Q
                         net (fo=1, routed)           1.295     4.251    result[expon]_OBUF[5]
    U8                   OBUF (Prop_OUTBUF_HPIOB_M_I_O)
                                                      0.909     5.160 r  result[expon][5]_INST_0/O
                         net (fo=0)                   0.000     5.160    result[expon][5]
    U8                                                                r  result[expon][5]
  -------------------------------------------------------------------    -------------------

Slack:                    inf
  Source:                 result_reg[frac][7]/C
                            (rising edge-triggered cell FDSE clocked by clk  {rise@0.000ns fall@2.000ns period=4.000ns})
  Destination:            result[frac][7]
                            (output port)
  Path Group:             (none)
  Path Type:              Max at Slow Process Corner
  Data Path Delay:        2.277ns  (logic 0.963ns (42.282%)  route 1.314ns (57.718%))
  Logic Levels:           1  (OBUF=1)
  Clock Uncertainty:      0.025ns  ((TSJ^2 + TIJ^2)^1/2 + DJ) / 2 + PE
    Total System Jitter     (TSJ):    0.050ns
    Total Input Jitter      (TIJ):    0.000ns
    Discrete Jitter          (DJ):    0.000ns
    Phase Error              (PE):    0.000ns
  Clock Net Delay (Source):      1.427ns (routing 0.584ns, distribution 0.843ns)

    Location             Delay type                Incr(ns)  Path(ns)    Netlist Resource(s)
  -------------------------------------------------------------------    -------------------
                         (clock clk rise edge)        0.000     0.000 r  <hidden>
    AB11                                              0.000     0.000 r  clk
                         net (fo=0)                   0.000     0.000    clk_IBUF_inst/I
    AB11                 INBUF (Prop_INBUF_HDIOB_M_PAD_O)
                                                      1.220     1.220 r  clk_IBUF_inst/INBUF_INST/O
                         net (fo=1, routed)           0.000     1.220    clk_IBUF_inst/OUT
    AB11                 IBUFCTRL (Prop_IBUFCTRL_HDIOB_M_I_O)
                                                      0.000     1.220 r  clk_IBUF_inst/IBUFCTRL_INST/O
                         net (fo=1, routed)           0.204     1.424    clk_IBUF
    BUFGCE_HDIO_X2Y1     BUFGCE (Prop_BUFCE_BUFGCE_HDIO_I_O)
                                                      0.028     1.452 r  clk_IBUF_BUFG_inst/O
    X1Y1 (CLOCK_ROOT)    net (fo=55, routed)          1.427     2.879    clk_IBUF_BUFG
    SLICE_X43Y62         FDSE                                         r  result_reg[frac][7]/C
  -------------------------------------------------------------------    -------------------
    SLICE_X43Y62         FDSE (Prop_AFF_SLICEM_C_Q)
                                                      0.077     2.956 r  result_reg[frac][7]/Q
                         net (fo=1, routed)           1.314     4.270    result[frac]_OBUF[7]
    J2                   OBUF (Prop_OUTBUF_HPIOB_S_I_O)
                                                      0.886     5.156 r  result[frac][7]_INST_0/O
                         net (fo=0)                   0.000     5.156    result[frac][7]
    J2                                                                r  result[frac][7]
  -------------------------------------------------------------------    -------------------

Slack:                    inf
  Source:                 result_reg[expon][3]/C
                            (rising edge-triggered cell FDRE clocked by clk  {rise@0.000ns fall@2.000ns period=4.000ns})
  Destination:            result[expon][3]
                            (output port)
  Path Group:             (none)
  Path Type:              Max at Slow Process Corner
  Data Path Delay:        2.275ns  (logic 0.982ns (43.168%)  route 1.293ns (56.832%))
  Logic Levels:           1  (OBUF=1)
  Clock Uncertainty:      0.025ns  ((TSJ^2 + TIJ^2)^1/2 + DJ) / 2 + PE
    Total System Jitter     (TSJ):    0.050ns
    Total Input Jitter      (TIJ):    0.000ns
    Discrete Jitter          (DJ):    0.000ns
    Phase Error              (PE):    0.000ns
  Clock Net Delay (Source):      1.424ns (routing 0.584ns, distribution 0.840ns)

    Location             Delay type                Incr(ns)  Path(ns)    Netlist Resource(s)
  -------------------------------------------------------------------    -------------------
                         (clock clk rise edge)        0.000     0.000 r  <hidden>
    AB11                                              0.000     0.000 r  clk
                         net (fo=0)                   0.000     0.000    clk_IBUF_inst/I
    AB11                 INBUF (Prop_INBUF_HDIOB_M_PAD_O)
                                                      1.220     1.220 r  clk_IBUF_inst/INBUF_INST/O
                         net (fo=1, routed)           0.000     1.220    clk_IBUF_inst/OUT
    AB11                 IBUFCTRL (Prop_IBUFCTRL_HDIOB_M_I_O)
                                                      0.000     1.220 r  clk_IBUF_inst/IBUFCTRL_INST/O
                         net (fo=1, routed)           0.204     1.424    clk_IBUF
    BUFGCE_HDIO_X2Y1     BUFGCE (Prop_BUFCE_BUFGCE_HDIO_I_O)
                                                      0.028     1.452 r  clk_IBUF_BUFG_inst/O
    X1Y1 (CLOCK_ROOT)    net (fo=55, routed)          1.424     2.876    clk_IBUF_BUFG
    SLICE_X43Y71         FDRE                                         r  result_reg[expon][3]/C
  -------------------------------------------------------------------    -------------------
    SLICE_X43Y71         FDRE (Prop_BFF_SLICEM_C_Q)
                                                      0.078     2.954 r  result_reg[expon][3]/Q
                         net (fo=1, routed)           1.293     4.247    result[expon]_OBUF[3]
    R8                   OBUF (Prop_OUTBUF_HPIOB_M_I_O)
                                                      0.904     5.151 r  result[expon][3]_INST_0/O
                         net (fo=0)                   0.000     5.151    result[expon][3]
    R8                                                                r  result[expon][3]
  -------------------------------------------------------------------    -------------------

Slack:                    inf
  Source:                 result_reg[frac][5]/C
                            (rising edge-triggered cell FDSE clocked by clk  {rise@0.000ns fall@2.000ns period=4.000ns})
  Destination:            result[frac][5]
                            (output port)
  Path Group:             (none)
  Path Type:              Max at Slow Process Corner
  Data Path Delay:        2.263ns  (logic 0.975ns (43.079%)  route 1.288ns (56.921%))
  Logic Levels:           1  (OBUF=1)
  Clock Uncertainty:      0.025ns  ((TSJ^2 + TIJ^2)^1/2 + DJ) / 2 + PE
    Total System Jitter     (TSJ):    0.050ns
    Total Input Jitter      (TIJ):    0.000ns
    Discrete Jitter          (DJ):    0.000ns
    Phase Error              (PE):    0.000ns
  Clock Net Delay (Source):      1.427ns (routing 0.584ns, distribution 0.843ns)

    Location             Delay type                Incr(ns)  Path(ns)    Netlist Resource(s)
  -------------------------------------------------------------------    -------------------
                         (clock clk rise edge)        0.000     0.000 r  <hidden>
    AB11                                              0.000     0.000 r  clk
                         net (fo=0)                   0.000     0.000    clk_IBUF_inst/I
    AB11                 INBUF (Prop_INBUF_HDIOB_M_PAD_O)
                                                      1.220     1.220 r  clk_IBUF_inst/INBUF_INST/O
                         net (fo=1, routed)           0.000     1.220    clk_IBUF_inst/OUT
    AB11                 IBUFCTRL (Prop_IBUFCTRL_HDIOB_M_I_O)
                                                      0.000     1.220 r  clk_IBUF_inst/IBUFCTRL_INST/O
                         net (fo=1, routed)           0.204     1.424    clk_IBUF
    BUFGCE_HDIO_X2Y1     BUFGCE (Prop_BUFCE_BUFGCE_HDIO_I_O)
                                                      0.028     1.452 r  clk_IBUF_BUFG_inst/O
    X1Y1 (CLOCK_ROOT)    net (fo=55, routed)          1.427     2.879    clk_IBUF_BUFG
    SLICE_X43Y62         FDSE                                         r  result_reg[frac][5]/C
  -------------------------------------------------------------------    -------------------
    SLICE_X43Y62         FDSE (Prop_BFF_SLICEM_C_Q)
                                                      0.078     2.957 r  result_reg[frac][5]/Q
                         net (fo=1, routed)           1.288     4.245    result[frac]_OBUF[5]
    H3                   OBUF (Prop_OUTBUF_HPIOB_S_I_O)
                                                      0.897     5.142 r  result[frac][5]_INST_0/O
                         net (fo=0)                   0.000     5.142    result[frac][5]
    H3                                                                r  result[frac][5]
  -------------------------------------------------------------------    -------------------





Min Delay Paths
--------------------------------------------------------------------------------------
Slack:                    inf
  Source:                 result_reg[znan]/C
                            (rising edge-triggered cell FDRE clocked by clk  {rise@0.000ns fall@2.000ns period=4.000ns})
  Destination:            result[znan]
                            (output port)
  Path Group:             (none)
  Path Type:              Min at Fast Process Corner
  Data Path Delay:        0.925ns  (logic 0.417ns (45.069%)  route 0.508ns (54.931%))
  Logic Levels:           1  (OBUF=1)
  Clock Uncertainty:      0.025ns  ((TSJ^2 + TIJ^2)^1/2 + DJ) / 2 + PE
    Total System Jitter     (TSJ):    0.050ns
    Total Input Jitter      (TIJ):    0.000ns
    Discrete Jitter          (DJ):    0.000ns
    Phase Error              (PE):    0.000ns
  Clock Net Delay (Source):      0.773ns (routing 0.321ns, distribution 0.452ns)

    Location             Delay type                Incr(ns)  Path(ns)    Netlist Resource(s)
  -------------------------------------------------------------------    -------------------
                         (clock clk rise edge)        0.000     0.000 r  <hidden>
    AB11                                              0.000     0.000 r  clk
                         net (fo=0)                   0.000     0.000    clk_IBUF_inst/I
    AB11                 INBUF (Prop_INBUF_HDIOB_M_PAD_O)
                                                      0.798     0.798 r  clk_IBUF_inst/INBUF_INST/O
                         net (fo=1, routed)           0.000     0.798    clk_IBUF_inst/OUT
    AB11                 IBUFCTRL (Prop_IBUFCTRL_HDIOB_M_I_O)
                                                      0.000     0.798 r  clk_IBUF_inst/IBUFCTRL_INST/O
                         net (fo=1, routed)           0.091     0.889    clk_IBUF
    BUFGCE_HDIO_X2Y1     BUFGCE (Prop_BUFCE_BUFGCE_HDIO_I_O)
                                                      0.017     0.906 r  clk_IBUF_BUFG_inst/O
    X1Y1 (CLOCK_ROOT)    net (fo=55, routed)          0.773     1.678    clk_IBUF_BUFG
    SLICE_X48Y92         FDRE                                         r  result_reg[znan]/C
  -------------------------------------------------------------------    -------------------
    SLICE_X48Y92         FDRE (Prop_HFF2_SLICEM_C_Q)
                                                      0.039     1.717 r  result_reg[znan]/Q
                         net (fo=1, routed)           0.508     2.225    result_reg[znan_n_0_]
    K5                   OBUF (Prop_OUTBUF_HPIOB_SNGL_I_O)
                                                      0.378     2.603 r  result[znan]_INST_0/O
                         net (fo=0)                   0.000     2.603    result[znan]
    K5                                                                r  result[znan]
  -------------------------------------------------------------------    -------------------

Slack:                    inf
  Source:                 result_reg[expon][0]/C
                            (rising edge-triggered cell FDRE clocked by clk  {rise@0.000ns fall@2.000ns period=4.000ns})
  Destination:            result[expon][0]
                            (output port)
  Path Group:             (none)
  Path Type:              Min at Fast Process Corner
  Data Path Delay:        0.927ns  (logic 0.420ns (45.286%)  route 0.507ns (54.714%))
  Logic Levels:           1  (OBUF=1)
  Clock Uncertainty:      0.025ns  ((TSJ^2 + TIJ^2)^1/2 + DJ) / 2 + PE
    Total System Jitter     (TSJ):    0.050ns
    Total Input Jitter      (TIJ):    0.000ns
    Discrete Jitter          (DJ):    0.000ns
    Phase Error              (PE):    0.000ns
  Clock Net Delay (Source):      0.790ns (routing 0.321ns, distribution 0.469ns)

    Location             Delay type                Incr(ns)  Path(ns)    Netlist Resource(s)
  -------------------------------------------------------------------    -------------------
                         (clock clk rise edge)        0.000     0.000 r  <hidden>
    AB11                                              0.000     0.000 r  clk
                         net (fo=0)                   0.000     0.000    clk_IBUF_inst/I
    AB11                 INBUF (Prop_INBUF_HDIOB_M_PAD_O)
                                                      0.798     0.798 r  clk_IBUF_inst/INBUF_INST/O
                         net (fo=1, routed)           0.000     0.798    clk_IBUF_inst/OUT
    AB11                 IBUFCTRL (Prop_IBUFCTRL_HDIOB_M_I_O)
                                                      0.000     0.798 r  clk_IBUF_inst/IBUFCTRL_INST/O
                         net (fo=1, routed)           0.091     0.889    clk_IBUF
    BUFGCE_HDIO_X2Y1     BUFGCE (Prop_BUFCE_BUFGCE_HDIO_I_O)
                                                      0.017     0.906 r  clk_IBUF_BUFG_inst/O
    X1Y1 (CLOCK_ROOT)    net (fo=55, routed)          0.790     1.696    clk_IBUF_BUFG
    SLICE_X43Y71         FDRE                                         r  result_reg[expon][0]/C
  -------------------------------------------------------------------    -------------------
    SLICE_X43Y71         FDRE (Prop_CFF2_SLICEM_C_Q)
                                                      0.039     1.735 r  result_reg[expon][0]/Q
                         net (fo=1, routed)           0.507     2.242    result[expon]_OBUF[0]
    T6                   OBUF (Prop_OUTBUF_HPIOB_S_I_O)
                                                      0.381     2.622 r  result[expon][0]_INST_0/O
                         net (fo=0)                   0.000     2.622    result[expon][0]
    T6                                                                r  result[expon][0]
  -------------------------------------------------------------------    -------------------

Slack:                    inf
  Source:                 result_reg[expon][4]/C
                            (rising edge-triggered cell FDRE clocked by clk  {rise@0.000ns fall@2.000ns period=4.000ns})
  Destination:            result[expon][4]
                            (output port)
  Path Group:             (none)
  Path Type:              Min at Fast Process Corner
  Data Path Delay:        0.927ns  (logic 0.434ns (46.819%)  route 0.493ns (53.181%))
  Logic Levels:           1  (OBUF=1)
  Clock Uncertainty:      0.025ns  ((TSJ^2 + TIJ^2)^1/2 + DJ) / 2 + PE
    Total System Jitter     (TSJ):    0.050ns
    Total Input Jitter      (TIJ):    0.000ns
    Discrete Jitter          (DJ):    0.000ns
    Phase Error              (PE):    0.000ns
  Clock Net Delay (Source):      0.790ns (routing 0.321ns, distribution 0.469ns)

    Location             Delay type                Incr(ns)  Path(ns)    Netlist Resource(s)
  -------------------------------------------------------------------    -------------------
                         (clock clk rise edge)        0.000     0.000 r  <hidden>
    AB11                                              0.000     0.000 r  clk
                         net (fo=0)                   0.000     0.000    clk_IBUF_inst/I
    AB11                 INBUF (Prop_INBUF_HDIOB_M_PAD_O)
                                                      0.798     0.798 r  clk_IBUF_inst/INBUF_INST/O
                         net (fo=1, routed)           0.000     0.798    clk_IBUF_inst/OUT
    AB11                 IBUFCTRL (Prop_IBUFCTRL_HDIOB_M_I_O)
                                                      0.000     0.798 r  clk_IBUF_inst/IBUFCTRL_INST/O
                         net (fo=1, routed)           0.091     0.889    clk_IBUF
    BUFGCE_HDIO_X2Y1     BUFGCE (Prop_BUFCE_BUFGCE_HDIO_I_O)
                                                      0.017     0.906 r  clk_IBUF_BUFG_inst/O
    X1Y1 (CLOCK_ROOT)    net (fo=55, routed)          0.790     1.696    clk_IBUF_BUFG
    SLICE_X43Y70         FDRE                                         r  result_reg[expon][4]/C
  -------------------------------------------------------------------    -------------------
    SLICE_X43Y70         FDRE (Prop_DFF_SLICEM_C_Q)
                                                      0.039     1.735 r  result_reg[expon][4]/Q
                         net (fo=1, routed)           0.493     2.228    result[expon]_OBUF[4]
    T8                   OBUF (Prop_OUTBUF_HPIOB_S_I_O)
                                                      0.395     2.623 r  result[expon][4]_INST_0/O
                         net (fo=0)                   0.000     2.623    result[expon][4]
    T8                                                                r  result[expon][4]
  -------------------------------------------------------------------    -------------------

Slack:                    inf
  Source:                 result_reg[expon][1]/C
                            (rising edge-triggered cell FDRE clocked by clk  {rise@0.000ns fall@2.000ns period=4.000ns})
  Destination:            result[expon][1]
                            (output port)
  Path Group:             (none)
  Path Type:              Min at Fast Process Corner
  Data Path Delay:        0.933ns  (logic 0.420ns (45.024%)  route 0.513ns (54.976%))
  Logic Levels:           1  (OBUF=1)
  Clock Uncertainty:      0.025ns  ((TSJ^2 + TIJ^2)^1/2 + DJ) / 2 + PE
    Total System Jitter     (TSJ):    0.050ns
    Total Input Jitter      (TIJ):    0.000ns
    Discrete Jitter          (DJ):    0.000ns
    Phase Error              (PE):    0.000ns
  Clock Net Delay (Source):      0.790ns (routing 0.321ns, distribution 0.469ns)

    Location             Delay type                Incr(ns)  Path(ns)    Netlist Resource(s)
  -------------------------------------------------------------------    -------------------
                         (clock clk rise edge)        0.000     0.000 r  <hidden>
    AB11                                              0.000     0.000 r  clk
                         net (fo=0)                   0.000     0.000    clk_IBUF_inst/I
    AB11                 INBUF (Prop_INBUF_HDIOB_M_PAD_O)
                                                      0.798     0.798 r  clk_IBUF_inst/INBUF_INST/O
                         net (fo=1, routed)           0.000     0.798    clk_IBUF_inst/OUT
    AB11                 IBUFCTRL (Prop_IBUFCTRL_HDIOB_M_I_O)
                                                      0.000     0.798 r  clk_IBUF_inst/IBUFCTRL_INST/O
                         net (fo=1, routed)           0.091     0.889    clk_IBUF
    BUFGCE_HDIO_X2Y1     BUFGCE (Prop_BUFCE_BUFGCE_HDIO_I_O)
                                                      0.017     0.906 r  clk_IBUF_BUFG_inst/O
    X1Y1 (CLOCK_ROOT)    net (fo=55, routed)          0.790     1.696    clk_IBUF_BUFG
    SLICE_X43Y71         FDRE                                         r  result_reg[expon][1]/C
  -------------------------------------------------------------------    -------------------
    SLICE_X43Y71         FDRE (Prop_DFF_SLICEM_C_Q)
                                                      0.039     1.735 r  result_reg[expon][1]/Q
                         net (fo=1, routed)           0.513     2.248    result[expon]_OBUF[1]
    R7                   OBUF (Prop_OUTBUF_HPIOB_M_I_O)
                                                      0.381     2.629 r  result[expon][1]_INST_0/O
                         net (fo=0)                   0.000     2.629    result[expon][1]
    R7                                                                r  result[expon][1]
  -------------------------------------------------------------------    -------------------

Slack:                    inf
  Source:                 result_reg[expon][2]/C
                            (rising edge-triggered cell FDRE clocked by clk  {rise@0.000ns fall@2.000ns period=4.000ns})
  Destination:            result[expon][2]
                            (output port)
  Path Group:             (none)
  Path Type:              Min at Fast Process Corner
  Data Path Delay:        0.941ns  (logic 0.421ns (44.762%)  route 0.520ns (55.238%))
  Logic Levels:           1  (OBUF=1)
  Clock Uncertainty:      0.025ns  ((TSJ^2 + TIJ^2)^1/2 + DJ) / 2 + PE
    Total System Jitter     (TSJ):    0.050ns
    Total Input Jitter      (TIJ):    0.000ns
    Discrete Jitter          (DJ):    0.000ns
    Phase Error              (PE):    0.000ns
  Clock Net Delay (Source):      0.790ns (routing 0.321ns, distribution 0.469ns)

    Location             Delay type                Incr(ns)  Path(ns)    Netlist Resource(s)
  -------------------------------------------------------------------    -------------------
                         (clock clk rise edge)        0.000     0.000 r  <hidden>
    AB11                                              0.000     0.000 r  clk
                         net (fo=0)                   0.000     0.000    clk_IBUF_inst/I
    AB11                 INBUF (Prop_INBUF_HDIOB_M_PAD_O)
                                                      0.798     0.798 r  clk_IBUF_inst/INBUF_INST/O
                         net (fo=1, routed)           0.000     0.798    clk_IBUF_inst/OUT
    AB11                 IBUFCTRL (Prop_IBUFCTRL_HDIOB_M_I_O)
                                                      0.000     0.798 r  clk_IBUF_inst/IBUFCTRL_INST/O
                         net (fo=1, routed)           0.091     0.889    clk_IBUF
    BUFGCE_HDIO_X2Y1     BUFGCE (Prop_BUFCE_BUFGCE_HDIO_I_O)
                                                      0.017     0.906 r  clk_IBUF_BUFG_inst/O
    X1Y1 (CLOCK_ROOT)    net (fo=55, routed)          0.790     1.696    clk_IBUF_BUFG
    SLICE_X43Y71         FDRE                                         r  result_reg[expon][2]/C
  -------------------------------------------------------------------    -------------------
    SLICE_X43Y71         FDRE (Prop_DFF2_SLICEM_C_Q)
                                                      0.041     1.737 r  result_reg[expon][2]/Q
                         net (fo=1, routed)           0.520     2.257    result[expon]_OBUF[2]
    T7                   OBUF (Prop_OUTBUF_HPIOB_S_I_O)
                                                      0.380     2.637 r  result[expon][2]_INST_0/O
                         net (fo=0)                   0.000     2.637    result[expon][2]
    T7                                                                r  result[expon][2]
  -------------------------------------------------------------------    -------------------

Slack:                    inf
  Source:                 result_reg[expon][6]/C
                            (rising edge-triggered cell FDRE clocked by clk  {rise@0.000ns fall@2.000ns period=4.000ns})
  Destination:            result[expon][6]
                            (output port)
  Path Group:             (none)
  Path Type:              Min at Fast Process Corner
  Data Path Delay:        0.950ns  (logic 0.436ns (45.873%)  route 0.514ns (54.127%))
  Logic Levels:           1  (OBUF=1)
  Clock Uncertainty:      0.025ns  ((TSJ^2 + TIJ^2)^1/2 + DJ) / 2 + PE
    Total System Jitter     (TSJ):    0.050ns
    Total Input Jitter      (TIJ):    0.000ns
    Discrete Jitter          (DJ):    0.000ns
    Phase Error              (PE):    0.000ns
  Clock Net Delay (Source):      0.790ns (routing 0.321ns, distribution 0.469ns)

    Location             Delay type                Incr(ns)  Path(ns)    Netlist Resource(s)
  -------------------------------------------------------------------    -------------------
                         (clock clk rise edge)        0.000     0.000 r  <hidden>
    AB11                                              0.000     0.000 r  clk
                         net (fo=0)                   0.000     0.000    clk_IBUF_inst/I
    AB11                 INBUF (Prop_INBUF_HDIOB_M_PAD_O)
                                                      0.798     0.798 r  clk_IBUF_inst/INBUF_INST/O
                         net (fo=1, routed)           0.000     0.798    clk_IBUF_inst/OUT
    AB11                 IBUFCTRL (Prop_IBUFCTRL_HDIOB_M_I_O)
                                                      0.000     0.798 r  clk_IBUF_inst/IBUFCTRL_INST/O
                         net (fo=1, routed)           0.091     0.889    clk_IBUF
    BUFGCE_HDIO_X2Y1     BUFGCE (Prop_BUFCE_BUFGCE_HDIO_I_O)
                                                      0.017     0.906 r  clk_IBUF_BUFG_inst/O
    X1Y1 (CLOCK_ROOT)    net (fo=55, routed)          0.790     1.696    clk_IBUF_BUFG
    SLICE_X43Y70         FDRE                                         r  result_reg[expon][6]/C
  -------------------------------------------------------------------    -------------------
    SLICE_X43Y70         FDRE (Prop_CFF_SLICEM_C_Q)
                                                      0.038     1.734 r  result_reg[expon][6]/Q
                         net (fo=1, routed)           0.514     2.248    result[expon]_OBUF[6]
    V8                   OBUF (Prop_OUTBUF_HPIOB_S_I_O)
                                                      0.398     2.645 r  result[expon][6]_INST_0/O
                         net (fo=0)                   0.000     2.645    result[expon][6]
    V8                                                                r  result[expon][6]
  -------------------------------------------------------------------    -------------------

Slack:                    inf
  Source:                 result_reg[frac][11]/C
                            (rising edge-triggered cell FDSE clocked by clk  {rise@0.000ns fall@2.000ns period=4.000ns})
  Destination:            result[frac][11]
                            (output port)
  Path Group:             (none)
  Path Type:              Min at Fast Process Corner
  Data Path Delay:        0.974ns  (logic 0.419ns (43.039%)  route 0.555ns (56.961%))
  Logic Levels:           1  (OBUF=1)
  Clock Uncertainty:      0.025ns  ((TSJ^2 + TIJ^2)^1/2 + DJ) / 2 + PE
    Total System Jitter     (TSJ):    0.050ns
    Total Input Jitter      (TIJ):    0.000ns
    Discrete Jitter          (DJ):    0.000ns
    Phase Error              (PE):    0.000ns
  Clock Net Delay (Source):      0.791ns (routing 0.321ns, distribution 0.470ns)

    Location             Delay type                Incr(ns)  Path(ns)    Netlist Resource(s)
  -------------------------------------------------------------------    -------------------
                         (clock clk rise edge)        0.000     0.000 r  <hidden>
    AB11                                              0.000     0.000 r  clk
                         net (fo=0)                   0.000     0.000    clk_IBUF_inst/I
    AB11                 INBUF (Prop_INBUF_HDIOB_M_PAD_O)
                                                      0.798     0.798 r  clk_IBUF_inst/INBUF_INST/O
                         net (fo=1, routed)           0.000     0.798    clk_IBUF_inst/OUT
    AB11                 IBUFCTRL (Prop_IBUFCTRL_HDIOB_M_I_O)
                                                      0.000     0.798 r  clk_IBUF_inst/IBUFCTRL_INST/O
                         net (fo=1, routed)           0.091     0.889    clk_IBUF
    BUFGCE_HDIO_X2Y1     BUFGCE (Prop_BUFCE_BUFGCE_HDIO_I_O)
                                                      0.017     0.906 r  clk_IBUF_BUFG_inst/O
    X1Y1 (CLOCK_ROOT)    net (fo=55, routed)          0.791     1.697    clk_IBUF_BUFG
    SLICE_X43Y63         FDSE                                         r  result_reg[frac][11]/C
  -------------------------------------------------------------------    -------------------
    SLICE_X43Y63         FDSE (Prop_DFF_SLICEM_C_Q)
                                                      0.039     1.736 r  result_reg[frac][11]/Q
                         net (fo=1, routed)           0.555     2.291    result[frac]_OBUF[11]
    K1                   OBUF (Prop_OUTBUF_HPIOB_S_I_O)
                                                      0.380     2.671 r  result[frac][11]_INST_0/O
                         net (fo=0)                   0.000     2.671    result[frac][11]
    K1                                                                r  result[frac][11]
  -------------------------------------------------------------------    -------------------

Slack:                    inf
  Source:                 result_reg[frac][10]/C
                            (rising edge-triggered cell FDSE clocked by clk  {rise@0.000ns fall@2.000ns period=4.000ns})
  Destination:            result[frac][10]
                            (output port)
  Path Group:             (none)
  Path Type:              Min at Fast Process Corner
  Data Path Delay:        0.975ns  (logic 0.420ns (43.073%)  route 0.555ns (56.927%))
  Logic Levels:           1  (OBUF=1)
  Clock Uncertainty:      0.025ns  ((TSJ^2 + TIJ^2)^1/2 + DJ) / 2 + PE
    Total System Jitter     (TSJ):    0.050ns
    Total Input Jitter      (TIJ):    0.000ns
    Discrete Jitter          (DJ):    0.000ns
    Phase Error              (PE):    0.000ns
  Clock Net Delay (Source):      0.791ns (routing 0.321ns, distribution 0.470ns)

    Location             Delay type                Incr(ns)  Path(ns)    Netlist Resource(s)
  -------------------------------------------------------------------    -------------------
                         (clock clk rise edge)        0.000     0.000 r  <hidden>
    AB11                                              0.000     0.000 r  clk
                         net (fo=0)                   0.000     0.000    clk_IBUF_inst/I
    AB11                 INBUF (Prop_INBUF_HDIOB_M_PAD_O)
                                                      0.798     0.798 r  clk_IBUF_inst/INBUF_INST/O
                         net (fo=1, routed)           0.000     0.798    clk_IBUF_inst/OUT
    AB11                 IBUFCTRL (Prop_IBUFCTRL_HDIOB_M_I_O)
                                                      0.000     0.798 r  clk_IBUF_inst/IBUFCTRL_INST/O
                         net (fo=1, routed)           0.091     0.889    clk_IBUF
    BUFGCE_HDIO_X2Y1     BUFGCE (Prop_BUFCE_BUFGCE_HDIO_I_O)
                                                      0.017     0.906 r  clk_IBUF_BUFG_inst/O
    X1Y1 (CLOCK_ROOT)    net (fo=55, routed)          0.791     1.697    clk_IBUF_BUFG
    SLICE_X43Y62         FDSE                                         r  result_reg[frac][10]/C
  -------------------------------------------------------------------    -------------------
    SLICE_X43Y62         FDSE (Prop_DFF_SLICEM_C_Q)
                                                      0.039     1.736 r  result_reg[frac][10]/Q
                         net (fo=1, routed)           0.555     2.291    result[frac]_OBUF[10]
    L1                   OBUF (Prop_OUTBUF_HPIOB_M_I_O)
                                                      0.381     2.672 r  result[frac][10]_INST_0/O
                         net (fo=0)                   0.000     2.672    result[frac][10]
    L1                                                                r  result[frac][10]
  -------------------------------------------------------------------    -------------------

Slack:                    inf
  Source:                 result_reg[frac][12]/C
                            (rising edge-triggered cell FDSE clocked by clk  {rise@0.000ns fall@2.000ns period=4.000ns})
  Destination:            result[frac][12]
                            (output port)
  Path Group:             (none)
  Path Type:              Min at Fast Process Corner
  Data Path Delay:        0.979ns  (logic 0.421ns (43.030%)  route 0.558ns (56.970%))
  Logic Levels:           1  (OBUF=1)
  Clock Uncertainty:      0.025ns  ((TSJ^2 + TIJ^2)^1/2 + DJ) / 2 + PE
    Total System Jitter     (TSJ):    0.050ns
    Total Input Jitter      (TIJ):    0.000ns
    Discrete Jitter          (DJ):    0.000ns
    Phase Error              (PE):    0.000ns
  Clock Net Delay (Source):      0.791ns (routing 0.321ns, distribution 0.470ns)

    Location             Delay type                Incr(ns)  Path(ns)    Netlist Resource(s)
  -------------------------------------------------------------------    -------------------
                         (clock clk rise edge)        0.000     0.000 r  <hidden>
    AB11                                              0.000     0.000 r  clk
                         net (fo=0)                   0.000     0.000    clk_IBUF_inst/I
    AB11                 INBUF (Prop_INBUF_HDIOB_M_PAD_O)
                                                      0.798     0.798 r  clk_IBUF_inst/INBUF_INST/O
                         net (fo=1, routed)           0.000     0.798    clk_IBUF_inst/OUT
    AB11                 IBUFCTRL (Prop_IBUFCTRL_HDIOB_M_I_O)
                                                      0.000     0.798 r  clk_IBUF_inst/IBUFCTRL_INST/O
                         net (fo=1, routed)           0.091     0.889    clk_IBUF
    BUFGCE_HDIO_X2Y1     BUFGCE (Prop_BUFCE_BUFGCE_HDIO_I_O)
                                                      0.017     0.906 r  clk_IBUF_BUFG_inst/O
    X1Y1 (CLOCK_ROOT)    net (fo=55, routed)          0.791     1.697    clk_IBUF_BUFG
    SLICE_X43Y63         FDSE                                         r  result_reg[frac][12]/C
  -------------------------------------------------------------------    -------------------
    SLICE_X43Y63         FDSE (Prop_DFF2_SLICEM_C_Q)
                                                      0.041     1.738 r  result_reg[frac][12]/Q
                         net (fo=1, routed)           0.558     2.296    result[frac]_OBUF[12]
    R6                   OBUF (Prop_OUTBUF_HPIOB_M_I_O)
                                                      0.380     2.676 r  result[frac][12]_INST_0/O
                         net (fo=0)                   0.000     2.676    result[frac][12]
    R6                                                                r  result[frac][12]
  -------------------------------------------------------------------    -------------------

Slack:                    inf
  Source:                 result_reg[frac][9]/C
                            (rising edge-triggered cell FDSE clocked by clk  {rise@0.000ns fall@2.000ns period=4.000ns})
  Destination:            result[frac][9]
                            (output port)
  Path Group:             (none)
  Path Type:              Min at Fast Process Corner
  Data Path Delay:        0.980ns  (logic 0.418ns (42.649%)  route 0.562ns (57.351%))
  Logic Levels:           1  (OBUF=1)
  Clock Uncertainty:      0.025ns  ((TSJ^2 + TIJ^2)^1/2 + DJ) / 2 + PE
    Total System Jitter     (TSJ):    0.050ns
    Total Input Jitter      (TIJ):    0.000ns
    Discrete Jitter          (DJ):    0.000ns
    Phase Error              (PE):    0.000ns
  Clock Net Delay (Source):      0.791ns (routing 0.321ns, distribution 0.470ns)

    Location             Delay type                Incr(ns)  Path(ns)    Netlist Resource(s)
  -------------------------------------------------------------------    -------------------
                         (clock clk rise edge)        0.000     0.000 r  <hidden>
    AB11                                              0.000     0.000 r  clk
                         net (fo=0)                   0.000     0.000    clk_IBUF_inst/I
    AB11                 INBUF (Prop_INBUF_HDIOB_M_PAD_O)
                                                      0.798     0.798 r  clk_IBUF_inst/INBUF_INST/O
                         net (fo=1, routed)           0.000     0.798    clk_IBUF_inst/OUT
    AB11                 IBUFCTRL (Prop_IBUFCTRL_HDIOB_M_I_O)
                                                      0.000     0.798 r  clk_IBUF_inst/IBUFCTRL_INST/O
                         net (fo=1, routed)           0.091     0.889    clk_IBUF
    BUFGCE_HDIO_X2Y1     BUFGCE (Prop_BUFCE_BUFGCE_HDIO_I_O)
                                                      0.017     0.906 r  clk_IBUF_BUFG_inst/O
    X1Y1 (CLOCK_ROOT)    net (fo=55, routed)          0.791     1.697    clk_IBUF_BUFG
    SLICE_X43Y62         FDSE                                         r  result_reg[frac][9]/C
  -------------------------------------------------------------------    -------------------
    SLICE_X43Y62         FDSE (Prop_DFF2_SLICEM_C_Q)
                                                      0.041     1.738 r  result_reg[frac][9]/Q
                         net (fo=1, routed)           0.562     2.300    result[frac]_OBUF[9]
    H1                   OBUF (Prop_OUTBUF_HPIOB_S_I_O)
                                                      0.377     2.677 r  result[frac][9]_INST_0/O
                         net (fo=0)                   0.000     2.677    result[frac][9]
    H1                                                                r  result[frac][9]
  -------------------------------------------------------------------    -------------------





--------------------------------------------------------------------------------------
Path Group:  (none)
From Clock:  
  To Clock:  clk

Max Delay            24 Endpoints
Min Delay            24 Endpoints
--------------------------------------------------------------------------------------


Max Delay Paths
--------------------------------------------------------------------------------------
Slack:                    inf
  Source:                 operanda[expon][0]
                            (input port)
  Destination:            alu_ina_reg[expon][0]/D
                            (rising edge-triggered cell FDRE clocked by clk  {rise@0.000ns fall@2.000ns period=4.000ns})
  Path Group:             (none)
  Path Type:              Setup (Max at Slow Process Corner)
  Data Path Delay:        2.100ns  (logic 0.516ns (24.583%)  route 1.584ns (75.417%))
  Logic Levels:           2  (IBUFCTRL=1 INBUF=1)
  Clock Path Skew:        2.248ns (DCD - SCD + CPR)
    Destination Clock Delay (DCD):    2.248ns
    Source Clock Delay      (SCD):    0.000ns
    Clock Pessimism Removal (CPR):    0.000ns
  Clock Uncertainty:      0.025ns  ((TSJ^2 + TIJ^2)^1/2 + DJ) / 2 + PE
    Total System Jitter     (TSJ):    0.050ns
    Total Input Jitter      (TIJ):    0.000ns
    Discrete Jitter          (DJ):    0.000ns
    Phase Error              (PE):    0.000ns
  Clock Net Delay (Destination): 1.258ns (routing 0.531ns, distribution 0.727ns)

    Location             Delay type                Incr(ns)  Path(ns)    Netlist Resource(s)
  -------------------------------------------------------------------    -------------------
    H9                                                0.000     0.000 r  operanda[expon][0]
                         net (fo=0)                   0.000     0.000    alu_ina_reg[expon][0]_i_1/I
    H9                   INBUF (Prop_INBUF_HPIOB_M_PAD_O)
                                                      0.516     0.516 r  alu_ina_reg[expon][0]_i_1/INBUF_INST/O
                         net (fo=1, routed)           0.000     0.516    alu_ina_reg[expon][0]_i_1/OUT
    H9                   IBUFCTRL (Prop_IBUFCTRL_HPIOB_M_I_O)
                                                      0.000     0.516 r  alu_ina_reg[expon][0]_i_1/IBUFCTRL_INST/O
                         net (fo=1, routed)           1.584     2.100    alu_ina_reg[expon][0]_i_1_n_0
    SLICE_X43Y73         FDRE                                         r  alu_ina_reg[expon][0]/D
  -------------------------------------------------------------------    -------------------

                         (clock clk rise edge)        0.000     0.000 r  <hidden>
    AB11                                              0.000     0.000 r  clk
                         net (fo=0)                   0.000     0.000    clk_IBUF_inst/I
    AB11                 INBUF (Prop_INBUF_HDIOB_M_PAD_O)
                                                      0.798     0.798 r  clk_IBUF_inst/INBUF_INST/O
                         net (fo=1, routed)           0.000     0.798    clk_IBUF_inst/OUT
    AB11                 IBUFCTRL (Prop_IBUFCTRL_HDIOB_M_I_O)
                                                      0.000     0.798 r  clk_IBUF_inst/IBUFCTRL_INST/O
                         net (fo=1, routed)           0.169     0.967    clk_IBUF
    BUFGCE_HDIO_X2Y1     BUFGCE (Prop_BUFCE_BUFGCE_HDIO_I_O)
                                                      0.024     0.991 r  clk_IBUF_BUFG_inst/O
    X1Y1 (CLOCK_ROOT)    net (fo=55, routed)          1.258     2.248    clk_IBUF_BUFG
    SLICE_X43Y73         FDRE                                         r  alu_ina_reg[expon][0]/C

Slack:                    inf
  Source:                 operanda[expon][8]
                            (input port)
  Destination:            alu_ina_reg[expon][8]/D
                            (rising edge-triggered cell FDRE clocked by clk  {rise@0.000ns fall@2.000ns period=4.000ns})
  Path Group:             (none)
  Path Type:              Setup (Max at Slow Process Corner)
  Data Path Delay:        2.022ns  (logic 0.518ns (25.617%)  route 1.504ns (74.383%))
  Logic Levels:           2  (IBUFCTRL=1 INBUF=1)
  Clock Path Skew:        2.249ns (DCD - SCD + CPR)
    Destination Clock Delay (DCD):    2.249ns
    Source Clock Delay      (SCD):    0.000ns
    Clock Pessimism Removal (CPR):    0.000ns
  Clock Uncertainty:      0.025ns  ((TSJ^2 + TIJ^2)^1/2 + DJ) / 2 + PE
    Total System Jitter     (TSJ):    0.050ns
    Total Input Jitter      (TIJ):    0.000ns
    Discrete Jitter          (DJ):    0.000ns
    Phase Error              (PE):    0.000ns
  Clock Net Delay (Destination): 1.259ns (routing 0.531ns, distribution 0.728ns)

    Location             Delay type                Incr(ns)  Path(ns)    Netlist Resource(s)
  -------------------------------------------------------------------    -------------------
    J6                                                0.000     0.000 r  operanda[expon][8]
                         net (fo=0)                   0.000     0.000    alu_ina_reg[expon][8]_i_1/I
    J6                   INBUF (Prop_INBUF_HPIOB_M_PAD_O)
                                                      0.518     0.518 r  alu_ina_reg[expon][8]_i_1/INBUF_INST/O
                         net (fo=1, routed)           0.000     0.518    alu_ina_reg[expon][8]_i_1/OUT
    J6                   IBUFCTRL (Prop_IBUFCTRL_HPIOB_M_I_O)
                                                      0.000     0.518 r  alu_ina_reg[expon][8]_i_1/IBUFCTRL_INST/O
                         net (fo=1, routed)           1.504     2.022    alu_ina_reg[expon][8]_i_1_n_0
    SLICE_X43Y73         FDRE                                         r  alu_ina_reg[expon][8]/D
  -------------------------------------------------------------------    -------------------

                         (clock clk rise edge)        0.000     0.000 r  <hidden>
    AB11                                              0.000     0.000 r  clk
                         net (fo=0)                   0.000     0.000    clk_IBUF_inst/I
    AB11                 INBUF (Prop_INBUF_HDIOB_M_PAD_O)
                                                      0.798     0.798 r  clk_IBUF_inst/INBUF_INST/O
                         net (fo=1, routed)           0.000     0.798    clk_IBUF_inst/OUT
    AB11                 IBUFCTRL (Prop_IBUFCTRL_HDIOB_M_I_O)
                                                      0.000     0.798 r  clk_IBUF_inst/IBUFCTRL_INST/O
                         net (fo=1, routed)           0.169     0.967    clk_IBUF
    BUFGCE_HDIO_X2Y1     BUFGCE (Prop_BUFCE_BUFGCE_HDIO_I_O)
                                                      0.024     0.991 r  clk_IBUF_BUFG_inst/O
    X1Y1 (CLOCK_ROOT)    net (fo=55, routed)          1.259     2.249    clk_IBUF_BUFG
    SLICE_X43Y73         FDRE                                         r  alu_ina_reg[expon][8]/C

Slack:                    inf
  Source:                 operanda[expon][4]
                            (input port)
  Destination:            alu_ina_reg[expon][4]/D
                            (rising edge-triggered cell FDRE clocked by clk  {rise@0.000ns fall@2.000ns period=4.000ns})
  Path Group:             (none)
  Path Type:              Setup (Max at Slow Process Corner)
  Data Path Delay:        2.010ns  (logic 0.519ns (25.827%)  route 1.491ns (74.173%))
  Logic Levels:           2  (IBUFCTRL=1 INBUF=1)
  Clock Path Skew:        2.248ns (DCD - SCD + CPR)
    Destination Clock Delay (DCD):    2.248ns
    Source Clock Delay      (SCD):    0.000ns
    Clock Pessimism Removal (CPR):    0.000ns
  Clock Uncertainty:      0.025ns  ((TSJ^2 + TIJ^2)^1/2 + DJ) / 2 + PE
    Total System Jitter     (TSJ):    0.050ns
    Total Input Jitter      (TIJ):    0.000ns
    Discrete Jitter          (DJ):    0.000ns
    Phase Error              (PE):    0.000ns
  Clock Net Delay (Destination): 1.258ns (routing 0.531ns, distribution 0.727ns)

    Location             Delay type                Incr(ns)  Path(ns)    Netlist Resource(s)
  -------------------------------------------------------------------    -------------------
    K8                                                0.000     0.000 r  operanda[expon][4]
                         net (fo=0)                   0.000     0.000    alu_ina_reg[expon][4]_i_1/I
    K8                   INBUF (Prop_INBUF_HPIOB_M_PAD_O)
                                                      0.519     0.519 r  alu_ina_reg[expon][4]_i_1/INBUF_INST/O
                         net (fo=1, routed)           0.000     0.519    alu_ina_reg[expon][4]_i_1/OUT
    K8                   IBUFCTRL (Prop_IBUFCTRL_HPIOB_M_I_O)
                                                      0.000     0.519 r  alu_ina_reg[expon][4]_i_1/IBUFCTRL_INST/O
                         net (fo=1, routed)           1.491     2.010    alu_ina_reg[expon][4]_i_1_n_0
    SLICE_X43Y73         FDRE                                         r  alu_ina_reg[expon][4]/D
  -------------------------------------------------------------------    -------------------

                         (clock clk rise edge)        0.000     0.000 r  <hidden>
    AB11                                              0.000     0.000 r  clk
                         net (fo=0)                   0.000     0.000    clk_IBUF_inst/I
    AB11                 INBUF (Prop_INBUF_HDIOB_M_PAD_O)
                                                      0.798     0.798 r  clk_IBUF_inst/INBUF_INST/O
                         net (fo=1, routed)           0.000     0.798    clk_IBUF_inst/OUT
    AB11                 IBUFCTRL (Prop_IBUFCTRL_HDIOB_M_I_O)
                                                      0.000     0.798 r  clk_IBUF_inst/IBUFCTRL_INST/O
                         net (fo=1, routed)           0.169     0.967    clk_IBUF
    BUFGCE_HDIO_X2Y1     BUFGCE (Prop_BUFCE_BUFGCE_HDIO_I_O)
                                                      0.024     0.991 r  clk_IBUF_BUFG_inst/O
    X1Y1 (CLOCK_ROOT)    net (fo=55, routed)          1.258     2.248    clk_IBUF_BUFG
    SLICE_X43Y73         FDRE                                         r  alu_ina_reg[expon][4]/C

Slack:                    inf
  Source:                 operandb[expon][0]
                            (input port)
  Destination:            alu_inb_reg[expon][0]/D
                            (rising edge-triggered cell FDRE clocked by clk  {rise@0.000ns fall@2.000ns period=4.000ns})
  Path Group:             (none)
  Path Type:              Setup (Max at Slow Process Corner)
  Data Path Delay:        1.980ns  (logic 0.497ns (25.097%)  route 1.483ns (74.903%))
  Logic Levels:           2  (IBUFCTRL=1 INBUF=1)
  Clock Path Skew:        2.249ns (DCD - SCD + CPR)
    Destination Clock Delay (DCD):    2.249ns
    Source Clock Delay      (SCD):    0.000ns
    Clock Pessimism Removal (CPR):    0.000ns
  Clock Uncertainty:      0.025ns  ((TSJ^2 + TIJ^2)^1/2 + DJ) / 2 + PE
    Total System Jitter     (TSJ):    0.050ns
    Total Input Jitter      (TIJ):    0.000ns
    Discrete Jitter          (DJ):    0.000ns
    Phase Error              (PE):    0.000ns
  Clock Net Delay (Destination): 1.259ns (routing 0.531ns, distribution 0.728ns)

    Location             Delay type                Incr(ns)  Path(ns)    Netlist Resource(s)
  -------------------------------------------------------------------    -------------------
    J5                                                0.000     0.000 r  operandb[expon][0]
                         net (fo=0)                   0.000     0.000    alu_inb_reg[expon][0]_i_1/I
    J5                   INBUF (Prop_INBUF_HPIOB_M_PAD_O)
                                                      0.497     0.497 r  alu_inb_reg[expon][0]_i_1/INBUF_INST/O
                         net (fo=1, routed)           0.000     0.497    alu_inb_reg[expon][0]_i_1/OUT
    J5                   IBUFCTRL (Prop_IBUFCTRL_HPIOB_M_I_O)
                                                      0.000     0.497 r  alu_inb_reg[expon][0]_i_1/IBUFCTRL_INST/O
                         net (fo=1, routed)           1.483     1.980    alu_inb_reg[expon][0]_i_1_n_0
    SLICE_X43Y73         FDRE                                         r  alu_inb_reg[expon][0]/D
  -------------------------------------------------------------------    -------------------

                         (clock clk rise edge)        0.000     0.000 r  <hidden>
    AB11                                              0.000     0.000 r  clk
                         net (fo=0)                   0.000     0.000    clk_IBUF_inst/I
    AB11                 INBUF (Prop_INBUF_HDIOB_M_PAD_O)
                                                      0.798     0.798 r  clk_IBUF_inst/INBUF_INST/O
                         net (fo=1, routed)           0.000     0.798    clk_IBUF_inst/OUT
    AB11                 IBUFCTRL (Prop_IBUFCTRL_HDIOB_M_I_O)
                                                      0.000     0.798 r  clk_IBUF_inst/IBUFCTRL_INST/O
                         net (fo=1, routed)           0.169     0.967    clk_IBUF
    BUFGCE_HDIO_X2Y1     BUFGCE (Prop_BUFCE_BUFGCE_HDIO_I_O)
                                                      0.024     0.991 r  clk_IBUF_BUFG_inst/O
    X1Y1 (CLOCK_ROOT)    net (fo=55, routed)          1.259     2.249    clk_IBUF_BUFG
    SLICE_X43Y73         FDRE                                         r  alu_inb_reg[expon][0]/C

Slack:                    inf
  Source:                 operanda[expon][7]
                            (input port)
  Destination:            alu_ina_reg[expon][7]/D
                            (rising edge-triggered cell FDRE clocked by clk  {rise@0.000ns fall@2.000ns period=4.000ns})
  Path Group:             (none)
  Path Type:              Setup (Max at Slow Process Corner)
  Data Path Delay:        1.934ns  (logic 0.521ns (26.932%)  route 1.413ns (73.068%))
  Logic Levels:           2  (IBUFCTRL=1 INBUF=1)
  Clock Path Skew:        2.241ns (DCD - SCD + CPR)
    Destination Clock Delay (DCD):    2.241ns
    Source Clock Delay      (SCD):    0.000ns
    Clock Pessimism Removal (CPR):    0.000ns
  Clock Uncertainty:      0.025ns  ((TSJ^2 + TIJ^2)^1/2 + DJ) / 2 + PE
    Total System Jitter     (TSJ):    0.050ns
    Total Input Jitter      (TIJ):    0.000ns
    Discrete Jitter          (DJ):    0.000ns
    Phase Error              (PE):    0.000ns
  Clock Net Delay (Destination): 1.250ns (routing 0.531ns, distribution 0.719ns)

    Location             Delay type                Incr(ns)  Path(ns)    Netlist Resource(s)
  -------------------------------------------------------------------    -------------------
    H7                                                0.000     0.000 r  operanda[expon][7]
                         net (fo=0)                   0.000     0.000    alu_ina_reg[expon][7]_i_1/I
    H7                   INBUF (Prop_INBUF_HPIOB_S_PAD_O)
                                                      0.521     0.521 r  alu_ina_reg[expon][7]_i_1/INBUF_INST/O
                         net (fo=1, routed)           0.000     0.521    alu_ina_reg[expon][7]_i_1/OUT
    H7                   IBUFCTRL (Prop_IBUFCTRL_HPIOB_S_I_O)
                                                      0.000     0.521 r  alu_ina_reg[expon][7]_i_1/IBUFCTRL_INST/O
                         net (fo=1, routed)           1.413     1.934    alu_ina_reg[expon][7]_i_1_n_0
    SLICE_X44Y72         FDRE                                         r  alu_ina_reg[expon][7]/D
  -------------------------------------------------------------------    -------------------

                         (clock clk rise edge)        0.000     0.000 r  <hidden>
    AB11                                              0.000     0.000 r  clk
                         net (fo=0)                   0.000     0.000    clk_IBUF_inst/I
    AB11                 INBUF (Prop_INBUF_HDIOB_M_PAD_O)
                                                      0.798     0.798 r  clk_IBUF_inst/INBUF_INST/O
                         net (fo=1, routed)           0.000     0.798    clk_IBUF_inst/OUT
    AB11                 IBUFCTRL (Prop_IBUFCTRL_HDIOB_M_I_O)
                                                      0.000     0.798 r  clk_IBUF_inst/IBUFCTRL_INST/O
                         net (fo=1, routed)           0.169     0.967    clk_IBUF
    BUFGCE_HDIO_X2Y1     BUFGCE (Prop_BUFCE_BUFGCE_HDIO_I_O)
                                                      0.024     0.991 r  clk_IBUF_BUFG_inst/O
    X1Y1 (CLOCK_ROOT)    net (fo=55, routed)          1.250     2.241    clk_IBUF_BUFG
    SLICE_X44Y72         FDRE                                         r  alu_ina_reg[expon][7]/C

Slack:                    inf
  Source:                 operanda[expon][2]
                            (input port)
  Destination:            alu_ina_reg[expon][2]/D
                            (rising edge-triggered cell FDRE clocked by clk  {rise@0.000ns fall@2.000ns period=4.000ns})
  Path Group:             (none)
  Path Type:              Setup (Max at Slow Process Corner)
  Data Path Delay:        1.914ns  (logic 0.497ns (25.953%)  route 1.417ns (74.047%))
  Logic Levels:           2  (IBUFCTRL=1 INBUF=1)
  Clock Path Skew:        2.248ns (DCD - SCD + CPR)
    Destination Clock Delay (DCD):    2.248ns
    Source Clock Delay      (SCD):    0.000ns
    Clock Pessimism Removal (CPR):    0.000ns
  Clock Uncertainty:      0.025ns  ((TSJ^2 + TIJ^2)^1/2 + DJ) / 2 + PE
    Total System Jitter     (TSJ):    0.050ns
    Total Input Jitter      (TIJ):    0.000ns
    Discrete Jitter          (DJ):    0.000ns
    Phase Error              (PE):    0.000ns
  Clock Net Delay (Destination): 1.258ns (routing 0.531ns, distribution 0.727ns)

    Location             Delay type                Incr(ns)  Path(ns)    Netlist Resource(s)
  -------------------------------------------------------------------    -------------------
    K9                                                0.000     0.000 r  operanda[expon][2]
                         net (fo=0)                   0.000     0.000    alu_ina_reg[expon][2]_i_1/I
    K9                   INBUF (Prop_INBUF_HPIOB_M_PAD_O)
                                                      0.497     0.497 r  alu_ina_reg[expon][2]_i_1/INBUF_INST/O
                         net (fo=1, routed)           0.000     0.497    alu_ina_reg[expon][2]_i_1/OUT
    K9                   IBUFCTRL (Prop_IBUFCTRL_HPIOB_M_I_O)
                                                      0.000     0.497 r  alu_ina_reg[expon][2]_i_1/IBUFCTRL_INST/O
                         net (fo=1, routed)           1.417     1.914    alu_ina_reg[expon][2]_i_1_n_0
    SLICE_X43Y73         FDRE                                         r  alu_ina_reg[expon][2]/D
  -------------------------------------------------------------------    -------------------

                         (clock clk rise edge)        0.000     0.000 r  <hidden>
    AB11                                              0.000     0.000 r  clk
                         net (fo=0)                   0.000     0.000    clk_IBUF_inst/I
    AB11                 INBUF (Prop_INBUF_HDIOB_M_PAD_O)
                                                      0.798     0.798 r  clk_IBUF_inst/INBUF_INST/O
                         net (fo=1, routed)           0.000     0.798    clk_IBUF_inst/OUT
    AB11                 IBUFCTRL (Prop_IBUFCTRL_HDIOB_M_I_O)
                                                      0.000     0.798 r  clk_IBUF_inst/IBUFCTRL_INST/O
                         net (fo=1, routed)           0.169     0.967    clk_IBUF
    BUFGCE_HDIO_X2Y1     BUFGCE (Prop_BUFCE_BUFGCE_HDIO_I_O)
                                                      0.024     0.991 r  clk_IBUF_BUFG_inst/O
    X1Y1 (CLOCK_ROOT)    net (fo=55, routed)          1.258     2.248    clk_IBUF_BUFG
    SLICE_X43Y73         FDRE                                         r  alu_ina_reg[expon][2]/C

Slack:                    inf
  Source:                 operanda[expon][5]
                            (input port)
  Destination:            alu_ina_reg[expon][5]/D
                            (rising edge-triggered cell FDRE clocked by clk  {rise@0.000ns fall@2.000ns period=4.000ns})
  Path Group:             (none)
  Path Type:              Setup (Max at Slow Process Corner)
  Data Path Delay:        1.906ns  (logic 0.520ns (27.279%)  route 1.386ns (72.721%))
  Logic Levels:           2  (IBUFCTRL=1 INBUF=1)
  Clock Path Skew:        2.241ns (DCD - SCD + CPR)
    Destination Clock Delay (DCD):    2.241ns
    Source Clock Delay      (SCD):    0.000ns
    Clock Pessimism Removal (CPR):    0.000ns
  Clock Uncertainty:      0.025ns  ((TSJ^2 + TIJ^2)^1/2 + DJ) / 2 + PE
    Total System Jitter     (TSJ):    0.050ns
    Total Input Jitter      (TIJ):    0.000ns
    Discrete Jitter          (DJ):    0.000ns
    Phase Error              (PE):    0.000ns
  Clock Net Delay (Destination): 1.250ns (routing 0.531ns, distribution 0.719ns)

    Location             Delay type                Incr(ns)  Path(ns)    Netlist Resource(s)
  -------------------------------------------------------------------    -------------------
    K7                                                0.000     0.000 r  operanda[expon][5]
                         net (fo=0)                   0.000     0.000    alu_ina_reg[expon][5]_i_1/I
    K7                   INBUF (Prop_INBUF_HPIOB_S_PAD_O)
                                                      0.520     0.520 r  alu_ina_reg[expon][5]_i_1/INBUF_INST/O
                         net (fo=1, routed)           0.000     0.520    alu_ina_reg[expon][5]_i_1/OUT
    K7                   IBUFCTRL (Prop_IBUFCTRL_HPIOB_S_I_O)
                                                      0.000     0.520 r  alu_ina_reg[expon][5]_i_1/IBUFCTRL_INST/O
                         net (fo=1, routed)           1.386     1.906    alu_ina_reg[expon][5]_i_1_n_0
    SLICE_X44Y72         FDRE                                         r  alu_ina_reg[expon][5]/D
  -------------------------------------------------------------------    -------------------

                         (clock clk rise edge)        0.000     0.000 r  <hidden>
    AB11                                              0.000     0.000 r  clk
                         net (fo=0)                   0.000     0.000    clk_IBUF_inst/I
    AB11                 INBUF (Prop_INBUF_HDIOB_M_PAD_O)
                                                      0.798     0.798 r  clk_IBUF_inst/INBUF_INST/O
                         net (fo=1, routed)           0.000     0.798    clk_IBUF_inst/OUT
    AB11                 IBUFCTRL (Prop_IBUFCTRL_HDIOB_M_I_O)
                                                      0.000     0.798 r  clk_IBUF_inst/IBUFCTRL_INST/O
                         net (fo=1, routed)           0.169     0.967    clk_IBUF
    BUFGCE_HDIO_X2Y1     BUFGCE (Prop_BUFCE_BUFGCE_HDIO_I_O)
                                                      0.024     0.991 r  clk_IBUF_BUFG_inst/O
    X1Y1 (CLOCK_ROOT)    net (fo=55, routed)          1.250     2.241    clk_IBUF_BUFG
    SLICE_X44Y72         FDRE                                         r  alu_ina_reg[expon][5]/C

Slack:                    inf
  Source:                 operanda[expon][3]
                            (input port)
  Destination:            alu_ina_reg[expon][3]/D
                            (rising edge-triggered cell FDRE clocked by clk  {rise@0.000ns fall@2.000ns period=4.000ns})
  Path Group:             (none)
  Path Type:              Setup (Max at Slow Process Corner)
  Data Path Delay:        1.906ns  (logic 0.497ns (26.068%)  route 1.409ns (73.932%))
  Logic Levels:           2  (IBUFCTRL=1 INBUF=1)
  Clock Path Skew:        2.248ns (DCD - SCD + CPR)
    Destination Clock Delay (DCD):    2.248ns
    Source Clock Delay      (SCD):    0.000ns
    Clock Pessimism Removal (CPR):    0.000ns
  Clock Uncertainty:      0.025ns  ((TSJ^2 + TIJ^2)^1/2 + DJ) / 2 + PE
    Total System Jitter     (TSJ):    0.050ns
    Total Input Jitter      (TIJ):    0.000ns
    Discrete Jitter          (DJ):    0.000ns
    Phase Error              (PE):    0.000ns
  Clock Net Delay (Destination): 1.258ns (routing 0.531ns, distribution 0.727ns)

    Location             Delay type                Incr(ns)  Path(ns)    Netlist Resource(s)
  -------------------------------------------------------------------    -------------------
    J9                                                0.000     0.000 r  operanda[expon][3]
                         net (fo=0)                   0.000     0.000    alu_ina_reg[expon][3]_i_1/I
    J9                   INBUF (Prop_INBUF_HPIOB_S_PAD_O)
                                                      0.497     0.497 r  alu_ina_reg[expon][3]_i_1/INBUF_INST/O
                         net (fo=1, routed)           0.000     0.497    alu_ina_reg[expon][3]_i_1/OUT
    J9                   IBUFCTRL (Prop_IBUFCTRL_HPIOB_S_I_O)
                                                      0.000     0.497 r  alu_ina_reg[expon][3]_i_1/IBUFCTRL_INST/O
                         net (fo=1, routed)           1.409     1.906    alu_ina_reg[expon][3]_i_1_n_0
    SLICE_X43Y73         FDRE                                         r  alu_ina_reg[expon][3]/D
  -------------------------------------------------------------------    -------------------

                         (clock clk rise edge)        0.000     0.000 r  <hidden>
    AB11                                              0.000     0.000 r  clk
                         net (fo=0)                   0.000     0.000    clk_IBUF_inst/I
    AB11                 INBUF (Prop_INBUF_HDIOB_M_PAD_O)
                                                      0.798     0.798 r  clk_IBUF_inst/INBUF_INST/O
                         net (fo=1, routed)           0.000     0.798    clk_IBUF_inst/OUT
    AB11                 IBUFCTRL (Prop_IBUFCTRL_HDIOB_M_I_O)
                                                      0.000     0.798 r  clk_IBUF_inst/IBUFCTRL_INST/O
                         net (fo=1, routed)           0.169     0.967    clk_IBUF
    BUFGCE_HDIO_X2Y1     BUFGCE (Prop_BUFCE_BUFGCE_HDIO_I_O)
                                                      0.024     0.991 r  clk_IBUF_BUFG_inst/O
    X1Y1 (CLOCK_ROOT)    net (fo=55, routed)          1.258     2.248    clk_IBUF_BUFG
    SLICE_X43Y73         FDRE                                         r  alu_ina_reg[expon][3]/C

Slack:                    inf
  Source:                 operanda[expon][1]
                            (input port)
  Destination:            alu_ina_reg[expon][1]/D
                            (rising edge-triggered cell FDRE clocked by clk  {rise@0.000ns fall@2.000ns period=4.000ns})
  Path Group:             (none)
  Path Type:              Setup (Max at Slow Process Corner)
  Data Path Delay:        1.901ns  (logic 0.507ns (26.663%)  route 1.394ns (73.337%))
  Logic Levels:           2  (IBUFCTRL=1 INBUF=1)
  Clock Path Skew:        2.248ns (DCD - SCD + CPR)
    Destination Clock Delay (DCD):    2.248ns
    Source Clock Delay      (SCD):    0.000ns
    Clock Pessimism Removal (CPR):    0.000ns
  Clock Uncertainty:      0.025ns  ((TSJ^2 + TIJ^2)^1/2 + DJ) / 2 + PE
    Total System Jitter     (TSJ):    0.050ns
    Total Input Jitter      (TIJ):    0.000ns
    Discrete Jitter          (DJ):    0.000ns
    Phase Error              (PE):    0.000ns
  Clock Net Delay (Destination): 1.258ns (routing 0.531ns, distribution 0.727ns)

    Location             Delay type                Incr(ns)  Path(ns)    Netlist Resource(s)
  -------------------------------------------------------------------    -------------------
    H8                                                0.000     0.000 r  operanda[expon][1]
                         net (fo=0)                   0.000     0.000    alu_ina_reg[expon][1]_i_1/I
    H8                   INBUF (Prop_INBUF_HPIOB_S_PAD_O)
                                                      0.507     0.507 r  alu_ina_reg[expon][1]_i_1/INBUF_INST/O
                         net (fo=1, routed)           0.000     0.507    alu_ina_reg[expon][1]_i_1/OUT
    H8                   IBUFCTRL (Prop_IBUFCTRL_HPIOB_S_I_O)
                                                      0.000     0.507 r  alu_ina_reg[expon][1]_i_1/IBUFCTRL_INST/O
                         net (fo=1, routed)           1.394     1.901    alu_ina_reg[expon][1]_i_1_n_0
    SLICE_X43Y73         FDRE                                         r  alu_ina_reg[expon][1]/D
  -------------------------------------------------------------------    -------------------

                         (clock clk rise edge)        0.000     0.000 r  <hidden>
    AB11                                              0.000     0.000 r  clk
                         net (fo=0)                   0.000     0.000    clk_IBUF_inst/I
    AB11                 INBUF (Prop_INBUF_HDIOB_M_PAD_O)
                                                      0.798     0.798 r  clk_IBUF_inst/INBUF_INST/O
                         net (fo=1, routed)           0.000     0.798    clk_IBUF_inst/OUT
    AB11                 IBUFCTRL (Prop_IBUFCTRL_HDIOB_M_I_O)
                                                      0.000     0.798 r  clk_IBUF_inst/IBUFCTRL_INST/O
                         net (fo=1, routed)           0.169     0.967    clk_IBUF
    BUFGCE_HDIO_X2Y1     BUFGCE (Prop_BUFCE_BUFGCE_HDIO_I_O)
                                                      0.024     0.991 r  clk_IBUF_BUFG_inst/O
    X1Y1 (CLOCK_ROOT)    net (fo=55, routed)          1.258     2.248    clk_IBUF_BUFG
    SLICE_X43Y73         FDRE                                         r  alu_ina_reg[expon][1]/C

Slack:                    inf
  Source:                 operandb[expon][5]
                            (input port)
  Destination:            alu_inb_reg[expon][5]/D
                            (rising edge-triggered cell FDRE clocked by clk  {rise@0.000ns fall@2.000ns period=4.000ns})
  Path Group:             (none)
  Path Type:              Setup (Max at Slow Process Corner)
  Data Path Delay:        1.884ns  (logic 0.505ns (26.792%)  route 1.379ns (73.208%))
  Logic Levels:           2  (IBUFCTRL=1 INBUF=1)
  Clock Path Skew:        2.241ns (DCD - SCD + CPR)
    Destination Clock Delay (DCD):    2.241ns
    Source Clock Delay      (SCD):    0.000ns
    Clock Pessimism Removal (CPR):    0.000ns
  Clock Uncertainty:      0.025ns  ((TSJ^2 + TIJ^2)^1/2 + DJ) / 2 + PE
    Total System Jitter     (TSJ):    0.050ns
    Total Input Jitter      (TIJ):    0.000ns
    Discrete Jitter          (DJ):    0.000ns
    Phase Error              (PE):    0.000ns
  Clock Net Delay (Destination): 1.250ns (routing 0.531ns, distribution 0.719ns)

    Location             Delay type                Incr(ns)  Path(ns)    Netlist Resource(s)
  -------------------------------------------------------------------    -------------------
    N8                                                0.000     0.000 r  operandb[expon][5]
                         net (fo=0)                   0.000     0.000    alu_inb_reg[expon][5]_i_1/I
    N8                   INBUF (Prop_INBUF_HPIOB_S_PAD_O)
                                                      0.505     0.505 r  alu_inb_reg[expon][5]_i_1/INBUF_INST/O
                         net (fo=1, routed)           0.000     0.505    alu_inb_reg[expon][5]_i_1/OUT
    N8                   IBUFCTRL (Prop_IBUFCTRL_HPIOB_S_I_O)
                                                      0.000     0.505 r  alu_inb_reg[expon][5]_i_1/IBUFCTRL_INST/O
                         net (fo=1, routed)           1.379     1.884    alu_inb_reg[expon][5]_i_1_n_0
    SLICE_X44Y72         FDRE                                         r  alu_inb_reg[expon][5]/D
  -------------------------------------------------------------------    -------------------

                         (clock clk rise edge)        0.000     0.000 r  <hidden>
    AB11                                              0.000     0.000 r  clk
                         net (fo=0)                   0.000     0.000    clk_IBUF_inst/I
    AB11                 INBUF (Prop_INBUF_HDIOB_M_PAD_O)
                                                      0.798     0.798 r  clk_IBUF_inst/INBUF_INST/O
                         net (fo=1, routed)           0.000     0.798    clk_IBUF_inst/OUT
    AB11                 IBUFCTRL (Prop_IBUFCTRL_HDIOB_M_I_O)
                                                      0.000     0.798 r  clk_IBUF_inst/IBUFCTRL_INST/O
                         net (fo=1, routed)           0.169     0.967    clk_IBUF
    BUFGCE_HDIO_X2Y1     BUFGCE (Prop_BUFCE_BUFGCE_HDIO_I_O)
                                                      0.024     0.991 r  clk_IBUF_BUFG_inst/O
    X1Y1 (CLOCK_ROOT)    net (fo=55, routed)          1.250     2.241    clk_IBUF_BUFG
    SLICE_X44Y72         FDRE                                         r  alu_inb_reg[expon][5]/C





Min Delay Paths
--------------------------------------------------------------------------------------
Slack:                    inf
  Source:                 operanda[znan]
                            (input port)
  Destination:            alu_ina_reg[znan]/D
                            (rising edge-triggered cell FDRE clocked by clk  {rise@0.000ns fall@2.000ns period=4.000ns})
  Path Group:             (none)
  Path Type:              Hold (Min at Fast Process Corner)
  Data Path Delay:        0.487ns  (logic 0.143ns (29.314%)  route 0.344ns (70.686%))
  Logic Levels:           2  (IBUFCTRL=1 INBUF=1)
  Clock Path Skew:        2.052ns (DCD - SCD - CPR)
    Destination Clock Delay (DCD):    2.052ns
    Source Clock Delay      (SCD):    0.000ns
    Clock Pessimism Removal (CPR):    -0.000ns
  Clock Net Delay (Destination): 0.878ns (routing 0.358ns, distribution 0.520ns)

    Location             Delay type                Incr(ns)  Path(ns)    Netlist Resource(s)
  -------------------------------------------------------------------    -------------------
    L5                                                0.000     0.000 r  operanda[znan]
                         net (fo=0)                   0.000     0.000    alu_ina_reg[znan]_i_1/I
    L5                   INBUF (Prop_INBUF_HPIOB_S_PAD_O)
                                                      0.143     0.143 r  alu_ina_reg[znan]_i_1/INBUF_INST/O
                         net (fo=1, routed)           0.000     0.143    alu_ina_reg[znan]_i_1/OUT
    L5                   IBUFCTRL (Prop_IBUFCTRL_HPIOB_S_I_O)
                                                      0.000     0.143 r  alu_ina_reg[znan]_i_1/IBUFCTRL_INST/O
                         net (fo=1, routed)           0.344     0.487    alu_ina_reg[znan]_i_1_n_0
    SLICE_X48Y92         FDRE                                         r  alu_ina_reg[znan]/D
  -------------------------------------------------------------------    -------------------

                         (clock clk rise edge)        0.000     0.000 r  <hidden>
    AB11                                              0.000     0.000 r  clk
                         net (fo=0)                   0.000     0.000    clk_IBUF_inst/I
    AB11                 INBUF (Prop_INBUF_HDIOB_M_PAD_O)
                                                      1.041     1.041 r  clk_IBUF_inst/INBUF_INST/O
                         net (fo=1, routed)           0.000     1.041    clk_IBUF_inst/OUT
    AB11                 IBUFCTRL (Prop_IBUFCTRL_HDIOB_M_I_O)
                                                      0.000     1.041 r  clk_IBUF_inst/IBUFCTRL_INST/O
                         net (fo=1, routed)           0.113     1.154    clk_IBUF
    BUFGCE_HDIO_X2Y1     BUFGCE (Prop_BUFCE_BUFGCE_HDIO_I_O)
                                                      0.019     1.173 r  clk_IBUF_BUFG_inst/O
    X1Y1 (CLOCK_ROOT)    net (fo=55, routed)          0.878     2.052    clk_IBUF_BUFG
    SLICE_X48Y92         FDRE                                         r  alu_ina_reg[znan]/C

Slack:                    inf
  Source:                 operandb[znan]
                            (input port)
  Destination:            alu_inb_reg[znan]/D
                            (rising edge-triggered cell FDRE clocked by clk  {rise@0.000ns fall@2.000ns period=4.000ns})
  Path Group:             (none)
  Path Type:              Hold (Min at Fast Process Corner)
  Data Path Delay:        0.498ns  (logic 0.151ns (30.381%)  route 0.347ns (69.619%))
  Logic Levels:           2  (IBUFCTRL=1 INBUF=1)
  Clock Path Skew:        2.052ns (DCD - SCD - CPR)
    Destination Clock Delay (DCD):    2.052ns
    Source Clock Delay      (SCD):    0.000ns
    Clock Pessimism Removal (CPR):    -0.000ns
  Clock Net Delay (Destination): 0.878ns (routing 0.358ns, distribution 0.520ns)

    Location             Delay type                Incr(ns)  Path(ns)    Netlist Resource(s)
  -------------------------------------------------------------------    -------------------
    L6                                                0.000     0.000 r  operandb[znan]
                         net (fo=0)                   0.000     0.000    alu_inb_reg[znan]_i_1/I
    L6                   INBUF (Prop_INBUF_HPIOB_S_PAD_O)
                                                      0.151     0.151 r  alu_inb_reg[znan]_i_1/INBUF_INST/O
                         net (fo=1, routed)           0.000     0.151    alu_inb_reg[znan]_i_1/OUT
    L6                   IBUFCTRL (Prop_IBUFCTRL_HPIOB_S_I_O)
                                                      0.000     0.151 r  alu_inb_reg[znan]_i_1/IBUFCTRL_INST/O
                         net (fo=1, routed)           0.347     0.498    alu_inb_reg[znan]_i_1_n_0
    SLICE_X48Y92         FDRE                                         r  alu_inb_reg[znan]/D
  -------------------------------------------------------------------    -------------------

                         (clock clk rise edge)        0.000     0.000 r  <hidden>
    AB11                                              0.000     0.000 r  clk
                         net (fo=0)                   0.000     0.000    clk_IBUF_inst/I
    AB11                 INBUF (Prop_INBUF_HDIOB_M_PAD_O)
                                                      1.041     1.041 r  clk_IBUF_inst/INBUF_INST/O
                         net (fo=1, routed)           0.000     1.041    clk_IBUF_inst/OUT
    AB11                 IBUFCTRL (Prop_IBUFCTRL_HDIOB_M_I_O)
                                                      0.000     1.041 r  clk_IBUF_inst/IBUFCTRL_INST/O
                         net (fo=1, routed)           0.113     1.154    clk_IBUF
    BUFGCE_HDIO_X2Y1     BUFGCE (Prop_BUFCE_BUFGCE_HDIO_I_O)
                                                      0.019     1.173 r  clk_IBUF_BUFG_inst/O
    X1Y1 (CLOCK_ROOT)    net (fo=55, routed)          0.878     2.052    clk_IBUF_BUFG
    SLICE_X48Y92         FDRE                                         r  alu_inb_reg[znan]/C

Slack:                    inf
  Source:                 operanda[sign]
                            (input port)
  Destination:            alu_ina_reg[sign]/D
                            (rising edge-triggered cell FDRE clocked by clk  {rise@0.000ns fall@2.000ns period=4.000ns})
  Path Group:             (none)
  Path Type:              Hold (Min at Fast Process Corner)
  Data Path Delay:        0.509ns  (logic 0.143ns (28.115%)  route 0.366ns (71.885%))
  Logic Levels:           2  (IBUFCTRL=1 INBUF=1)
  Clock Path Skew:        2.052ns (DCD - SCD - CPR)
    Destination Clock Delay (DCD):    2.052ns
    Source Clock Delay      (SCD):    0.000ns
    Clock Pessimism Removal (CPR):    -0.000ns
  Clock Net Delay (Destination): 0.878ns (routing 0.358ns, distribution 0.520ns)

    Location             Delay type                Incr(ns)  Path(ns)    Netlist Resource(s)
  -------------------------------------------------------------------    -------------------
    M6                                                0.000     0.000 r  operanda[sign]
                         net (fo=0)                   0.000     0.000    alu_ina_reg[sign]_i_1/I
    M6                   INBUF (Prop_INBUF_HPIOB_M_PAD_O)
                                                      0.143     0.143 r  alu_ina_reg[sign]_i_1/INBUF_INST/O
                         net (fo=1, routed)           0.000     0.143    alu_ina_reg[sign]_i_1/OUT
    M6                   IBUFCTRL (Prop_IBUFCTRL_HPIOB_M_I_O)
                                                      0.000     0.143 r  alu_ina_reg[sign]_i_1/IBUFCTRL_INST/O
                         net (fo=1, routed)           0.366     0.509    alu_ina_reg[sign]_i_1_n_0
    SLICE_X48Y92         FDRE                                         r  alu_ina_reg[sign]/D
  -------------------------------------------------------------------    -------------------

                         (clock clk rise edge)        0.000     0.000 r  <hidden>
    AB11                                              0.000     0.000 r  clk
                         net (fo=0)                   0.000     0.000    clk_IBUF_inst/I
    AB11                 INBUF (Prop_INBUF_HDIOB_M_PAD_O)
                                                      1.041     1.041 r  clk_IBUF_inst/INBUF_INST/O
                         net (fo=1, routed)           0.000     1.041    clk_IBUF_inst/OUT
    AB11                 IBUFCTRL (Prop_IBUFCTRL_HDIOB_M_I_O)
                                                      0.000     1.041 r  clk_IBUF_inst/IBUFCTRL_INST/O
                         net (fo=1, routed)           0.113     1.154    clk_IBUF
    BUFGCE_HDIO_X2Y1     BUFGCE (Prop_BUFCE_BUFGCE_HDIO_I_O)
                                                      0.019     1.173 r  clk_IBUF_BUFG_inst/O
    X1Y1 (CLOCK_ROOT)    net (fo=55, routed)          0.878     2.052    clk_IBUF_BUFG
    SLICE_X48Y92         FDRE                                         r  alu_ina_reg[sign]/C

Slack:                    inf
  Source:                 operandb[sign]
                            (input port)
  Destination:            alu_inb_reg[sign]/D
                            (rising edge-triggered cell FDRE clocked by clk  {rise@0.000ns fall@2.000ns period=4.000ns})
  Path Group:             (none)
  Path Type:              Hold (Min at Fast Process Corner)
  Data Path Delay:        0.520ns  (logic 0.152ns (29.209%)  route 0.368ns (70.791%))
  Logic Levels:           2  (IBUFCTRL=1 INBUF=1)
  Clock Path Skew:        2.052ns (DCD - SCD - CPR)
    Destination Clock Delay (DCD):    2.052ns
    Source Clock Delay      (SCD):    0.000ns
    Clock Pessimism Removal (CPR):    -0.000ns
  Clock Net Delay (Destination): 0.878ns (routing 0.358ns, distribution 0.520ns)

    Location             Delay type                Incr(ns)  Path(ns)    Netlist Resource(s)
  -------------------------------------------------------------------    -------------------
    L7                                                0.000     0.000 r  operandb[sign]
                         net (fo=0)                   0.000     0.000    alu_inb_reg[sign]_i_1/I
    L7                   INBUF (Prop_INBUF_HPIOB_M_PAD_O)
                                                      0.152     0.152 r  alu_inb_reg[sign]_i_1/INBUF_INST/O
                         net (fo=1, routed)           0.000     0.152    alu_inb_reg[sign]_i_1/OUT
    L7                   IBUFCTRL (Prop_IBUFCTRL_HPIOB_M_I_O)
                                                      0.000     0.152 r  alu_inb_reg[sign]_i_1/IBUFCTRL_INST/O
                         net (fo=1, routed)           0.368     0.520    alu_inb_reg[sign]_i_1_n_0
    SLICE_X48Y92         FDRE                                         r  alu_inb_reg[sign]/D
  -------------------------------------------------------------------    -------------------

                         (clock clk rise edge)        0.000     0.000 r  <hidden>
    AB11                                              0.000     0.000 r  clk
                         net (fo=0)                   0.000     0.000    clk_IBUF_inst/I
    AB11                 INBUF (Prop_INBUF_HDIOB_M_PAD_O)
                                                      1.041     1.041 r  clk_IBUF_inst/INBUF_INST/O
                         net (fo=1, routed)           0.000     1.041    clk_IBUF_inst/OUT
    AB11                 IBUFCTRL (Prop_IBUFCTRL_HDIOB_M_I_O)
                                                      0.000     1.041 r  clk_IBUF_inst/IBUFCTRL_INST/O
                         net (fo=1, routed)           0.113     1.154    clk_IBUF
    BUFGCE_HDIO_X2Y1     BUFGCE (Prop_BUFCE_BUFGCE_HDIO_I_O)
                                                      0.019     1.173 r  clk_IBUF_BUFG_inst/O
    X1Y1 (CLOCK_ROOT)    net (fo=55, routed)          0.878     2.052    clk_IBUF_BUFG
    SLICE_X48Y92         FDRE                                         r  alu_inb_reg[sign]/C

Slack:                    inf
  Source:                 operandb[expon][9]
                            (input port)
  Destination:            alu_inb_reg[expon][9]/D
                            (rising edge-triggered cell FDRE clocked by clk  {rise@0.000ns fall@2.000ns period=4.000ns})
  Path Group:             (none)
  Path Type:              Hold (Min at Fast Process Corner)
  Data Path Delay:        0.650ns  (logic 0.125ns (19.226%)  route 0.525ns (80.774%))
  Logic Levels:           2  (IBUFCTRL=1 INBUF=1)
  Clock Path Skew:        2.074ns (DCD - SCD - CPR)
    Destination Clock Delay (DCD):    2.074ns
    Source Clock Delay      (SCD):    0.000ns
    Clock Pessimism Removal (CPR):    -0.000ns
  Clock Net Delay (Destination): 0.900ns (routing 0.358ns, distribution 0.542ns)

    Location             Delay type                Incr(ns)  Path(ns)    Netlist Resource(s)
  -------------------------------------------------------------------    -------------------
    N6                                                0.000     0.000 r  operandb[expon][9]
                         net (fo=0)                   0.000     0.000    alu_inb_reg[expon][9]_i_1/I
    N6                   INBUF (Prop_INBUF_HPIOB_S_PAD_O)
                                                      0.125     0.125 r  alu_inb_reg[expon][9]_i_1/INBUF_INST/O
                         net (fo=1, routed)           0.000     0.125    alu_inb_reg[expon][9]_i_1/OUT
    N6                   IBUFCTRL (Prop_IBUFCTRL_HPIOB_S_I_O)
                                                      0.000     0.125 r  alu_inb_reg[expon][9]_i_1/IBUFCTRL_INST/O
                         net (fo=1, routed)           0.525     0.650    alu_inb_reg[expon][9]_i_1_n_0
    SLICE_X43Y73         FDRE                                         r  alu_inb_reg[expon][9]/D
  -------------------------------------------------------------------    -------------------

                         (clock clk rise edge)        0.000     0.000 r  <hidden>
    AB11                                              0.000     0.000 r  clk
                         net (fo=0)                   0.000     0.000    clk_IBUF_inst/I
    AB11                 INBUF (Prop_INBUF_HDIOB_M_PAD_O)
                                                      1.041     1.041 r  clk_IBUF_inst/INBUF_INST/O
                         net (fo=1, routed)           0.000     1.041    clk_IBUF_inst/OUT
    AB11                 IBUFCTRL (Prop_IBUFCTRL_HDIOB_M_I_O)
                                                      0.000     1.041 r  clk_IBUF_inst/IBUFCTRL_INST/O
                         net (fo=1, routed)           0.113     1.154    clk_IBUF
    BUFGCE_HDIO_X2Y1     BUFGCE (Prop_BUFCE_BUFGCE_HDIO_I_O)
                                                      0.019     1.173 r  clk_IBUF_BUFG_inst/O
    X1Y1 (CLOCK_ROOT)    net (fo=55, routed)          0.900     2.074    clk_IBUF_BUFG
    SLICE_X43Y73         FDRE                                         r  alu_inb_reg[expon][9]/C

Slack:                    inf
  Source:                 operandb[expon][8]
                            (input port)
  Destination:            alu_inb_reg[expon][8]/D
                            (rising edge-triggered cell FDRE clocked by clk  {rise@0.000ns fall@2.000ns period=4.000ns})
  Path Group:             (none)
  Path Type:              Hold (Min at Fast Process Corner)
  Data Path Delay:        0.658ns  (logic 0.125ns (18.994%)  route 0.533ns (81.006%))
  Logic Levels:           2  (IBUFCTRL=1 INBUF=1)
  Clock Path Skew:        2.074ns (DCD - SCD - CPR)
    Destination Clock Delay (DCD):    2.074ns
    Source Clock Delay      (SCD):    0.000ns
    Clock Pessimism Removal (CPR):    -0.000ns
  Clock Net Delay (Destination): 0.900ns (routing 0.358ns, distribution 0.542ns)

    Location             Delay type                Incr(ns)  Path(ns)    Netlist Resource(s)
  -------------------------------------------------------------------    -------------------
    N7                                                0.000     0.000 r  operandb[expon][8]
                         net (fo=0)                   0.000     0.000    alu_inb_reg[expon][8]_i_1/I
    N7                   INBUF (Prop_INBUF_HPIOB_M_PAD_O)
                                                      0.125     0.125 r  alu_inb_reg[expon][8]_i_1/INBUF_INST/O
                         net (fo=1, routed)           0.000     0.125    alu_inb_reg[expon][8]_i_1/OUT
    N7                   IBUFCTRL (Prop_IBUFCTRL_HPIOB_M_I_O)
                                                      0.000     0.125 r  alu_inb_reg[expon][8]_i_1/IBUFCTRL_INST/O
                         net (fo=1, routed)           0.533     0.658    alu_inb_reg[expon][8]_i_1_n_0
    SLICE_X43Y73         FDRE                                         r  alu_inb_reg[expon][8]/D
  -------------------------------------------------------------------    -------------------

                         (clock clk rise edge)        0.000     0.000 r  <hidden>
    AB11                                              0.000     0.000 r  clk
                         net (fo=0)                   0.000     0.000    clk_IBUF_inst/I
    AB11                 INBUF (Prop_INBUF_HDIOB_M_PAD_O)
                                                      1.041     1.041 r  clk_IBUF_inst/INBUF_INST/O
                         net (fo=1, routed)           0.000     1.041    clk_IBUF_inst/OUT
    AB11                 IBUFCTRL (Prop_IBUFCTRL_HDIOB_M_I_O)
                                                      0.000     1.041 r  clk_IBUF_inst/IBUFCTRL_INST/O
                         net (fo=1, routed)           0.113     1.154    clk_IBUF
    BUFGCE_HDIO_X2Y1     BUFGCE (Prop_BUFCE_BUFGCE_HDIO_I_O)
                                                      0.019     1.173 r  clk_IBUF_BUFG_inst/O
    X1Y1 (CLOCK_ROOT)    net (fo=55, routed)          0.900     2.074    clk_IBUF_BUFG
    SLICE_X43Y73         FDRE                                         r  alu_inb_reg[expon][8]/C

Slack:                    inf
  Source:                 operandb[expon][6]
                            (input port)
  Destination:            alu_inb_reg[expon][6]/D
                            (rising edge-triggered cell FDRE clocked by clk  {rise@0.000ns fall@2.000ns period=4.000ns})
  Path Group:             (none)
  Path Type:              Hold (Min at Fast Process Corner)
  Data Path Delay:        0.667ns  (logic 0.126ns (18.934%)  route 0.541ns (81.066%))
  Logic Levels:           2  (IBUFCTRL=1 INBUF=1)
  Clock Path Skew:        2.075ns (DCD - SCD - CPR)
    Destination Clock Delay (DCD):    2.075ns
    Source Clock Delay      (SCD):    0.000ns
    Clock Pessimism Removal (CPR):    -0.000ns
  Clock Net Delay (Destination): 0.901ns (routing 0.358ns, distribution 0.543ns)

    Location             Delay type                Incr(ns)  Path(ns)    Netlist Resource(s)
  -------------------------------------------------------------------    -------------------
    P7                                                0.000     0.000 r  operandb[expon][6]
                         net (fo=0)                   0.000     0.000    alu_inb_reg[expon][6]_i_1/I
    P7                   INBUF (Prop_INBUF_HPIOB_M_PAD_O)
                                                      0.126     0.126 r  alu_inb_reg[expon][6]_i_1/INBUF_INST/O
                         net (fo=1, routed)           0.000     0.126    alu_inb_reg[expon][6]_i_1/OUT
    P7                   IBUFCTRL (Prop_IBUFCTRL_HPIOB_M_I_O)
                                                      0.000     0.126 r  alu_inb_reg[expon][6]_i_1/IBUFCTRL_INST/O
                         net (fo=1, routed)           0.541     0.667    alu_inb_reg[expon][6]_i_1_n_0
    SLICE_X43Y73         FDRE                                         r  alu_inb_reg[expon][6]/D
  -------------------------------------------------------------------    -------------------

                         (clock clk rise edge)        0.000     0.000 r  <hidden>
    AB11                                              0.000     0.000 r  clk
                         net (fo=0)                   0.000     0.000    clk_IBUF_inst/I
    AB11                 INBUF (Prop_INBUF_HDIOB_M_PAD_O)
                                                      1.041     1.041 r  clk_IBUF_inst/INBUF_INST/O
                         net (fo=1, routed)           0.000     1.041    clk_IBUF_inst/OUT
    AB11                 IBUFCTRL (Prop_IBUFCTRL_HDIOB_M_I_O)
                                                      0.000     1.041 r  clk_IBUF_inst/IBUFCTRL_INST/O
                         net (fo=1, routed)           0.113     1.154    clk_IBUF
    BUFGCE_HDIO_X2Y1     BUFGCE (Prop_BUFCE_BUFGCE_HDIO_I_O)
                                                      0.019     1.173 r  clk_IBUF_BUFG_inst/O
    X1Y1 (CLOCK_ROOT)    net (fo=55, routed)          0.901     2.075    clk_IBUF_BUFG
    SLICE_X43Y73         FDRE                                         r  alu_inb_reg[expon][6]/C

Slack:                    inf
  Source:                 operandb[expon][3]
                            (input port)
  Destination:            alu_inb_reg[expon][3]/D
                            (rising edge-triggered cell FDRE clocked by clk  {rise@0.000ns fall@2.000ns period=4.000ns})
  Path Group:             (none)
  Path Type:              Hold (Min at Fast Process Corner)
  Data Path Delay:        0.669ns  (logic 0.126ns (18.805%)  route 0.543ns (81.195%))
  Logic Levels:           2  (IBUFCTRL=1 INBUF=1)
  Clock Path Skew:        2.067ns (DCD - SCD - CPR)
    Destination Clock Delay (DCD):    2.067ns
    Source Clock Delay      (SCD):    0.000ns
    Clock Pessimism Removal (CPR):    -0.000ns
  Clock Net Delay (Destination): 0.894ns (routing 0.358ns, distribution 0.536ns)

    Location             Delay type                Incr(ns)  Path(ns)    Netlist Resource(s)
  -------------------------------------------------------------------    -------------------
    L8                                                0.000     0.000 r  operandb[expon][3]
                         net (fo=0)                   0.000     0.000    alu_inb_reg[expon][3]_i_1/I
    L8                   INBUF (Prop_INBUF_HPIOB_S_PAD_O)
                                                      0.126     0.126 r  alu_inb_reg[expon][3]_i_1/INBUF_INST/O
                         net (fo=1, routed)           0.000     0.126    alu_inb_reg[expon][3]_i_1/OUT
    L8                   IBUFCTRL (Prop_IBUFCTRL_HPIOB_S_I_O)
                                                      0.000     0.126 r  alu_inb_reg[expon][3]_i_1/IBUFCTRL_INST/O
                         net (fo=1, routed)           0.543     0.669    alu_inb_reg[expon][3]_i_1_n_0
    SLICE_X44Y72         FDRE                                         r  alu_inb_reg[expon][3]/D
  -------------------------------------------------------------------    -------------------

                         (clock clk rise edge)        0.000     0.000 r  <hidden>
    AB11                                              0.000     0.000 r  clk
                         net (fo=0)                   0.000     0.000    clk_IBUF_inst/I
    AB11                 INBUF (Prop_INBUF_HDIOB_M_PAD_O)
                                                      1.041     1.041 r  clk_IBUF_inst/INBUF_INST/O
                         net (fo=1, routed)           0.000     1.041    clk_IBUF_inst/OUT
    AB11                 IBUFCTRL (Prop_IBUFCTRL_HDIOB_M_I_O)
                                                      0.000     1.041 r  clk_IBUF_inst/IBUFCTRL_INST/O
                         net (fo=1, routed)           0.113     1.154    clk_IBUF
    BUFGCE_HDIO_X2Y1     BUFGCE (Prop_BUFCE_BUFGCE_HDIO_I_O)
                                                      0.019     1.173 r  clk_IBUF_BUFG_inst/O
    X1Y1 (CLOCK_ROOT)    net (fo=55, routed)          0.894     2.067    clk_IBUF_BUFG
    SLICE_X44Y72         FDRE                                         r  alu_inb_reg[expon][3]/C

Slack:                    inf
  Source:                 operandb[expon][4]
                            (input port)
  Destination:            alu_inb_reg[expon][4]/D
                            (rising edge-triggered cell FDRE clocked by clk  {rise@0.000ns fall@2.000ns period=4.000ns})
  Path Group:             (none)
  Path Type:              Hold (Min at Fast Process Corner)
  Data Path Delay:        0.673ns  (logic 0.151ns (22.392%)  route 0.522ns (77.608%))
  Logic Levels:           2  (IBUFCTRL=1 INBUF=1)
  Clock Path Skew:        2.067ns (DCD - SCD - CPR)
    Destination Clock Delay (DCD):    2.067ns
    Source Clock Delay      (SCD):    0.000ns
    Clock Pessimism Removal (CPR):    -0.000ns
  Clock Net Delay (Destination): 0.894ns (routing 0.358ns, distribution 0.536ns)

    Location             Delay type                Incr(ns)  Path(ns)    Netlist Resource(s)
  -------------------------------------------------------------------    -------------------
    N9                                                0.000     0.000 r  operandb[expon][4]
                         net (fo=0)                   0.000     0.000    alu_inb_reg[expon][4]_i_1/I
    N9                   INBUF (Prop_INBUF_HPIOB_M_PAD_O)
                                                      0.151     0.151 r  alu_inb_reg[expon][4]_i_1/INBUF_INST/O
                         net (fo=1, routed)           0.000     0.151    alu_inb_reg[expon][4]_i_1/OUT
    N9                   IBUFCTRL (Prop_IBUFCTRL_HPIOB_M_I_O)
                                                      0.000     0.151 r  alu_inb_reg[expon][4]_i_1/IBUFCTRL_INST/O
                         net (fo=1, routed)           0.522     0.673    alu_inb_reg[expon][4]_i_1_n_0
    SLICE_X44Y72         FDRE                                         r  alu_inb_reg[expon][4]/D
  -------------------------------------------------------------------    -------------------

                         (clock clk rise edge)        0.000     0.000 r  <hidden>
    AB11                                              0.000     0.000 r  clk
                         net (fo=0)                   0.000     0.000    clk_IBUF_inst/I
    AB11                 INBUF (Prop_INBUF_HDIOB_M_PAD_O)
                                                      1.041     1.041 r  clk_IBUF_inst/INBUF_INST/O
                         net (fo=1, routed)           0.000     1.041    clk_IBUF_inst/OUT
    AB11                 IBUFCTRL (Prop_IBUFCTRL_HDIOB_M_I_O)
                                                      0.000     1.041 r  clk_IBUF_inst/IBUFCTRL_INST/O
                         net (fo=1, routed)           0.113     1.154    clk_IBUF
    BUFGCE_HDIO_X2Y1     BUFGCE (Prop_BUFCE_BUFGCE_HDIO_I_O)
                                                      0.019     1.173 r  clk_IBUF_BUFG_inst/O
    X1Y1 (CLOCK_ROOT)    net (fo=55, routed)          0.894     2.067    clk_IBUF_BUFG
    SLICE_X44Y72         FDRE                                         r  alu_inb_reg[expon][4]/C

Slack:                    inf
  Source:                 operandb[expon][2]
                            (input port)
  Destination:            alu_inb_reg[expon][2]/D
                            (rising edge-triggered cell FDRE clocked by clk  {rise@0.000ns fall@2.000ns period=4.000ns})
  Path Group:             (none)
  Path Type:              Hold (Min at Fast Process Corner)
  Data Path Delay:        0.678ns  (logic 0.126ns (18.643%)  route 0.552ns (81.357%))
  Logic Levels:           2  (IBUFCTRL=1 INBUF=1)
  Clock Path Skew:        2.075ns (DCD - SCD - CPR)
    Destination Clock Delay (DCD):    2.075ns
    Source Clock Delay      (SCD):    0.000ns
    Clock Pessimism Removal (CPR):    -0.000ns
  Clock Net Delay (Destination): 0.901ns (routing 0.358ns, distribution 0.543ns)

    Location             Delay type                Incr(ns)  Path(ns)    Netlist Resource(s)
  -------------------------------------------------------------------    -------------------
    M8                                                0.000     0.000 r  operandb[expon][2]
                         net (fo=0)                   0.000     0.000    alu_inb_reg[expon][2]_i_1/I
    M8                   INBUF (Prop_INBUF_HPIOB_M_PAD_O)
                                                      0.126     0.126 r  alu_inb_reg[expon][2]_i_1/INBUF_INST/O
                         net (fo=1, routed)           0.000     0.126    alu_inb_reg[expon][2]_i_1/OUT
    M8                   IBUFCTRL (Prop_IBUFCTRL_HPIOB_M_I_O)
                                                      0.000     0.126 r  alu_inb_reg[expon][2]_i_1/IBUFCTRL_INST/O
                         net (fo=1, routed)           0.552     0.678    alu_inb_reg[expon][2]_i_1_n_0
    SLICE_X43Y73         FDRE                                         r  alu_inb_reg[expon][2]/D
  -------------------------------------------------------------------    -------------------

                         (clock clk rise edge)        0.000     0.000 r  <hidden>
    AB11                                              0.000     0.000 r  clk
                         net (fo=0)                   0.000     0.000    clk_IBUF_inst/I
    AB11                 INBUF (Prop_INBUF_HDIOB_M_PAD_O)
                                                      1.041     1.041 r  clk_IBUF_inst/INBUF_INST/O
                         net (fo=1, routed)           0.000     1.041    clk_IBUF_inst/OUT
    AB11                 IBUFCTRL (Prop_IBUFCTRL_HDIOB_M_I_O)
                                                      0.000     1.041 r  clk_IBUF_inst/IBUFCTRL_INST/O
                         net (fo=1, routed)           0.113     1.154    clk_IBUF
    BUFGCE_HDIO_X2Y1     BUFGCE (Prop_BUFCE_BUFGCE_HDIO_I_O)
                                                      0.019     1.173 r  clk_IBUF_BUFG_inst/O
    X1Y1 (CLOCK_ROOT)    net (fo=55, routed)          0.901     2.075    clk_IBUF_BUFG
    SLICE_X43Y73         FDRE                                         r  alu_inb_reg[expon][2]/C





