Copyright 1986-2022 Xilinx, Inc. All Rights Reserved. Copyright 2022-2026 Advanced Micro Devices, Inc. All Rights Reserved.
--------------------------------------------------------------------------------------------------------------------------------------------------------------------------------------------------------------------------------------------------------
| Tool Version      : Vivado v.2026.1 (win64) Build 6511674 Tue Jun 16 11:02:23 MDT 2026
| Date              : Sat Aug 22 22:37:32 2026
| Host              : DESKTOP-3JJEEI1 running 64-bit major release  (build 9200)
| Command           : report_timing_summary -max_paths 10 -routable_nets -report_unconstrained -file nshld_nmesa16_timing_summary_routed.rpt -pb nshld_nmesa16_timing_summary_routed.pb -rpx nshld_nmesa16_timing_summary_routed.rpx -warn_on_violation
| Design            : nshld_nmesa16
| Device            : xczu3teg-sfvd784
| Speed File        : -2  PRODUCTION 1.06 11-16-2023
| Design State      : Routed
| Temperature Grade : E
--------------------------------------------------------------------------------------------------------------------------------------------------------------------------------------------------------------------------------------------------------

Timing Summary Report

------------------------------------------------------------------------------------------------
| Timer Settings
| --------------
------------------------------------------------------------------------------------------------

  Enable Multi Corner Analysis               :  Yes
  Enable Pessimism Removal                   :  Yes
  Pessimism Removal Resolution               :  Nearest Common Node
  Enable Input Delay Default Clock           :  No
  Enable Preset / Clear Arcs                 :  No
  Disable Flight Delays                      :  No
  Ignore I/O Paths                           :  No
  Timing Early Launch at Borrowing Latches   :  No
  Borrow Time for Max Delay Exceptions       :  Yes
  Merge Timing Exceptions                    :  Yes
  Inter-SLR Compensation                     :  Conservative

  Corner  Analyze    Analyze    
  Name    Max Paths  Min Paths  
  ------  ---------  ---------  
  Slow    Yes        Yes        
  Fast    Yes        Yes        


------------------------------------------------------------------------------------------------
| Report Methodology
| ------------------
------------------------------------------------------------------------------------------------

Rule       Severity  Description                    Violations  
---------  --------  -----------------------------  ----------  
TIMING-18  Warning   Missing input or output delay  41          

Note: This report is based on the most recent report_methodology run and may not be up-to-date. Run report_methodology on the current design for the latest report.



check_timing report

Table of Contents
-----------------
1. checking no_clock (0)
2. checking constant_clock (0)
3. checking pulse_width_clock (0)
4. checking unconstrained_internal_endpoints (0)
5. checking no_input_delay (16)
6. checking no_output_delay (23)
7. checking multiple_clock (0)
8. checking generated_clocks (0)
9. checking loops (0)
10. checking partial_input_delay (0)
11. checking partial_output_delay (0)
12. checking latch_loops (0)

1. checking no_clock (0)
------------------------
 There are 0 register/latch pins with no clock.


2. checking constant_clock (0)
------------------------------
 There are 0 register/latch pins with constant_clock.


3. checking pulse_width_clock (0)
---------------------------------
 There are 0 register/latch pins which need pulse_width check


4. checking unconstrained_internal_endpoints (0)
------------------------------------------------
 There are 0 pins that are not constrained for maximum delay.

 There are 0 pins that are not constrained for maximum delay due to constant clock.


5. checking no_input_delay (16)
-------------------------------
 There are 16 input ports with no input delay specified. (HIGH)

 There are 0 input ports with no input delay but user has a false path constraint.


6. checking no_output_delay (23)
--------------------------------
 There are 23 ports with no output delay specified. (HIGH)

 There are 0 ports with no output delay but user has a false path constraint

 There are 0 ports with no output delay but with a timing clock defined on it or propagating through it


7. checking multiple_clock (0)
------------------------------
 There are 0 register/latch pins with multiple clocks.


8. checking generated_clocks (0)
--------------------------------
 There are 0 generated clocks that are not connected to a clock source.


9. checking loops (0)
---------------------
 There are 0 combinational loops in the design.


10. checking partial_input_delay (0)
------------------------------------
 There are 0 input ports with partial input delay specified.


11. checking partial_output_delay (0)
-------------------------------------
 There are 0 ports with partial output delay specified.


12. checking latch_loops (0)
----------------------------
 There are 0 combinational latch loops in the design through latch input



------------------------------------------------------------------------------------------------
| Design Timing Summary
| ---------------------
------------------------------------------------------------------------------------------------

    WNS(ns)      TNS(ns)  TNS Failing Endpoints  TNS Total Endpoints      WHS(ns)      THS(ns)  THS Failing Endpoints  THS Total Endpoints     WPWS(ns)     TPWS(ns)  TPWS Failing Endpoints  TPWS Total Endpoints  
    -------      -------  ---------------------  -------------------      -------      -------  ---------------------  -------------------     --------     --------  ----------------------  --------------------  
      1.404        0.000                      0                   38        0.062        0.000                      0                   38        1.225        0.000                       0                    40  


All user specified timing constraints are met.


------------------------------------------------------------------------------------------------
| Clock Summary
| -------------
------------------------------------------------------------------------------------------------

Clock  Waveform(ns)         Period(ns)      Frequency(MHz)
-----  ------------         ----------      --------------
clk    {0.000 1.500}        3.000           333.333         


------------------------------------------------------------------------------------------------
| Intra Clock Table
| -----------------
------------------------------------------------------------------------------------------------

Clock             WNS(ns)      TNS(ns)  TNS Failing Endpoints  TNS Total Endpoints      WHS(ns)      THS(ns)  THS Failing Endpoints  THS Total Endpoints     WPWS(ns)     TPWS(ns)  TPWS Failing Endpoints  TPWS Total Endpoints  
-----             -------      -------  ---------------------  -------------------      -------      -------  ---------------------  -------------------     --------     --------  ----------------------  --------------------  
clk                 1.404        0.000                      0                   38        0.062        0.000                      0                   38        1.225        0.000                       0                    40  


------------------------------------------------------------------------------------------------
| Inter Clock Table
| -----------------
------------------------------------------------------------------------------------------------

From Clock    To Clock          WNS(ns)      TNS(ns)  TNS Failing Endpoints  TNS Total Endpoints      WHS(ns)      THS(ns)  THS Failing Endpoints  THS Total Endpoints  
----------    --------          -------      -------  ---------------------  -------------------      -------      -------  ---------------------  -------------------  


------------------------------------------------------------------------------------------------
| Other Path Groups Table
| -----------------------
------------------------------------------------------------------------------------------------

Path Group    From Clock    To Clock          WNS(ns)      TNS(ns)  TNS Failing Endpoints  TNS Total Endpoints      WHS(ns)      THS(ns)  THS Failing Endpoints  THS Total Endpoints  
----------    ----------    --------          -------      -------  ---------------------  -------------------      -------      -------  ---------------------  -------------------  


------------------------------------------------------------------------------------------------
| User Ignored Path Table
| -----------------------
------------------------------------------------------------------------------------------------

Path Group    From Clock    To Clock    
----------    ----------    --------    


------------------------------------------------------------------------------------------------
| Unconstrained Path Table
| ------------------------
------------------------------------------------------------------------------------------------

Path Group    From Clock    To Clock    
----------    ----------    --------    
(none)        clk                         
(none)                      clk           


------------------------------------------------------------------------------------------------
| Timing Details
| --------------
------------------------------------------------------------------------------------------------


---------------------------------------------------------------------------------------------------
From Clock:  clk
  To Clock:  clk

Setup :            0  Failing Endpoints,  Worst Slack        1.404ns,  Total Violation        0.000ns
Hold  :            0  Failing Endpoints,  Worst Slack        0.062ns,  Total Violation        0.000ns
PW    :            0  Failing Endpoints,  Worst Slack        1.225ns,  Total Violation        0.000ns
---------------------------------------------------------------------------------------------------


Max Delay Paths
--------------------------------------------------------------------------------------
Slack (MET) :             1.404ns  (required time - arrival time)
  Source:                 memreg_reg[1]/C
                            (rising edge-triggered cell FDRE clocked by clk  {rise@0.000ns fall@1.500ns period=3.000ns})
  Destination:            alu_in_reg[frac][1]/R
                            (rising edge-triggered cell FDRE clocked by clk  {rise@0.000ns fall@1.500ns period=3.000ns})
  Path Group:             clk
  Path Type:              Setup (Max at Slow Process Corner)
  Requirement:            3.000ns  (clk rise@3.000ns - clk rise@0.000ns)
  Data Path Delay:        1.391ns  (logic 0.395ns (28.406%)  route 0.996ns (71.594%))
  Logic Levels:           4  (LUT4=2 LUT5=1 LUT6=1)
  Clock Path Skew:        -0.096ns (DCD - SCD + CPR)
    Destination Clock Delay (DCD):    2.256ns = ( 5.256 - 3.000 ) 
    Source Clock Delay      (SCD):    2.906ns
    Clock Pessimism Removal (CPR):    0.554ns
  Clock Uncertainty:      0.035ns  ((TSJ^2 + TIJ^2)^1/2 + DJ) / 2 + PE
    Total System Jitter     (TSJ):    0.071ns
    Total Input Jitter      (TIJ):    0.000ns
    Discrete Jitter          (DJ):    0.000ns
    Phase Error              (PE):    0.000ns
  Clock Net Delay (Source):      1.436ns (routing 0.623ns, distribution 0.813ns)
  Clock Net Delay (Destination): 1.248ns (routing 0.570ns, distribution 0.678ns)

    Location             Delay type                Incr(ns)  Path(ns)    Netlist Resource(s)
  -------------------------------------------------------------------    -------------------
                         (clock clk rise edge)        0.000     0.000 r  <hidden>
    E14                                               0.000     0.000 r  clk
                         net (fo=0)                   0.000     0.000    clk_IBUF_inst/I
    E14                  INBUF (Prop_INBUF_HDIOB_M_PAD_O)
                                                      1.238     1.238 r  clk_IBUF_inst/INBUF_INST/O
                         net (fo=1, routed)           0.000     1.238    clk_IBUF_inst/OUT
    E14                  IBUFCTRL (Prop_IBUFCTRL_HDIOB_M_I_O)
                                                      0.000     1.238 r  clk_IBUF_inst/IBUFCTRL_INST/O
                         net (fo=1, routed)           0.204     1.442    clk_IBUF
    BUFGCE_HDIO_X1Y4     BUFGCE (Prop_BUFCE_BUFGCE_HDIO_I_O)
                                                      0.028     1.470 r  clk_IBUF_BUFG_inst/O
    X1Y2 (CLOCK_ROOT)    net (fo=39, routed)          1.436     2.906    clk_IBUF_BUFG
    SLICE_X49Y145        FDRE                                         r  memreg_reg[1]/C
  -------------------------------------------------------------------    -------------------
    SLICE_X49Y145        FDRE (Prop_EFF_SLICEM_C_Q)
                                                      0.076     2.982 r  memreg_reg[1]/Q
                         net (fo=7, routed)           0.315     3.297    p_7_in
    SLICE_X49Y145        LUT4 (Prop_C6LUT_SLICEM_I1_O)
                                                      0.088     3.385 r  alu_in[znan]_i_3/O
                         net (fo=3, routed)           0.104     3.489    alu_in[znan]_i_3_n_0
    SLICE_X49Y146        LUT4 (Prop_E6LUT_SLICEM_I0_O)
                                                      0.091     3.580 f  alu_in[znan]_i_2/O
                         net (fo=2, routed)           0.144     3.724    alu_in[znan]_i_2_n_0
    SLICE_X49Y145        LUT6 (Prop_G6LUT_SLICEM_I0_O)
                                                      0.052     3.776 f  alu_in[frac][1]_i_2/O
                         net (fo=6, routed)           0.185     3.961    alu_in[frac][1]_i_2_n_0
    SLICE_X48Y145        LUT5 (Prop_C6LUT_SLICEL_I0_O)
                                                      0.088     4.049 r  alu_in[frac][1]_i_1/O
                         net (fo=1, routed)           0.248     4.297    alu_in[frac][1]_i_1_n_0
    SLICE_X48Y145        FDRE                                         r  alu_in_reg[frac][1]/R
  -------------------------------------------------------------------    -------------------

                         (clock clk rise edge)        3.000     3.000 r  <hidden>
    E14                                               0.000     3.000 r  clk
                         net (fo=0)                   0.000     3.000    clk_IBUF_inst/I
    E14                  INBUF (Prop_INBUF_HDIOB_M_PAD_O)
                                                      0.815     3.815 r  clk_IBUF_inst/INBUF_INST/O
                         net (fo=1, routed)           0.000     3.815    clk_IBUF_inst/OUT
    E14                  IBUFCTRL (Prop_IBUFCTRL_HDIOB_M_I_O)
                                                      0.000     3.815 r  clk_IBUF_inst/IBUFCTRL_INST/O
                         net (fo=1, routed)           0.169     3.984    clk_IBUF
    BUFGCE_HDIO_X1Y4     BUFGCE (Prop_BUFCE_BUFGCE_HDIO_I_O)
                                                      0.024     4.008 r  clk_IBUF_BUFG_inst/O
    X1Y2 (CLOCK_ROOT)    net (fo=39, routed)          1.248     5.256    clk_IBUF_BUFG
    SLICE_X48Y145        FDRE                                         r  alu_in_reg[frac][1]/C
                         clock pessimism              0.554     5.811    <hidden>
                         clock uncertainty           -0.035     5.775    <hidden>
    SLICE_X48Y145        FDRE (Setup_EFF_SLICEL_C_R)
                                                     -0.074     5.701    alu_in_reg[frac][1]
  -------------------------------------------------------------------
                         required time                          5.701    <hidden>
                         arrival time                          -4.297    <hidden>
  -------------------------------------------------------------------
                         slack                                  1.404    <hidden>

Slack (MET) :             1.450ns  (required time - arrival time)
  Source:                 memreg_reg[1]/C
                            (rising edge-triggered cell FDRE clocked by clk  {rise@0.000ns fall@1.500ns period=3.000ns})
  Destination:            alu_in_reg[expon][2]/D
                            (rising edge-triggered cell FDRE clocked by clk  {rise@0.000ns fall@1.500ns period=3.000ns})
  Path Group:             clk
  Path Type:              Setup (Max at Slow Process Corner)
  Requirement:            3.000ns  (clk rise@3.000ns - clk rise@0.000ns)
  Data Path Delay:        1.458ns  (logic 0.504ns (34.573%)  route 0.954ns (65.427%))
  Logic Levels:           5  (LUT2=1 LUT4=2 LUT6=2)
  Clock Path Skew:        -0.082ns (DCD - SCD + CPR)
    Destination Clock Delay (DCD):    2.270ns = ( 5.270 - 3.000 ) 
    Source Clock Delay      (SCD):    2.906ns
    Clock Pessimism Removal (CPR):    0.554ns
  Clock Uncertainty:      0.035ns  ((TSJ^2 + TIJ^2)^1/2 + DJ) / 2 + PE
    Total System Jitter     (TSJ):    0.071ns
    Total Input Jitter      (TIJ):    0.000ns
    Discrete Jitter          (DJ):    0.000ns
    Phase Error              (PE):    0.000ns
  Clock Net Delay (Source):      1.436ns (routing 0.623ns, distribution 0.813ns)
  Clock Net Delay (Destination): 1.262ns (routing 0.570ns, distribution 0.692ns)

    Location             Delay type                Incr(ns)  Path(ns)    Netlist Resource(s)
  -------------------------------------------------------------------    -------------------
                         (clock clk rise edge)        0.000     0.000 r  <hidden>
    E14                                               0.000     0.000 r  clk
                         net (fo=0)                   0.000     0.000    clk_IBUF_inst/I
    E14                  INBUF (Prop_INBUF_HDIOB_M_PAD_O)
                                                      1.238     1.238 r  clk_IBUF_inst/INBUF_INST/O
                         net (fo=1, routed)           0.000     1.238    clk_IBUF_inst/OUT
    E14                  IBUFCTRL (Prop_IBUFCTRL_HDIOB_M_I_O)
                                                      0.000     1.238 r  clk_IBUF_inst/IBUFCTRL_INST/O
                         net (fo=1, routed)           0.204     1.442    clk_IBUF
    BUFGCE_HDIO_X1Y4     BUFGCE (Prop_BUFCE_BUFGCE_HDIO_I_O)
                                                      0.028     1.470 r  clk_IBUF_BUFG_inst/O
    X1Y2 (CLOCK_ROOT)    net (fo=39, routed)          1.436     2.906    clk_IBUF_BUFG
    SLICE_X49Y145        FDRE                                         r  memreg_reg[1]/C
  -------------------------------------------------------------------    -------------------
    SLICE_X49Y145        FDRE (Prop_EFF_SLICEM_C_Q)
                                                      0.076     2.982 r  memreg_reg[1]/Q
                         net (fo=7, routed)           0.315     3.297    p_7_in
    SLICE_X49Y145        LUT4 (Prop_C6LUT_SLICEM_I1_O)
                                                      0.088     3.385 r  alu_in[znan]_i_3/O
                         net (fo=3, routed)           0.104     3.489    alu_in[znan]_i_3_n_0
    SLICE_X49Y146        LUT4 (Prop_E6LUT_SLICEM_I0_O)
                                                      0.091     3.580 f  alu_in[znan]_i_2/O
                         net (fo=2, routed)           0.144     3.724    alu_in[znan]_i_2_n_0
    SLICE_X49Y145        LUT6 (Prop_G6LUT_SLICEM_I0_O)
                                                      0.052     3.776 f  alu_in[frac][1]_i_2/O
                         net (fo=6, routed)           0.177     3.953    alu_in[frac][1]_i_2_n_0
    SLICE_X49Y146        LUT2 (Prop_H5LUT_SLICEM_I1_O)
                                                      0.109     4.062 r  alu_in[expon][3]_i_4/O
                         net (fo=3, routed)           0.142     4.204    alu_in[expon][3]_i_4_n_0
    SLICE_X47Y146        LUT6 (Prop_D6LUT_SLICEM_I2_O)
                                                      0.088     4.292 r  alu_in[expon][2]_i_1/O
                         net (fo=1, routed)           0.072     4.364    alu_temp[expon][2]
    SLICE_X47Y146        FDRE                                         r  alu_in_reg[expon][2]/D
  -------------------------------------------------------------------    -------------------

                         (clock clk rise edge)        3.000     3.000 r  <hidden>
    E14                                               0.000     3.000 r  clk
                         net (fo=0)                   0.000     3.000    clk_IBUF_inst/I
    E14                  INBUF (Prop_INBUF_HDIOB_M_PAD_O)
                                                      0.815     3.815 r  clk_IBUF_inst/INBUF_INST/O
                         net (fo=1, routed)           0.000     3.815    clk_IBUF_inst/OUT
    E14                  IBUFCTRL (Prop_IBUFCTRL_HDIOB_M_I_O)
                                                      0.000     3.815 r  clk_IBUF_inst/IBUFCTRL_INST/O
                         net (fo=1, routed)           0.169     3.984    clk_IBUF
    BUFGCE_HDIO_X1Y4     BUFGCE (Prop_BUFCE_BUFGCE_HDIO_I_O)
                                                      0.024     4.008 r  clk_IBUF_BUFG_inst/O
    X1Y2 (CLOCK_ROOT)    net (fo=39, routed)          1.262     5.270    clk_IBUF_BUFG
    SLICE_X47Y146        FDRE                                         r  alu_in_reg[expon][2]/C
                         clock pessimism              0.554     5.824    <hidden>
                         clock uncertainty           -0.035     5.789    <hidden>
    SLICE_X47Y146        FDRE (Setup_DFF_SLICEM_C_D)
                                                      0.025     5.814    alu_in_reg[expon][2]
  -------------------------------------------------------------------
                         required time                          5.814    <hidden>
                         arrival time                          -4.364    <hidden>
  -------------------------------------------------------------------
                         slack                                  1.450    <hidden>

Slack (MET) :             1.468ns  (required time - arrival time)
  Source:                 memreg_reg[4]/C
                            (rising edge-triggered cell FDRE clocked by clk  {rise@0.000ns fall@1.500ns period=3.000ns})
  Destination:            alu_in_reg[expon][1]/D
                            (rising edge-triggered cell FDRE clocked by clk  {rise@0.000ns fall@1.500ns period=3.000ns})
  Path Group:             clk
  Path Type:              Setup (Max at Slow Process Corner)
  Requirement:            3.000ns  (clk rise@3.000ns - clk rise@0.000ns)
  Data Path Delay:        1.443ns  (logic 0.550ns (38.120%)  route 0.893ns (61.880%))
  Logic Levels:           6  (LUT2=1 LUT4=1 LUT5=2 LUT6=2)
  Clock Path Skew:        -0.079ns (DCD - SCD + CPR)
    Destination Clock Delay (DCD):    2.263ns = ( 5.263 - 3.000 ) 
    Source Clock Delay      (SCD):    2.896ns
    Clock Pessimism Removal (CPR):    0.554ns
  Clock Uncertainty:      0.035ns  ((TSJ^2 + TIJ^2)^1/2 + DJ) / 2 + PE
    Total System Jitter     (TSJ):    0.071ns
    Total Input Jitter      (TIJ):    0.000ns
    Discrete Jitter          (DJ):    0.000ns
    Phase Error              (PE):    0.000ns
  Clock Net Delay (Source):      1.426ns (routing 0.623ns, distribution 0.803ns)
  Clock Net Delay (Destination): 1.255ns (routing 0.570ns, distribution 0.685ns)

    Location             Delay type                Incr(ns)  Path(ns)    Netlist Resource(s)
  -------------------------------------------------------------------    -------------------
                         (clock clk rise edge)        0.000     0.000 r  <hidden>
    E14                                               0.000     0.000 r  clk
                         net (fo=0)                   0.000     0.000    clk_IBUF_inst/I
    E14                  INBUF (Prop_INBUF_HDIOB_M_PAD_O)
                                                      1.238     1.238 r  clk_IBUF_inst/INBUF_INST/O
                         net (fo=1, routed)           0.000     1.238    clk_IBUF_inst/OUT
    E14                  IBUFCTRL (Prop_IBUFCTRL_HDIOB_M_I_O)
                                                      0.000     1.238 r  clk_IBUF_inst/IBUFCTRL_INST/O
                         net (fo=1, routed)           0.204     1.442    clk_IBUF
    BUFGCE_HDIO_X1Y4     BUFGCE (Prop_BUFCE_BUFGCE_HDIO_I_O)
                                                      0.028     1.470 r  clk_IBUF_BUFG_inst/O
    X1Y2 (CLOCK_ROOT)    net (fo=39, routed)          1.426     2.896    clk_IBUF_BUFG
    SLICE_X49Y144        FDRE                                         r  memreg_reg[4]/C
  -------------------------------------------------------------------    -------------------
    SLICE_X49Y144        FDRE (Prop_EFF_SLICEM_C_Q)
                                                      0.076     2.972 f  memreg_reg[4]/Q
                         net (fo=7, routed)           0.345     3.317    p_4_in
    SLICE_X49Y146        LUT4 (Prop_H6LUT_SLICEM_I3_O)
                                                      0.125     3.442 r  alu_in[expon][9]_i_3/O
                         net (fo=1, routed)           0.139     3.581    alu_in[expon][9]_i_3_n_0
    SLICE_X49Y146        LUT5 (Prop_D6LUT_SLICEM_I4_O)
                                                      0.099     3.680 r  alu_in[expon][9]_i_2/O
                         net (fo=1, routed)           0.038     3.718    alu_in[expon][9]_i_2_n_0
    SLICE_X49Y146        LUT6 (Prop_F6LUT_SLICEM_I2_O)
                                                      0.037     3.755 f  alu_in[expon][9]_i_1/O
                         net (fo=18, routed)          0.191     3.946    alu_temp[expon]13_out
    SLICE_X48Y145        LUT2 (Prop_F6LUT_SLICEL_I1_O)
                                                      0.089     4.035 r  alu_in[expon][4]_i_3/O
                         net (fo=3, routed)           0.043     4.078    alu_in[expon][4]_i_3_n_0
    SLICE_X48Y145        LUT5 (Prop_H6LUT_SLICEL_I4_O)
                                                      0.036     4.114 f  i_1_LOPT_REMAP/O
                         net (fo=1, routed)           0.087     4.201    i_1/O_n
    SLICE_X48Y146        LUT6 (Prop_C6LUT_SLICEL_I3_O)
                                                      0.088     4.289 r  i_0_LOPT_REMAP/O
                         net (fo=1, routed)           0.050     4.339    alu_temp[expon][1]
    SLICE_X48Y146        FDRE                                         r  alu_in_reg[expon][1]/D
  -------------------------------------------------------------------    -------------------

                         (clock clk rise edge)        3.000     3.000 r  <hidden>
    E14                                               0.000     3.000 r  clk
                         net (fo=0)                   0.000     3.000    clk_IBUF_inst/I
    E14                  INBUF (Prop_INBUF_HDIOB_M_PAD_O)
                                                      0.815     3.815 r  clk_IBUF_inst/INBUF_INST/O
                         net (fo=1, routed)           0.000     3.815    clk_IBUF_inst/OUT
    E14                  IBUFCTRL (Prop_IBUFCTRL_HDIOB_M_I_O)
                                                      0.000     3.815 r  clk_IBUF_inst/IBUFCTRL_INST/O
                         net (fo=1, routed)           0.169     3.984    clk_IBUF
    BUFGCE_HDIO_X1Y4     BUFGCE (Prop_BUFCE_BUFGCE_HDIO_I_O)
                                                      0.024     4.008 r  clk_IBUF_BUFG_inst/O
    X1Y2 (CLOCK_ROOT)    net (fo=39, routed)          1.255     5.263    clk_IBUF_BUFG
    SLICE_X48Y146        FDRE                                         r  alu_in_reg[expon][1]/C
                         clock pessimism              0.554     5.817    <hidden>
                         clock uncertainty           -0.035     5.782    <hidden>
    SLICE_X48Y146        FDRE (Setup_CFF_SLICEL_C_D)
                                                      0.025     5.807    alu_in_reg[expon][1]
  -------------------------------------------------------------------
                         required time                          5.807    <hidden>
                         arrival time                          -4.339    <hidden>
  -------------------------------------------------------------------
                         slack                                  1.468    <hidden>

Slack (MET) :             1.484ns  (required time - arrival time)
  Source:                 memreg_reg[1]/C
                            (rising edge-triggered cell FDRE clocked by clk  {rise@0.000ns fall@1.500ns period=3.000ns})
  Destination:            alu_in_reg[expon][3]/D
                            (rising edge-triggered cell FDRE clocked by clk  {rise@0.000ns fall@1.500ns period=3.000ns})
  Path Group:             clk
  Path Type:              Setup (Max at Slow Process Corner)
  Requirement:            3.000ns  (clk rise@3.000ns - clk rise@0.000ns)
  Data Path Delay:        1.424ns  (logic 0.515ns (36.171%)  route 0.909ns (63.829%))
  Logic Levels:           5  (LUT2=1 LUT4=3 LUT6=1)
  Clock Path Skew:        -0.082ns (DCD - SCD + CPR)
    Destination Clock Delay (DCD):    2.270ns = ( 5.270 - 3.000 ) 
    Source Clock Delay      (SCD):    2.906ns
    Clock Pessimism Removal (CPR):    0.554ns
  Clock Uncertainty:      0.035ns  ((TSJ^2 + TIJ^2)^1/2 + DJ) / 2 + PE
    Total System Jitter     (TSJ):    0.071ns
    Total Input Jitter      (TIJ):    0.000ns
    Discrete Jitter          (DJ):    0.000ns
    Phase Error              (PE):    0.000ns
  Clock Net Delay (Source):      1.436ns (routing 0.623ns, distribution 0.813ns)
  Clock Net Delay (Destination): 1.262ns (routing 0.570ns, distribution 0.692ns)

    Location             Delay type                Incr(ns)  Path(ns)    Netlist Resource(s)
  -------------------------------------------------------------------    -------------------
                         (clock clk rise edge)        0.000     0.000 r  <hidden>
    E14                                               0.000     0.000 r  clk
                         net (fo=0)                   0.000     0.000    clk_IBUF_inst/I
    E14                  INBUF (Prop_INBUF_HDIOB_M_PAD_O)
                                                      1.238     1.238 r  clk_IBUF_inst/INBUF_INST/O
                         net (fo=1, routed)           0.000     1.238    clk_IBUF_inst/OUT
    E14                  IBUFCTRL (Prop_IBUFCTRL_HDIOB_M_I_O)
                                                      0.000     1.238 r  clk_IBUF_inst/IBUFCTRL_INST/O
                         net (fo=1, routed)           0.204     1.442    clk_IBUF
    BUFGCE_HDIO_X1Y4     BUFGCE (Prop_BUFCE_BUFGCE_HDIO_I_O)
                                                      0.028     1.470 r  clk_IBUF_BUFG_inst/O
    X1Y2 (CLOCK_ROOT)    net (fo=39, routed)          1.436     2.906    clk_IBUF_BUFG
    SLICE_X49Y145        FDRE                                         r  memreg_reg[1]/C
  -------------------------------------------------------------------    -------------------
    SLICE_X49Y145        FDRE (Prop_EFF_SLICEM_C_Q)
                                                      0.076     2.982 r  memreg_reg[1]/Q
                         net (fo=7, routed)           0.315     3.297    p_7_in
    SLICE_X49Y145        LUT4 (Prop_C6LUT_SLICEM_I1_O)
                                                      0.088     3.385 r  alu_in[znan]_i_3/O
                         net (fo=3, routed)           0.104     3.489    alu_in[znan]_i_3_n_0
    SLICE_X49Y146        LUT4 (Prop_E6LUT_SLICEM_I0_O)
                                                      0.091     3.580 f  alu_in[znan]_i_2/O
                         net (fo=2, routed)           0.144     3.724    alu_in[znan]_i_2_n_0
    SLICE_X49Y145        LUT6 (Prop_G6LUT_SLICEM_I0_O)
                                                      0.052     3.776 f  alu_in[frac][1]_i_2/O
                         net (fo=6, routed)           0.177     3.953    alu_in[frac][1]_i_2_n_0
    SLICE_X49Y146        LUT2 (Prop_H5LUT_SLICEM_I1_O)
                                                      0.109     4.062 r  alu_in[expon][3]_i_4/O
                         net (fo=3, routed)           0.142     4.204    alu_in[expon][3]_i_4_n_0
    SLICE_X47Y146        LUT4 (Prop_C5LUT_SLICEM_I2_O)
                                                      0.099     4.303 r  alu_in[expon][3]_i_1/O
                         net (fo=1, routed)           0.027     4.330    alu_temp[expon][3]
    SLICE_X47Y146        FDRE                                         r  alu_in_reg[expon][3]/D
  -------------------------------------------------------------------    -------------------

                         (clock clk rise edge)        3.000     3.000 r  <hidden>
    E14                                               0.000     3.000 r  clk
                         net (fo=0)                   0.000     3.000    clk_IBUF_inst/I
    E14                  INBUF (Prop_INBUF_HDIOB_M_PAD_O)
                                                      0.815     3.815 r  clk_IBUF_inst/INBUF_INST/O
                         net (fo=1, routed)           0.000     3.815    clk_IBUF_inst/OUT
    E14                  IBUFCTRL (Prop_IBUFCTRL_HDIOB_M_I_O)
                                                      0.000     3.815 r  clk_IBUF_inst/IBUFCTRL_INST/O
                         net (fo=1, routed)           0.169     3.984    clk_IBUF
    BUFGCE_HDIO_X1Y4     BUFGCE (Prop_BUFCE_BUFGCE_HDIO_I_O)
                                                      0.024     4.008 r  clk_IBUF_BUFG_inst/O
    X1Y2 (CLOCK_ROOT)    net (fo=39, routed)          1.262     5.270    clk_IBUF_BUFG
    SLICE_X47Y146        FDRE                                         r  alu_in_reg[expon][3]/C
                         clock pessimism              0.554     5.824    <hidden>
                         clock uncertainty           -0.035     5.789    <hidden>
    SLICE_X47Y146        FDRE (Setup_CFF2_SLICEM_C_D)
                                                      0.025     5.814    alu_in_reg[expon][3]
  -------------------------------------------------------------------
                         required time                          5.814    <hidden>
                         arrival time                          -4.330    <hidden>
  -------------------------------------------------------------------
                         slack                                  1.484    <hidden>

Slack (MET) :             1.504ns  (required time - arrival time)
  Source:                 memreg_reg[4]/C
                            (rising edge-triggered cell FDRE clocked by clk  {rise@0.000ns fall@1.500ns period=3.000ns})
  Destination:            alu_in_reg[expon][4]/D
                            (rising edge-triggered cell FDRE clocked by clk  {rise@0.000ns fall@1.500ns period=3.000ns})
  Path Group:             clk
  Path Type:              Setup (Max at Slow Process Corner)
  Requirement:            3.000ns  (clk rise@3.000ns - clk rise@0.000ns)
  Data Path Delay:        1.407ns  (logic 0.548ns (38.959%)  route 0.859ns (61.041%))
  Logic Levels:           5  (LUT2=1 LUT4=1 LUT5=1 LUT6=2)
  Clock Path Skew:        -0.079ns (DCD - SCD + CPR)
    Destination Clock Delay (DCD):    2.263ns = ( 5.263 - 3.000 ) 
    Source Clock Delay      (SCD):    2.896ns
    Clock Pessimism Removal (CPR):    0.554ns
  Clock Uncertainty:      0.035ns  ((TSJ^2 + TIJ^2)^1/2 + DJ) / 2 + PE
    Total System Jitter     (TSJ):    0.071ns
    Total Input Jitter      (TIJ):    0.000ns
    Discrete Jitter          (DJ):    0.000ns
    Phase Error              (PE):    0.000ns
  Clock Net Delay (Source):      1.426ns (routing 0.623ns, distribution 0.803ns)
  Clock Net Delay (Destination): 1.255ns (routing 0.570ns, distribution 0.685ns)

    Location             Delay type                Incr(ns)  Path(ns)    Netlist Resource(s)
  -------------------------------------------------------------------    -------------------
                         (clock clk rise edge)        0.000     0.000 r  <hidden>
    E14                                               0.000     0.000 r  clk
                         net (fo=0)                   0.000     0.000    clk_IBUF_inst/I
    E14                  INBUF (Prop_INBUF_HDIOB_M_PAD_O)
                                                      1.238     1.238 r  clk_IBUF_inst/INBUF_INST/O
                         net (fo=1, routed)           0.000     1.238    clk_IBUF_inst/OUT
    E14                  IBUFCTRL (Prop_IBUFCTRL_HDIOB_M_I_O)
                                                      0.000     1.238 r  clk_IBUF_inst/IBUFCTRL_INST/O
                         net (fo=1, routed)           0.204     1.442    clk_IBUF
    BUFGCE_HDIO_X1Y4     BUFGCE (Prop_BUFCE_BUFGCE_HDIO_I_O)
                                                      0.028     1.470 r  clk_IBUF_BUFG_inst/O
    X1Y2 (CLOCK_ROOT)    net (fo=39, routed)          1.426     2.896    clk_IBUF_BUFG
    SLICE_X49Y144        FDRE                                         r  memreg_reg[4]/C
  -------------------------------------------------------------------    -------------------
    SLICE_X49Y144        FDRE (Prop_EFF_SLICEM_C_Q)
                                                      0.076     2.972 f  memreg_reg[4]/Q
                         net (fo=7, routed)           0.345     3.317    p_4_in
    SLICE_X49Y146        LUT4 (Prop_H6LUT_SLICEM_I3_O)
                                                      0.125     3.442 r  alu_in[expon][9]_i_3/O
                         net (fo=1, routed)           0.139     3.581    alu_in[expon][9]_i_3_n_0
    SLICE_X49Y146        LUT5 (Prop_D6LUT_SLICEM_I4_O)
                                                      0.099     3.680 r  alu_in[expon][9]_i_2/O
                         net (fo=1, routed)           0.038     3.718    alu_in[expon][9]_i_2_n_0
    SLICE_X49Y146        LUT6 (Prop_F6LUT_SLICEM_I2_O)
                                                      0.037     3.755 f  alu_in[expon][9]_i_1/O
                         net (fo=18, routed)          0.191     3.946    alu_temp[expon]13_out
    SLICE_X48Y145        LUT2 (Prop_F6LUT_SLICEL_I1_O)
                                                      0.089     4.035 r  alu_in[expon][4]_i_3/O
                         net (fo=3, routed)           0.097     4.132    alu_in[expon][4]_i_3_n_0
    SLICE_X48Y146        LUT6 (Prop_D6LUT_SLICEL_I5_O)
                                                      0.122     4.254 r  alu_in[expon][4]_i_1/O
                         net (fo=1, routed)           0.049     4.303    alu_temp[expon][4]
    SLICE_X48Y146        FDRE                                         r  alu_in_reg[expon][4]/D
  -------------------------------------------------------------------    -------------------

                         (clock clk rise edge)        3.000     3.000 r  <hidden>
    E14                                               0.000     3.000 r  clk
                         net (fo=0)                   0.000     3.000    clk_IBUF_inst/I
    E14                  INBUF (Prop_INBUF_HDIOB_M_PAD_O)
                                                      0.815     3.815 r  clk_IBUF_inst/INBUF_INST/O
                         net (fo=1, routed)           0.000     3.815    clk_IBUF_inst/OUT
    E14                  IBUFCTRL (Prop_IBUFCTRL_HDIOB_M_I_O)
                                                      0.000     3.815 r  clk_IBUF_inst/IBUFCTRL_INST/O
                         net (fo=1, routed)           0.169     3.984    clk_IBUF
    BUFGCE_HDIO_X1Y4     BUFGCE (Prop_BUFCE_BUFGCE_HDIO_I_O)
                                                      0.024     4.008 r  clk_IBUF_BUFG_inst/O
    X1Y2 (CLOCK_ROOT)    net (fo=39, routed)          1.255     5.263    clk_IBUF_BUFG
    SLICE_X48Y146        FDRE                                         r  alu_in_reg[expon][4]/C
                         clock pessimism              0.554     5.817    <hidden>
                         clock uncertainty           -0.035     5.782    <hidden>
    SLICE_X48Y146        FDRE (Setup_DFF_SLICEL_C_D)
                                                      0.025     5.807    alu_in_reg[expon][4]
  -------------------------------------------------------------------
                         required time                          5.807    <hidden>
                         arrival time                          -4.303    <hidden>
  -------------------------------------------------------------------
                         slack                                  1.504    <hidden>

Slack (MET) :             1.559ns  (required time - arrival time)
  Source:                 memreg_reg[4]/C
                            (rising edge-triggered cell FDRE clocked by clk  {rise@0.000ns fall@1.500ns period=3.000ns})
  Destination:            alu_in_reg[expon][0]/D
                            (rising edge-triggered cell FDRE clocked by clk  {rise@0.000ns fall@1.500ns period=3.000ns})
  Path Group:             clk
  Path Type:              Setup (Max at Slow Process Corner)
  Requirement:            3.000ns  (clk rise@3.000ns - clk rise@0.000ns)
  Data Path Delay:        1.408ns  (logic 0.474ns (33.676%)  route 0.934ns (66.324%))
  Logic Levels:           3  (LUT5=1 LUT6=2)
  Clock Path Skew:        -0.023ns (DCD - SCD + CPR)
    Destination Clock Delay (DCD):    2.267ns = ( 5.267 - 3.000 ) 
    Source Clock Delay      (SCD):    2.896ns
    Clock Pessimism Removal (CPR):    0.606ns
  Clock Uncertainty:      0.035ns  ((TSJ^2 + TIJ^2)^1/2 + DJ) / 2 + PE
    Total System Jitter     (TSJ):    0.071ns
    Total Input Jitter      (TIJ):    0.000ns
    Discrete Jitter          (DJ):    0.000ns
    Phase Error              (PE):    0.000ns
  Clock Net Delay (Source):      1.426ns (routing 0.623ns, distribution 0.803ns)
  Clock Net Delay (Destination): 1.259ns (routing 0.570ns, distribution 0.689ns)

    Location             Delay type                Incr(ns)  Path(ns)    Netlist Resource(s)
  -------------------------------------------------------------------    -------------------
                         (clock clk rise edge)        0.000     0.000 r  <hidden>
    E14                                               0.000     0.000 r  clk
                         net (fo=0)                   0.000     0.000    clk_IBUF_inst/I
    E14                  INBUF (Prop_INBUF_HDIOB_M_PAD_O)
                                                      1.238     1.238 r  clk_IBUF_inst/INBUF_INST/O
                         net (fo=1, routed)           0.000     1.238    clk_IBUF_inst/OUT
    E14                  IBUFCTRL (Prop_IBUFCTRL_HDIOB_M_I_O)
                                                      0.000     1.238 r  clk_IBUF_inst/IBUFCTRL_INST/O
                         net (fo=1, routed)           0.204     1.442    clk_IBUF
    BUFGCE_HDIO_X1Y4     BUFGCE (Prop_BUFCE_BUFGCE_HDIO_I_O)
                                                      0.028     1.470 r  clk_IBUF_BUFG_inst/O
    X1Y2 (CLOCK_ROOT)    net (fo=39, routed)          1.426     2.896    clk_IBUF_BUFG
    SLICE_X49Y144        FDRE                                         r  memreg_reg[4]/C
  -------------------------------------------------------------------    -------------------
    SLICE_X49Y144        FDRE (Prop_EFF_SLICEM_C_Q)
                                                      0.076     2.972 f  memreg_reg[4]/Q
                         net (fo=7, routed)           0.380     3.352    p_4_in
    SLICE_X49Y145        LUT6 (Prop_H6LUT_SLICEM_I4_O)
                                                      0.090     3.442 r  alu_in[expon][0]_i_4/O
                         net (fo=1, routed)           0.223     3.665    alu_in[expon][0]_i_4_n_0
    SLICE_X49Y145        LUT5 (Prop_C5LUT_SLICEM_I1_O)
                                                      0.159     3.824 r  alu_in[expon][0]_i_2/O
                         net (fo=1, routed)           0.272     4.096    alu_in[expon][0]_i_2_n_0
    SLICE_X49Y145        LUT6 (Prop_B6LUT_SLICEM_I0_O)
                                                      0.149     4.245 r  alu_in[expon][0]_i_1/O
                         net (fo=1, routed)           0.059     4.304    alu_temp[expon][0]
    SLICE_X49Y145        FDRE                                         r  alu_in_reg[expon][0]/D
  -------------------------------------------------------------------    -------------------

                         (clock clk rise edge)        3.000     3.000 r  <hidden>
    E14                                               0.000     3.000 r  clk
                         net (fo=0)                   0.000     3.000    clk_IBUF_inst/I
    E14                  INBUF (Prop_INBUF_HDIOB_M_PAD_O)
                                                      0.815     3.815 r  clk_IBUF_inst/INBUF_INST/O
                         net (fo=1, routed)           0.000     3.815    clk_IBUF_inst/OUT
    E14                  IBUFCTRL (Prop_IBUFCTRL_HDIOB_M_I_O)
                                                      0.000     3.815 r  clk_IBUF_inst/IBUFCTRL_INST/O
                         net (fo=1, routed)           0.169     3.984    clk_IBUF
    BUFGCE_HDIO_X1Y4     BUFGCE (Prop_BUFCE_BUFGCE_HDIO_I_O)
                                                      0.024     4.008 r  clk_IBUF_BUFG_inst/O
    X1Y2 (CLOCK_ROOT)    net (fo=39, routed)          1.259     5.267    clk_IBUF_BUFG
    SLICE_X49Y145        FDRE                                         r  alu_in_reg[expon][0]/C
                         clock pessimism              0.606     5.873    <hidden>
                         clock uncertainty           -0.035     5.838    <hidden>
    SLICE_X49Y145        FDRE (Setup_BFF_SLICEM_C_D)
                                                      0.025     5.863    alu_in_reg[expon][0]
  -------------------------------------------------------------------
                         required time                          5.863    <hidden>
                         arrival time                          -4.304    <hidden>
  -------------------------------------------------------------------
                         slack                                  1.559    <hidden>

Slack (MET) :             1.731ns  (required time - arrival time)
  Source:                 memreg_reg[4]/C
                            (rising edge-triggered cell FDRE clocked by clk  {rise@0.000ns fall@1.500ns period=3.000ns})
  Destination:            alu_in_reg[frac][11]/R
                            (rising edge-triggered cell FDRE clocked by clk  {rise@0.000ns fall@1.500ns period=3.000ns})
  Path Group:             clk
  Path Type:              Setup (Max at Slow Process Corner)
  Requirement:            3.000ns  (clk rise@3.000ns - clk rise@0.000ns)
  Data Path Delay:        1.135ns  (logic 0.337ns (29.697%)  route 0.798ns (70.303%))
  Logic Levels:           3  (LUT4=1 LUT5=1 LUT6=1)
  Clock Path Skew:        -0.025ns (DCD - SCD + CPR)
    Destination Clock Delay (DCD):    2.265ns = ( 5.265 - 3.000 ) 
    Source Clock Delay      (SCD):    2.896ns
    Clock Pessimism Removal (CPR):    0.606ns
  Clock Uncertainty:      0.035ns  ((TSJ^2 + TIJ^2)^1/2 + DJ) / 2 + PE
    Total System Jitter     (TSJ):    0.071ns
    Total Input Jitter      (TIJ):    0.000ns
    Discrete Jitter          (DJ):    0.000ns
    Phase Error              (PE):    0.000ns
  Clock Net Delay (Source):      1.426ns (routing 0.623ns, distribution 0.803ns)
  Clock Net Delay (Destination): 1.257ns (routing 0.570ns, distribution 0.687ns)

    Location             Delay type                Incr(ns)  Path(ns)    Netlist Resource(s)
  -------------------------------------------------------------------    -------------------
                         (clock clk rise edge)        0.000     0.000 r  <hidden>
    E14                                               0.000     0.000 r  clk
                         net (fo=0)                   0.000     0.000    clk_IBUF_inst/I
    E14                  INBUF (Prop_INBUF_HDIOB_M_PAD_O)
                                                      1.238     1.238 r  clk_IBUF_inst/INBUF_INST/O
                         net (fo=1, routed)           0.000     1.238    clk_IBUF_inst/OUT
    E14                  IBUFCTRL (Prop_IBUFCTRL_HDIOB_M_I_O)
                                                      0.000     1.238 r  clk_IBUF_inst/IBUFCTRL_INST/O
                         net (fo=1, routed)           0.204     1.442    clk_IBUF
    BUFGCE_HDIO_X1Y4     BUFGCE (Prop_BUFCE_BUFGCE_HDIO_I_O)
                                                      0.028     1.470 r  clk_IBUF_BUFG_inst/O
    X1Y2 (CLOCK_ROOT)    net (fo=39, routed)          1.426     2.896    clk_IBUF_BUFG
    SLICE_X49Y144        FDRE                                         r  memreg_reg[4]/C
  -------------------------------------------------------------------    -------------------
    SLICE_X49Y144        FDRE (Prop_EFF_SLICEM_C_Q)
                                                      0.076     2.972 r  memreg_reg[4]/Q
                         net (fo=7, routed)           0.345     3.317    p_4_in
    SLICE_X49Y146        LUT4 (Prop_H6LUT_SLICEM_I3_O)
                                                      0.125     3.442 f  alu_in[expon][9]_i_3/O
                         net (fo=1, routed)           0.139     3.581    alu_in[expon][9]_i_3_n_0
    SLICE_X49Y146        LUT5 (Prop_D6LUT_SLICEM_I4_O)
                                                      0.099     3.680 f  alu_in[expon][9]_i_2/O
                         net (fo=1, routed)           0.038     3.718    alu_in[expon][9]_i_2_n_0
    SLICE_X49Y146        LUT6 (Prop_F6LUT_SLICEM_I2_O)
                                                      0.037     3.755 r  alu_in[expon][9]_i_1/O
                         net (fo=18, routed)          0.276     4.031    alu_temp[expon]13_out
    SLICE_X49Y146        FDRE                                         r  alu_in_reg[frac][11]/R
  -------------------------------------------------------------------    -------------------

                         (clock clk rise edge)        3.000     3.000 r  <hidden>
    E14                                               0.000     3.000 r  clk
                         net (fo=0)                   0.000     3.000    clk_IBUF_inst/I
    E14                  INBUF (Prop_INBUF_HDIOB_M_PAD_O)
                                                      0.815     3.815 r  clk_IBUF_inst/INBUF_INST/O
                         net (fo=1, routed)           0.000     3.815    clk_IBUF_inst/OUT
    E14                  IBUFCTRL (Prop_IBUFCTRL_HDIOB_M_I_O)
                                                      0.000     3.815 r  clk_IBUF_inst/IBUFCTRL_INST/O
                         net (fo=1, routed)           0.169     3.984    clk_IBUF
    BUFGCE_HDIO_X1Y4     BUFGCE (Prop_BUFCE_BUFGCE_HDIO_I_O)
                                                      0.024     4.008 r  clk_IBUF_BUFG_inst/O
    X1Y2 (CLOCK_ROOT)    net (fo=39, routed)          1.257     5.265    clk_IBUF_BUFG
    SLICE_X49Y146        FDRE                                         r  alu_in_reg[frac][11]/C
                         clock pessimism              0.606     5.871    <hidden>
                         clock uncertainty           -0.035     5.836    <hidden>
    SLICE_X49Y146        FDRE (Setup_EFF_SLICEM_C_R)
                                                     -0.074     5.762    alu_in_reg[frac][11]
  -------------------------------------------------------------------
                         required time                          5.762    <hidden>
                         arrival time                          -4.031    <hidden>
  -------------------------------------------------------------------
                         slack                                  1.731    <hidden>

Slack (MET) :             1.731ns  (required time - arrival time)
  Source:                 memreg_reg[4]/C
                            (rising edge-triggered cell FDRE clocked by clk  {rise@0.000ns fall@1.500ns period=3.000ns})
  Destination:            alu_in_reg[frac][2]/R
                            (rising edge-triggered cell FDRE clocked by clk  {rise@0.000ns fall@1.500ns period=3.000ns})
  Path Group:             clk
  Path Type:              Setup (Max at Slow Process Corner)
  Requirement:            3.000ns  (clk rise@3.000ns - clk rise@0.000ns)
  Data Path Delay:        1.135ns  (logic 0.337ns (29.697%)  route 0.798ns (70.303%))
  Logic Levels:           3  (LUT4=1 LUT5=1 LUT6=1)
  Clock Path Skew:        -0.025ns (DCD - SCD + CPR)
    Destination Clock Delay (DCD):    2.265ns = ( 5.265 - 3.000 ) 
    Source Clock Delay      (SCD):    2.896ns
    Clock Pessimism Removal (CPR):    0.606ns
  Clock Uncertainty:      0.035ns  ((TSJ^2 + TIJ^2)^1/2 + DJ) / 2 + PE
    Total System Jitter     (TSJ):    0.071ns
    Total Input Jitter      (TIJ):    0.000ns
    Discrete Jitter          (DJ):    0.000ns
    Phase Error              (PE):    0.000ns
  Clock Net Delay (Source):      1.426ns (routing 0.623ns, distribution 0.803ns)
  Clock Net Delay (Destination): 1.257ns (routing 0.570ns, distribution 0.687ns)

    Location             Delay type                Incr(ns)  Path(ns)    Netlist Resource(s)
  -------------------------------------------------------------------    -------------------
                         (clock clk rise edge)        0.000     0.000 r  <hidden>
    E14                                               0.000     0.000 r  clk
                         net (fo=0)                   0.000     0.000    clk_IBUF_inst/I
    E14                  INBUF (Prop_INBUF_HDIOB_M_PAD_O)
                                                      1.238     1.238 r  clk_IBUF_inst/INBUF_INST/O
                         net (fo=1, routed)           0.000     1.238    clk_IBUF_inst/OUT
    E14                  IBUFCTRL (Prop_IBUFCTRL_HDIOB_M_I_O)
                                                      0.000     1.238 r  clk_IBUF_inst/IBUFCTRL_INST/O
                         net (fo=1, routed)           0.204     1.442    clk_IBUF
    BUFGCE_HDIO_X1Y4     BUFGCE (Prop_BUFCE_BUFGCE_HDIO_I_O)
                                                      0.028     1.470 r  clk_IBUF_BUFG_inst/O
    X1Y2 (CLOCK_ROOT)    net (fo=39, routed)          1.426     2.896    clk_IBUF_BUFG
    SLICE_X49Y144        FDRE                                         r  memreg_reg[4]/C
  -------------------------------------------------------------------    -------------------
    SLICE_X49Y144        FDRE (Prop_EFF_SLICEM_C_Q)
                                                      0.076     2.972 r  memreg_reg[4]/Q
                         net (fo=7, routed)           0.345     3.317    p_4_in
    SLICE_X49Y146        LUT4 (Prop_H6LUT_SLICEM_I3_O)
                                                      0.125     3.442 f  alu_in[expon][9]_i_3/O
                         net (fo=1, routed)           0.139     3.581    alu_in[expon][9]_i_3_n_0
    SLICE_X49Y146        LUT5 (Prop_D6LUT_SLICEM_I4_O)
                                                      0.099     3.680 f  alu_in[expon][9]_i_2/O
                         net (fo=1, routed)           0.038     3.718    alu_in[expon][9]_i_2_n_0
    SLICE_X49Y146        LUT6 (Prop_F6LUT_SLICEM_I2_O)
                                                      0.037     3.755 r  alu_in[expon][9]_i_1/O
                         net (fo=18, routed)          0.276     4.031    alu_temp[expon]13_out
    SLICE_X49Y146        FDRE                                         r  alu_in_reg[frac][2]/R
  -------------------------------------------------------------------    -------------------

                         (clock clk rise edge)        3.000     3.000 r  <hidden>
    E14                                               0.000     3.000 r  clk
                         net (fo=0)                   0.000     3.000    clk_IBUF_inst/I
    E14                  INBUF (Prop_INBUF_HDIOB_M_PAD_O)
                                                      0.815     3.815 r  clk_IBUF_inst/INBUF_INST/O
                         net (fo=1, routed)           0.000     3.815    clk_IBUF_inst/OUT
    E14                  IBUFCTRL (Prop_IBUFCTRL_HDIOB_M_I_O)
                                                      0.000     3.815 r  clk_IBUF_inst/IBUFCTRL_INST/O
                         net (fo=1, routed)           0.169     3.984    clk_IBUF
    BUFGCE_HDIO_X1Y4     BUFGCE (Prop_BUFCE_BUFGCE_HDIO_I_O)
                                                      0.024     4.008 r  clk_IBUF_BUFG_inst/O
    X1Y2 (CLOCK_ROOT)    net (fo=39, routed)          1.257     5.265    clk_IBUF_BUFG
    SLICE_X49Y146        FDRE                                         r  alu_in_reg[frac][2]/C
                         clock pessimism              0.606     5.871    <hidden>
                         clock uncertainty           -0.035     5.836    <hidden>
    SLICE_X49Y146        FDRE (Setup_EFF2_SLICEM_C_R)
                                                     -0.074     5.762    alu_in_reg[frac][2]
  -------------------------------------------------------------------
                         required time                          5.762    <hidden>
                         arrival time                          -4.031    <hidden>
  -------------------------------------------------------------------
                         slack                                  1.731    <hidden>

Slack (MET) :             1.731ns  (required time - arrival time)
  Source:                 memreg_reg[4]/C
                            (rising edge-triggered cell FDRE clocked by clk  {rise@0.000ns fall@1.500ns period=3.000ns})
  Destination:            alu_in_reg[frac][3]/R
                            (rising edge-triggered cell FDRE clocked by clk  {rise@0.000ns fall@1.500ns period=3.000ns})
  Path Group:             clk
  Path Type:              Setup (Max at Slow Process Corner)
  Requirement:            3.000ns  (clk rise@3.000ns - clk rise@0.000ns)
  Data Path Delay:        1.135ns  (logic 0.337ns (29.697%)  route 0.798ns (70.303%))
  Logic Levels:           3  (LUT4=1 LUT5=1 LUT6=1)
  Clock Path Skew:        -0.025ns (DCD - SCD + CPR)
    Destination Clock Delay (DCD):    2.265ns = ( 5.265 - 3.000 ) 
    Source Clock Delay      (SCD):    2.896ns
    Clock Pessimism Removal (CPR):    0.606ns
  Clock Uncertainty:      0.035ns  ((TSJ^2 + TIJ^2)^1/2 + DJ) / 2 + PE
    Total System Jitter     (TSJ):    0.071ns
    Total Input Jitter      (TIJ):    0.000ns
    Discrete Jitter          (DJ):    0.000ns
    Phase Error              (PE):    0.000ns
  Clock Net Delay (Source):      1.426ns (routing 0.623ns, distribution 0.803ns)
  Clock Net Delay (Destination): 1.257ns (routing 0.570ns, distribution 0.687ns)

    Location             Delay type                Incr(ns)  Path(ns)    Netlist Resource(s)
  -------------------------------------------------------------------    -------------------
                         (clock clk rise edge)        0.000     0.000 r  <hidden>
    E14                                               0.000     0.000 r  clk
                         net (fo=0)                   0.000     0.000    clk_IBUF_inst/I
    E14                  INBUF (Prop_INBUF_HDIOB_M_PAD_O)
                                                      1.238     1.238 r  clk_IBUF_inst/INBUF_INST/O
                         net (fo=1, routed)           0.000     1.238    clk_IBUF_inst/OUT
    E14                  IBUFCTRL (Prop_IBUFCTRL_HDIOB_M_I_O)
                                                      0.000     1.238 r  clk_IBUF_inst/IBUFCTRL_INST/O
                         net (fo=1, routed)           0.204     1.442    clk_IBUF
    BUFGCE_HDIO_X1Y4     BUFGCE (Prop_BUFCE_BUFGCE_HDIO_I_O)
                                                      0.028     1.470 r  clk_IBUF_BUFG_inst/O
    X1Y2 (CLOCK_ROOT)    net (fo=39, routed)          1.426     2.896    clk_IBUF_BUFG
    SLICE_X49Y144        FDRE                                         r  memreg_reg[4]/C
  -------------------------------------------------------------------    -------------------
    SLICE_X49Y144        FDRE (Prop_EFF_SLICEM_C_Q)
                                                      0.076     2.972 r  memreg_reg[4]/Q
                         net (fo=7, routed)           0.345     3.317    p_4_in
    SLICE_X49Y146        LUT4 (Prop_H6LUT_SLICEM_I3_O)
                                                      0.125     3.442 f  alu_in[expon][9]_i_3/O
                         net (fo=1, routed)           0.139     3.581    alu_in[expon][9]_i_3_n_0
    SLICE_X49Y146        LUT5 (Prop_D6LUT_SLICEM_I4_O)
                                                      0.099     3.680 f  alu_in[expon][9]_i_2/O
                         net (fo=1, routed)           0.038     3.718    alu_in[expon][9]_i_2_n_0
    SLICE_X49Y146        LUT6 (Prop_F6LUT_SLICEM_I2_O)
                                                      0.037     3.755 r  alu_in[expon][9]_i_1/O
                         net (fo=18, routed)          0.276     4.031    alu_temp[expon]13_out
    SLICE_X49Y146        FDRE                                         r  alu_in_reg[frac][3]/R
  -------------------------------------------------------------------    -------------------

                         (clock clk rise edge)        3.000     3.000 r  <hidden>
    E14                                               0.000     3.000 r  clk
                         net (fo=0)                   0.000     3.000    clk_IBUF_inst/I
    E14                  INBUF (Prop_INBUF_HDIOB_M_PAD_O)
                                                      0.815     3.815 r  clk_IBUF_inst/INBUF_INST/O
                         net (fo=1, routed)           0.000     3.815    clk_IBUF_inst/OUT
    E14                  IBUFCTRL (Prop_IBUFCTRL_HDIOB_M_I_O)
                                                      0.000     3.815 r  clk_IBUF_inst/IBUFCTRL_INST/O
                         net (fo=1, routed)           0.169     3.984    clk_IBUF
    BUFGCE_HDIO_X1Y4     BUFGCE (Prop_BUFCE_BUFGCE_HDIO_I_O)
                                                      0.024     4.008 r  clk_IBUF_BUFG_inst/O
    X1Y2 (CLOCK_ROOT)    net (fo=39, routed)          1.257     5.265    clk_IBUF_BUFG
    SLICE_X49Y146        FDRE                                         r  alu_in_reg[frac][3]/C
                         clock pessimism              0.606     5.871    <hidden>
                         clock uncertainty           -0.035     5.836    <hidden>
    SLICE_X49Y146        FDRE (Setup_FFF_SLICEM_C_R)
                                                     -0.074     5.762    alu_in_reg[frac][3]
  -------------------------------------------------------------------
                         required time                          5.762    <hidden>
                         arrival time                          -4.031    <hidden>
  -------------------------------------------------------------------
                         slack                                  1.731    <hidden>

Slack (MET) :             1.731ns  (required time - arrival time)
  Source:                 memreg_reg[4]/C
                            (rising edge-triggered cell FDRE clocked by clk  {rise@0.000ns fall@1.500ns period=3.000ns})
  Destination:            alu_in_reg[frac][4]/R
                            (rising edge-triggered cell FDRE clocked by clk  {rise@0.000ns fall@1.500ns period=3.000ns})
  Path Group:             clk
  Path Type:              Setup (Max at Slow Process Corner)
  Requirement:            3.000ns  (clk rise@3.000ns - clk rise@0.000ns)
  Data Path Delay:        1.135ns  (logic 0.337ns (29.697%)  route 0.798ns (70.303%))
  Logic Levels:           3  (LUT4=1 LUT5=1 LUT6=1)
  Clock Path Skew:        -0.025ns (DCD - SCD + CPR)
    Destination Clock Delay (DCD):    2.265ns = ( 5.265 - 3.000 ) 
    Source Clock Delay      (SCD):    2.896ns
    Clock Pessimism Removal (CPR):    0.606ns
  Clock Uncertainty:      0.035ns  ((TSJ^2 + TIJ^2)^1/2 + DJ) / 2 + PE
    Total System Jitter     (TSJ):    0.071ns
    Total Input Jitter      (TIJ):    0.000ns
    Discrete Jitter          (DJ):    0.000ns
    Phase Error              (PE):    0.000ns
  Clock Net Delay (Source):      1.426ns (routing 0.623ns, distribution 0.803ns)
  Clock Net Delay (Destination): 1.257ns (routing 0.570ns, distribution 0.687ns)

    Location             Delay type                Incr(ns)  Path(ns)    Netlist Resource(s)
  -------------------------------------------------------------------    -------------------
                         (clock clk rise edge)        0.000     0.000 r  <hidden>
    E14                                               0.000     0.000 r  clk
                         net (fo=0)                   0.000     0.000    clk_IBUF_inst/I
    E14                  INBUF (Prop_INBUF_HDIOB_M_PAD_O)
                                                      1.238     1.238 r  clk_IBUF_inst/INBUF_INST/O
                         net (fo=1, routed)           0.000     1.238    clk_IBUF_inst/OUT
    E14                  IBUFCTRL (Prop_IBUFCTRL_HDIOB_M_I_O)
                                                      0.000     1.238 r  clk_IBUF_inst/IBUFCTRL_INST/O
                         net (fo=1, routed)           0.204     1.442    clk_IBUF
    BUFGCE_HDIO_X1Y4     BUFGCE (Prop_BUFCE_BUFGCE_HDIO_I_O)
                                                      0.028     1.470 r  clk_IBUF_BUFG_inst/O
    X1Y2 (CLOCK_ROOT)    net (fo=39, routed)          1.426     2.896    clk_IBUF_BUFG
    SLICE_X49Y144        FDRE                                         r  memreg_reg[4]/C
  -------------------------------------------------------------------    -------------------
    SLICE_X49Y144        FDRE (Prop_EFF_SLICEM_C_Q)
                                                      0.076     2.972 r  memreg_reg[4]/Q
                         net (fo=7, routed)           0.345     3.317    p_4_in
    SLICE_X49Y146        LUT4 (Prop_H6LUT_SLICEM_I3_O)
                                                      0.125     3.442 f  alu_in[expon][9]_i_3/O
                         net (fo=1, routed)           0.139     3.581    alu_in[expon][9]_i_3_n_0
    SLICE_X49Y146        LUT5 (Prop_D6LUT_SLICEM_I4_O)
                                                      0.099     3.680 f  alu_in[expon][9]_i_2/O
                         net (fo=1, routed)           0.038     3.718    alu_in[expon][9]_i_2_n_0
    SLICE_X49Y146        LUT6 (Prop_F6LUT_SLICEM_I2_O)
                                                      0.037     3.755 r  alu_in[expon][9]_i_1/O
                         net (fo=18, routed)          0.276     4.031    alu_temp[expon]13_out
    SLICE_X49Y146        FDRE                                         r  alu_in_reg[frac][4]/R
  -------------------------------------------------------------------    -------------------

                         (clock clk rise edge)        3.000     3.000 r  <hidden>
    E14                                               0.000     3.000 r  clk
                         net (fo=0)                   0.000     3.000    clk_IBUF_inst/I
    E14                  INBUF (Prop_INBUF_HDIOB_M_PAD_O)
                                                      0.815     3.815 r  clk_IBUF_inst/INBUF_INST/O
                         net (fo=1, routed)           0.000     3.815    clk_IBUF_inst/OUT
    E14                  IBUFCTRL (Prop_IBUFCTRL_HDIOB_M_I_O)
                                                      0.000     3.815 r  clk_IBUF_inst/IBUFCTRL_INST/O
                         net (fo=1, routed)           0.169     3.984    clk_IBUF
    BUFGCE_HDIO_X1Y4     BUFGCE (Prop_BUFCE_BUFGCE_HDIO_I_O)
                                                      0.024     4.008 r  clk_IBUF_BUFG_inst/O
    X1Y2 (CLOCK_ROOT)    net (fo=39, routed)          1.257     5.265    clk_IBUF_BUFG
    SLICE_X49Y146        FDRE                                         r  alu_in_reg[frac][4]/C
                         clock pessimism              0.606     5.871    <hidden>
                         clock uncertainty           -0.035     5.836    <hidden>
    SLICE_X49Y146        FDRE (Setup_FFF2_SLICEM_C_R)
                                                     -0.074     5.762    alu_in_reg[frac][4]
  -------------------------------------------------------------------
                         required time                          5.762    <hidden>
                         arrival time                          -4.031    <hidden>
  -------------------------------------------------------------------
                         slack                                  1.731    <hidden>





Min Delay Paths
--------------------------------------------------------------------------------------
Slack (MET) :             0.062ns  (arrival time - required time)
  Source:                 memreg_reg[10]/C
                            (rising edge-triggered cell FDRE clocked by clk  {rise@0.000ns fall@1.500ns period=3.000ns})
  Destination:            alu_in_reg[expon][0]/D
                            (rising edge-triggered cell FDRE clocked by clk  {rise@0.000ns fall@1.500ns period=3.000ns})
  Path Group:             clk
  Path Type:              Hold (Min at Fast Process Corner)
  Requirement:            0.000ns  (clk rise@0.000ns - clk rise@0.000ns)
  Data Path Delay:        0.131ns  (logic 0.052ns (39.791%)  route 0.079ns (60.209%))
  Logic Levels:           1  (LUT6=1)
  Clock Path Skew:        0.022ns (DCD - SCD - CPR)
    Destination Clock Delay (DCD):    2.087ns
    Source Clock Delay      (SCD):    1.712ns
    Clock Pessimism Removal (CPR):    0.353ns
  Clock Net Delay (Source):      0.789ns (routing 0.339ns, distribution 0.450ns)
  Clock Net Delay (Destination): 0.896ns (routing 0.373ns, distribution 0.523ns)

    Location             Delay type                Incr(ns)  Path(ns)    Netlist Resource(s)
  -------------------------------------------------------------------    -------------------
                         (clock clk rise edge)        0.000     0.000 r  <hidden>
    E14                                               0.000     0.000 r  clk
                         net (fo=0)                   0.000     0.000    clk_IBUF_inst/I
    E14                  INBUF (Prop_INBUF_HDIOB_M_PAD_O)
                                                      0.815     0.815 r  clk_IBUF_inst/INBUF_INST/O
                         net (fo=1, routed)           0.000     0.815    clk_IBUF_inst/OUT
    E14                  IBUFCTRL (Prop_IBUFCTRL_HDIOB_M_I_O)
                                                      0.000     0.815 r  clk_IBUF_inst/IBUFCTRL_INST/O
                         net (fo=1, routed)           0.091     0.906    clk_IBUF
    BUFGCE_HDIO_X1Y4     BUFGCE (Prop_BUFCE_BUFGCE_HDIO_I_O)
                                                      0.017     0.923 r  clk_IBUF_BUFG_inst/O
    X1Y2 (CLOCK_ROOT)    net (fo=39, routed)          0.789     1.712    clk_IBUF_BUFG
    SLICE_X49Y143        FDRE                                         r  memreg_reg[10]/C
  -------------------------------------------------------------------    -------------------
    SLICE_X49Y143        FDRE (Prop_EFF_SLICEM_C_Q)
                                                      0.038     1.750 r  memreg_reg[10]/Q
                         net (fo=6, routed)           0.058     1.808    mem_exp[0]
    SLICE_X49Y145        LUT6 (Prop_B6LUT_SLICEM_I4_O)
                                                      0.014     1.822 r  alu_in[expon][0]_i_1/O
                         net (fo=1, routed)           0.021     1.843    alu_temp[expon][0]
    SLICE_X49Y145        FDRE                                         r  alu_in_reg[expon][0]/D
  -------------------------------------------------------------------    -------------------

                         (clock clk rise edge)        0.000     0.000 r  <hidden>
    E14                                               0.000     0.000 r  clk
                         net (fo=0)                   0.000     0.000    clk_IBUF_inst/I
    E14                  INBUF (Prop_INBUF_HDIOB_M_PAD_O)
                                                      1.059     1.059 r  clk_IBUF_inst/INBUF_INST/O
                         net (fo=1, routed)           0.000     1.059    clk_IBUF_inst/OUT
    E14                  IBUFCTRL (Prop_IBUFCTRL_HDIOB_M_I_O)
                                                      0.000     1.059 r  clk_IBUF_inst/IBUFCTRL_INST/O
                         net (fo=1, routed)           0.113     1.172    clk_IBUF
    BUFGCE_HDIO_X1Y4     BUFGCE (Prop_BUFCE_BUFGCE_HDIO_I_O)
                                                      0.019     1.191 r  clk_IBUF_BUFG_inst/O
    X1Y2 (CLOCK_ROOT)    net (fo=39, routed)          0.896     2.087    clk_IBUF_BUFG
    SLICE_X49Y145        FDRE                                         r  alu_in_reg[expon][0]/C
                         clock pessimism             -0.353     1.735    <hidden>
    SLICE_X49Y145        FDRE (Hold_BFF_SLICEM_C_D)
                                                      0.046     1.781    alu_in_reg[expon][0]
  -------------------------------------------------------------------
                         required time                         -1.781    <hidden>
                         arrival time                           1.843    <hidden>
  -------------------------------------------------------------------
                         slack                                  0.062    <hidden>

Slack (MET) :             0.065ns  (arrival time - required time)
  Source:                 memreg_reg[7]/C
                            (rising edge-triggered cell FDRE clocked by clk  {rise@0.000ns fall@1.500ns period=3.000ns})
  Destination:            alu_in_reg[frac][9]/D
                            (rising edge-triggered cell FDRE clocked by clk  {rise@0.000ns fall@1.500ns period=3.000ns})
  Path Group:             clk
  Path Type:              Hold (Min at Fast Process Corner)
  Requirement:            0.000ns  (clk rise@0.000ns - clk rise@0.000ns)
  Data Path Delay:        0.133ns  (logic 0.039ns (29.341%)  route 0.094ns (70.659%))
  Logic Levels:           0  
  Clock Path Skew:        0.021ns (DCD - SCD - CPR)
    Destination Clock Delay (DCD):    2.086ns
    Source Clock Delay      (SCD):    1.712ns
    Clock Pessimism Removal (CPR):    0.353ns
  Clock Net Delay (Source):      0.789ns (routing 0.339ns, distribution 0.450ns)
  Clock Net Delay (Destination): 0.895ns (routing 0.373ns, distribution 0.522ns)

    Location             Delay type                Incr(ns)  Path(ns)    Netlist Resource(s)
  -------------------------------------------------------------------    -------------------
                         (clock clk rise edge)        0.000     0.000 r  <hidden>
    E14                                               0.000     0.000 r  clk
                         net (fo=0)                   0.000     0.000    clk_IBUF_inst/I
    E14                  INBUF (Prop_INBUF_HDIOB_M_PAD_O)
                                                      0.815     0.815 r  clk_IBUF_inst/INBUF_INST/O
                         net (fo=1, routed)           0.000     0.815    clk_IBUF_inst/OUT
    E14                  IBUFCTRL (Prop_IBUFCTRL_HDIOB_M_I_O)
                                                      0.000     0.815 r  clk_IBUF_inst/IBUFCTRL_INST/O
                         net (fo=1, routed)           0.091     0.906    clk_IBUF
    BUFGCE_HDIO_X1Y4     BUFGCE (Prop_BUFCE_BUFGCE_HDIO_I_O)
                                                      0.017     0.923 r  clk_IBUF_BUFG_inst/O
    X1Y2 (CLOCK_ROOT)    net (fo=39, routed)          0.789     1.712    clk_IBUF_BUFG
    SLICE_X49Y143        FDRE                                         r  memreg_reg[7]/C
  -------------------------------------------------------------------    -------------------
    SLICE_X49Y143        FDRE (Prop_HFF_SLICEM_C_Q)
                                                      0.039     1.751 r  memreg_reg[7]/Q
                         net (fo=7, routed)           0.094     1.845    p_1_in
    SLICE_X49Y146        FDRE                                         r  alu_in_reg[frac][9]/D
  -------------------------------------------------------------------    -------------------

                         (clock clk rise edge)        0.000     0.000 r  <hidden>
    E14                                               0.000     0.000 r  clk
                         net (fo=0)                   0.000     0.000    clk_IBUF_inst/I
    E14                  INBUF (Prop_INBUF_HDIOB_M_PAD_O)
                                                      1.059     1.059 r  clk_IBUF_inst/INBUF_INST/O
                         net (fo=1, routed)           0.000     1.059    clk_IBUF_inst/OUT
    E14                  IBUFCTRL (Prop_IBUFCTRL_HDIOB_M_I_O)
                                                      0.000     1.059 r  clk_IBUF_inst/IBUFCTRL_INST/O
                         net (fo=1, routed)           0.113     1.172    clk_IBUF
    BUFGCE_HDIO_X1Y4     BUFGCE (Prop_BUFCE_BUFGCE_HDIO_I_O)
                                                      0.019     1.191 r  clk_IBUF_BUFG_inst/O
    X1Y2 (CLOCK_ROOT)    net (fo=39, routed)          0.895     2.086    clk_IBUF_BUFG
    SLICE_X49Y146        FDRE                                         r  alu_in_reg[frac][9]/C
                         clock pessimism             -0.353     1.734    <hidden>
    SLICE_X49Y146        FDRE (Hold_HFF2_SLICEM_C_D)
                                                      0.047     1.781    alu_in_reg[frac][9]
  -------------------------------------------------------------------
                         required time                         -1.781    <hidden>
                         arrival time                           1.845    <hidden>
  -------------------------------------------------------------------
                         slack                                  0.065    <hidden>

Slack (MET) :             0.070ns  (arrival time - required time)
  Source:                 memreg_reg[8]/C
                            (rising edge-triggered cell FDRE clocked by clk  {rise@0.000ns fall@1.500ns period=3.000ns})
  Destination:            alu_in_reg[frac][10]/D
                            (rising edge-triggered cell FDRE clocked by clk  {rise@0.000ns fall@1.500ns period=3.000ns})
  Path Group:             clk
  Path Type:              Hold (Min at Fast Process Corner)
  Requirement:            0.000ns  (clk rise@0.000ns - clk rise@0.000ns)
  Data Path Delay:        0.167ns  (logic 0.039ns (23.357%)  route 0.128ns (76.643%))
  Logic Levels:           0  
  Clock Path Skew:        0.051ns (DCD - SCD - CPR)
    Destination Clock Delay (DCD):    2.088ns
    Source Clock Delay      (SCD):    1.712ns
    Clock Pessimism Removal (CPR):    0.324ns
  Clock Net Delay (Source):      0.789ns (routing 0.339ns, distribution 0.450ns)
  Clock Net Delay (Destination): 0.896ns (routing 0.373ns, distribution 0.523ns)

    Location             Delay type                Incr(ns)  Path(ns)    Netlist Resource(s)
  -------------------------------------------------------------------    -------------------
                         (clock clk rise edge)        0.000     0.000 r  <hidden>
    E14                                               0.000     0.000 r  clk
                         net (fo=0)                   0.000     0.000    clk_IBUF_inst/I
    E14                  INBUF (Prop_INBUF_HDIOB_M_PAD_O)
                                                      0.815     0.815 r  clk_IBUF_inst/INBUF_INST/O
                         net (fo=1, routed)           0.000     0.815    clk_IBUF_inst/OUT
    E14                  IBUFCTRL (Prop_IBUFCTRL_HDIOB_M_I_O)
                                                      0.000     0.815 r  clk_IBUF_inst/IBUFCTRL_INST/O
                         net (fo=1, routed)           0.091     0.906    clk_IBUF
    BUFGCE_HDIO_X1Y4     BUFGCE (Prop_BUFCE_BUFGCE_HDIO_I_O)
                                                      0.017     0.923 r  clk_IBUF_BUFG_inst/O
    X1Y2 (CLOCK_ROOT)    net (fo=39, routed)          0.789     1.712    clk_IBUF_BUFG
    SLICE_X49Y143        FDRE                                         r  memreg_reg[8]/C
  -------------------------------------------------------------------    -------------------
    SLICE_X49Y143        FDRE (Prop_HFF2_SLICEM_C_Q)
                                                      0.039     1.751 r  memreg_reg[8]/Q
                         net (fo=6, routed)           0.128     1.879    memreg_reg_n_0_[8]
    SLICE_X48Y146        FDRE                                         r  alu_in_reg[frac][10]/D
  -------------------------------------------------------------------    -------------------

                         (clock clk rise edge)        0.000     0.000 r  <hidden>
    E14                                               0.000     0.000 r  clk
                         net (fo=0)                   0.000     0.000    clk_IBUF_inst/I
    E14                  INBUF (Prop_INBUF_HDIOB_M_PAD_O)
                                                      1.059     1.059 r  clk_IBUF_inst/INBUF_INST/O
                         net (fo=1, routed)           0.000     1.059    clk_IBUF_inst/OUT
    E14                  IBUFCTRL (Prop_IBUFCTRL_HDIOB_M_I_O)
                                                      0.000     1.059 r  clk_IBUF_inst/IBUFCTRL_INST/O
                         net (fo=1, routed)           0.113     1.172    clk_IBUF
    BUFGCE_HDIO_X1Y4     BUFGCE (Prop_BUFCE_BUFGCE_HDIO_I_O)
                                                      0.019     1.191 r  clk_IBUF_BUFG_inst/O
    X1Y2 (CLOCK_ROOT)    net (fo=39, routed)          0.896     2.088    clk_IBUF_BUFG
    SLICE_X48Y146        FDRE                                         r  alu_in_reg[frac][10]/C
                         clock pessimism             -0.324     1.764    <hidden>
    SLICE_X48Y146        FDRE (Hold_GFF_SLICEL_C_D)
                                                      0.046     1.810    alu_in_reg[frac][10]
  -------------------------------------------------------------------
                         required time                         -1.810    <hidden>
                         arrival time                           1.879    <hidden>
  -------------------------------------------------------------------
                         slack                                  0.070    <hidden>

Slack (MET) :             0.075ns  (arrival time - required time)
  Source:                 memreg_reg[9]/C
                            (rising edge-triggered cell FDRE clocked by clk  {rise@0.000ns fall@1.500ns period=3.000ns})
  Destination:            alu_in_reg[frac][11]/D
                            (rising edge-triggered cell FDRE clocked by clk  {rise@0.000ns fall@1.500ns period=3.000ns})
  Path Group:             clk
  Path Type:              Hold (Min at Fast Process Corner)
  Requirement:            0.000ns  (clk rise@0.000ns - clk rise@0.000ns)
  Data Path Delay:        0.134ns  (logic 0.038ns (28.428%)  route 0.096ns (71.572%))
  Logic Levels:           0  
  Clock Path Skew:        0.013ns (DCD - SCD - CPR)
    Destination Clock Delay (DCD):    2.086ns
    Source Clock Delay      (SCD):    1.715ns
    Clock Pessimism Removal (CPR):    0.359ns
  Clock Net Delay (Source):      0.792ns (routing 0.339ns, distribution 0.453ns)
  Clock Net Delay (Destination): 0.895ns (routing 0.373ns, distribution 0.522ns)

    Location             Delay type                Incr(ns)  Path(ns)    Netlist Resource(s)
  -------------------------------------------------------------------    -------------------
                         (clock clk rise edge)        0.000     0.000 r  <hidden>
    E14                                               0.000     0.000 r  clk
                         net (fo=0)                   0.000     0.000    clk_IBUF_inst/I
    E14                  INBUF (Prop_INBUF_HDIOB_M_PAD_O)
                                                      0.815     0.815 r  clk_IBUF_inst/INBUF_INST/O
                         net (fo=1, routed)           0.000     0.815    clk_IBUF_inst/OUT
    E14                  IBUFCTRL (Prop_IBUFCTRL_HDIOB_M_I_O)
                                                      0.000     0.815 r  clk_IBUF_inst/IBUFCTRL_INST/O
                         net (fo=1, routed)           0.091     0.906    clk_IBUF
    BUFGCE_HDIO_X1Y4     BUFGCE (Prop_BUFCE_BUFGCE_HDIO_I_O)
                                                      0.017     0.923 r  clk_IBUF_BUFG_inst/O
    X1Y2 (CLOCK_ROOT)    net (fo=39, routed)          0.792     1.715    clk_IBUF_BUFG
    SLICE_X49Y146        FDRE                                         r  memreg_reg[9]/C
  -------------------------------------------------------------------    -------------------
    SLICE_X49Y146        FDRE (Prop_BFF_SLICEM_C_Q)
                                                      0.038     1.753 r  memreg_reg[9]/Q
                         net (fo=3, routed)           0.096     1.849    memreg_reg_n_0_[9]
    SLICE_X49Y146        FDRE                                         r  alu_in_reg[frac][11]/D
  -------------------------------------------------------------------    -------------------

                         (clock clk rise edge)        0.000     0.000 r  <hidden>
    E14                                               0.000     0.000 r  clk
                         net (fo=0)                   0.000     0.000    clk_IBUF_inst/I
    E14                  INBUF (Prop_INBUF_HDIOB_M_PAD_O)
                                                      1.059     1.059 r  clk_IBUF_inst/INBUF_INST/O
                         net (fo=1, routed)           0.000     1.059    clk_IBUF_inst/OUT
    E14                  IBUFCTRL (Prop_IBUFCTRL_HDIOB_M_I_O)
                                                      0.000     1.059 r  clk_IBUF_inst/IBUFCTRL_INST/O
                         net (fo=1, routed)           0.113     1.172    clk_IBUF
    BUFGCE_HDIO_X1Y4     BUFGCE (Prop_BUFCE_BUFGCE_HDIO_I_O)
                                                      0.019     1.191 r  clk_IBUF_BUFG_inst/O
    X1Y2 (CLOCK_ROOT)    net (fo=39, routed)          0.895     2.086    clk_IBUF_BUFG
    SLICE_X49Y146        FDRE                                         r  alu_in_reg[frac][11]/C
                         clock pessimism             -0.359     1.728    <hidden>
    SLICE_X49Y146        FDRE (Hold_EFF_SLICEM_C_D)
                                                      0.046     1.774    alu_in_reg[frac][11]
  -------------------------------------------------------------------
                         required time                         -1.774    <hidden>
                         arrival time                           1.849    <hidden>
  -------------------------------------------------------------------
                         slack                                  0.075    <hidden>

Slack (MET) :             0.087ns  (arrival time - required time)
  Source:                 memreg_reg[2]/C
                            (rising edge-triggered cell FDRE clocked by clk  {rise@0.000ns fall@1.500ns period=3.000ns})
  Destination:            alu_in_reg[frac][4]/D
                            (rising edge-triggered cell FDRE clocked by clk  {rise@0.000ns fall@1.500ns period=3.000ns})
  Path Group:             clk
  Path Type:              Hold (Min at Fast Process Corner)
  Requirement:            0.000ns  (clk rise@0.000ns - clk rise@0.000ns)
  Data Path Delay:        0.147ns  (logic 0.039ns (26.589%)  route 0.108ns (73.411%))
  Logic Levels:           0  
  Clock Path Skew:        0.013ns (DCD - SCD - CPR)
    Destination Clock Delay (DCD):    2.086ns
    Source Clock Delay      (SCD):    1.715ns
    Clock Pessimism Removal (CPR):    0.359ns
  Clock Net Delay (Source):      0.792ns (routing 0.339ns, distribution 0.453ns)
  Clock Net Delay (Destination): 0.895ns (routing 0.373ns, distribution 0.522ns)

    Location             Delay type                Incr(ns)  Path(ns)    Netlist Resource(s)
  -------------------------------------------------------------------    -------------------
                         (clock clk rise edge)        0.000     0.000 r  <hidden>
    E14                                               0.000     0.000 r  clk
                         net (fo=0)                   0.000     0.000    clk_IBUF_inst/I
    E14                  INBUF (Prop_INBUF_HDIOB_M_PAD_O)
                                                      0.815     0.815 r  clk_IBUF_inst/INBUF_INST/O
                         net (fo=1, routed)           0.000     0.815    clk_IBUF_inst/OUT
    E14                  IBUFCTRL (Prop_IBUFCTRL_HDIOB_M_I_O)
                                                      0.000     0.815 r  clk_IBUF_inst/IBUFCTRL_INST/O
                         net (fo=1, routed)           0.091     0.906    clk_IBUF
    BUFGCE_HDIO_X1Y4     BUFGCE (Prop_BUFCE_BUFGCE_HDIO_I_O)
                                                      0.017     0.923 r  clk_IBUF_BUFG_inst/O
    X1Y2 (CLOCK_ROOT)    net (fo=39, routed)          0.792     1.715    clk_IBUF_BUFG
    SLICE_X49Y146        FDRE                                         r  memreg_reg[2]/C
  -------------------------------------------------------------------    -------------------
    SLICE_X49Y146        FDRE (Prop_AFF2_SLICEM_C_Q)
                                                      0.039     1.754 r  memreg_reg[2]/Q
                         net (fo=8, routed)           0.108     1.862    p_6_in
    SLICE_X49Y146        FDRE                                         r  alu_in_reg[frac][4]/D
  -------------------------------------------------------------------    -------------------

                         (clock clk rise edge)        0.000     0.000 r  <hidden>
    E14                                               0.000     0.000 r  clk
                         net (fo=0)                   0.000     0.000    clk_IBUF_inst/I
    E14                  INBUF (Prop_INBUF_HDIOB_M_PAD_O)
                                                      1.059     1.059 r  clk_IBUF_inst/INBUF_INST/O
                         net (fo=1, routed)           0.000     1.059    clk_IBUF_inst/OUT
    E14                  IBUFCTRL (Prop_IBUFCTRL_HDIOB_M_I_O)
                                                      0.000     1.059 r  clk_IBUF_inst/IBUFCTRL_INST/O
                         net (fo=1, routed)           0.113     1.172    clk_IBUF
    BUFGCE_HDIO_X1Y4     BUFGCE (Prop_BUFCE_BUFGCE_HDIO_I_O)
                                                      0.019     1.191 r  clk_IBUF_BUFG_inst/O
    X1Y2 (CLOCK_ROOT)    net (fo=39, routed)          0.895     2.086    clk_IBUF_BUFG
    SLICE_X49Y146        FDRE                                         r  alu_in_reg[frac][4]/C
                         clock pessimism             -0.359     1.728    <hidden>
    SLICE_X49Y146        FDRE (Hold_FFF2_SLICEM_C_D)
                                                      0.047     1.775    alu_in_reg[frac][4]
  -------------------------------------------------------------------
                         required time                         -1.775    <hidden>
                         arrival time                           1.862    <hidden>
  -------------------------------------------------------------------
                         slack                                  0.087    <hidden>

Slack (MET) :             0.087ns  (arrival time - required time)
  Source:                 memreg_reg[13]/C
                            (rising edge-triggered cell FDRE clocked by clk  {rise@0.000ns fall@1.500ns period=3.000ns})
  Destination:            alu_in_reg[expon][4]/D
                            (rising edge-triggered cell FDRE clocked by clk  {rise@0.000ns fall@1.500ns period=3.000ns})
  Path Group:             clk
  Path Type:              Hold (Min at Fast Process Corner)
  Requirement:            0.000ns  (clk rise@0.000ns - clk rise@0.000ns)
  Data Path Delay:        0.179ns  (logic 0.052ns (28.981%)  route 0.127ns (71.019%))
  Logic Levels:           1  (LUT6=1)
  Clock Path Skew:        0.046ns (DCD - SCD - CPR)
    Destination Clock Delay (DCD):    2.084ns
    Source Clock Delay      (SCD):    1.713ns
    Clock Pessimism Removal (CPR):    0.324ns
  Clock Net Delay (Source):      0.790ns (routing 0.339ns, distribution 0.451ns)
  Clock Net Delay (Destination): 0.892ns (routing 0.373ns, distribution 0.519ns)

    Location             Delay type                Incr(ns)  Path(ns)    Netlist Resource(s)
  -------------------------------------------------------------------    -------------------
                         (clock clk rise edge)        0.000     0.000 r  <hidden>
    E14                                               0.000     0.000 r  clk
                         net (fo=0)                   0.000     0.000    clk_IBUF_inst/I
    E14                  INBUF (Prop_INBUF_HDIOB_M_PAD_O)
                                                      0.815     0.815 r  clk_IBUF_inst/INBUF_INST/O
                         net (fo=1, routed)           0.000     0.815    clk_IBUF_inst/OUT
    E14                  IBUFCTRL (Prop_IBUFCTRL_HDIOB_M_I_O)
                                                      0.000     0.815 r  clk_IBUF_inst/IBUFCTRL_INST/O
                         net (fo=1, routed)           0.091     0.906    clk_IBUF
    BUFGCE_HDIO_X1Y4     BUFGCE (Prop_BUFCE_BUFGCE_HDIO_I_O)
                                                      0.017     0.923 r  clk_IBUF_BUFG_inst/O
    X1Y2 (CLOCK_ROOT)    net (fo=39, routed)          0.790     1.713    clk_IBUF_BUFG
    SLICE_X49Y142        FDRE                                         r  memreg_reg[13]/C
  -------------------------------------------------------------------    -------------------
    SLICE_X49Y142        FDRE (Prop_EFF_SLICEM_C_Q)
                                                      0.038     1.751 r  memreg_reg[13]/Q
                         net (fo=8, routed)           0.111     1.863    mem_exp[3]
    SLICE_X48Y146        LUT6 (Prop_D6LUT_SLICEL_I4_O)
                                                      0.014     1.877 r  alu_in[expon][4]_i_1/O
                         net (fo=1, routed)           0.016     1.893    alu_temp[expon][4]
    SLICE_X48Y146        FDRE                                         r  alu_in_reg[expon][4]/D
  -------------------------------------------------------------------    -------------------

                         (clock clk rise edge)        0.000     0.000 r  <hidden>
    E14                                               0.000     0.000 r  clk
                         net (fo=0)                   0.000     0.000    clk_IBUF_inst/I
    E14                  INBUF (Prop_INBUF_HDIOB_M_PAD_O)
                                                      1.059     1.059 r  clk_IBUF_inst/INBUF_INST/O
                         net (fo=1, routed)           0.000     1.059    clk_IBUF_inst/OUT
    E14                  IBUFCTRL (Prop_IBUFCTRL_HDIOB_M_I_O)
                                                      0.000     1.059 r  clk_IBUF_inst/IBUFCTRL_INST/O
                         net (fo=1, routed)           0.113     1.172    clk_IBUF
    BUFGCE_HDIO_X1Y4     BUFGCE (Prop_BUFCE_BUFGCE_HDIO_I_O)
                                                      0.019     1.191 r  clk_IBUF_BUFG_inst/O
    X1Y2 (CLOCK_ROOT)    net (fo=39, routed)          0.892     2.084    clk_IBUF_BUFG
    SLICE_X48Y146        FDRE                                         r  alu_in_reg[expon][4]/C
                         clock pessimism             -0.324     1.760    <hidden>
    SLICE_X48Y146        FDRE (Hold_DFF_SLICEL_C_D)
                                                      0.046     1.806    alu_in_reg[expon][4]
  -------------------------------------------------------------------
                         required time                         -1.806    <hidden>
                         arrival time                           1.893    <hidden>
  -------------------------------------------------------------------
                         slack                                  0.087    <hidden>

Slack (MET) :             0.096ns  (arrival time - required time)
  Source:                 memreg_reg[11]/C
                            (rising edge-triggered cell FDRE clocked by clk  {rise@0.000ns fall@1.500ns period=3.000ns})
  Destination:            alu_in_reg[znan]/D
                            (rising edge-triggered cell FDRE clocked by clk  {rise@0.000ns fall@1.500ns period=3.000ns})
  Path Group:             clk
  Path Type:              Hold (Min at Fast Process Corner)
  Requirement:            0.000ns  (clk rise@0.000ns - clk rise@0.000ns)
  Data Path Delay:        0.164ns  (logic 0.080ns (48.785%)  route 0.084ns (51.215%))
  Logic Levels:           1  (LUT6=1)
  Clock Path Skew:        0.022ns (DCD - SCD - CPR)
    Destination Clock Delay (DCD):    2.087ns
    Source Clock Delay      (SCD):    1.712ns
    Clock Pessimism Removal (CPR):    0.353ns
  Clock Net Delay (Source):      0.789ns (routing 0.339ns, distribution 0.450ns)
  Clock Net Delay (Destination): 0.896ns (routing 0.373ns, distribution 0.523ns)

    Location             Delay type                Incr(ns)  Path(ns)    Netlist Resource(s)
  -------------------------------------------------------------------    -------------------
                         (clock clk rise edge)        0.000     0.000 r  <hidden>
    E14                                               0.000     0.000 r  clk
                         net (fo=0)                   0.000     0.000    clk_IBUF_inst/I
    E14                  INBUF (Prop_INBUF_HDIOB_M_PAD_O)
                                                      0.815     0.815 r  clk_IBUF_inst/INBUF_INST/O
                         net (fo=1, routed)           0.000     0.815    clk_IBUF_inst/OUT
    E14                  IBUFCTRL (Prop_IBUFCTRL_HDIOB_M_I_O)
                                                      0.000     0.815 r  clk_IBUF_inst/IBUFCTRL_INST/O
                         net (fo=1, routed)           0.091     0.906    clk_IBUF
    BUFGCE_HDIO_X1Y4     BUFGCE (Prop_BUFCE_BUFGCE_HDIO_I_O)
                                                      0.017     0.923 r  clk_IBUF_BUFG_inst/O
    X1Y2 (CLOCK_ROOT)    net (fo=39, routed)          0.789     1.712    clk_IBUF_BUFG
    SLICE_X49Y143        FDRE                                         r  memreg_reg[11]/C
  -------------------------------------------------------------------    -------------------
    SLICE_X49Y143        FDRE (Prop_EFF2_SLICEM_C_Q)
                                                      0.039     1.751 f  memreg_reg[11]/Q
                         net (fo=5, routed)           0.058     1.809    mem_exp[1]
    SLICE_X49Y145        LUT6 (Prop_D6LUT_SLICEM_I3_O)
                                                      0.041     1.850 r  alu_in[znan]_i_1/O
                         net (fo=1, routed)           0.026     1.876    alu_temp[znan]
    SLICE_X49Y145        FDRE                                         r  alu_in_reg[znan]/D
  -------------------------------------------------------------------    -------------------

                         (clock clk rise edge)        0.000     0.000 r  <hidden>
    E14                                               0.000     0.000 r  clk
                         net (fo=0)                   0.000     0.000    clk_IBUF_inst/I
    E14                  INBUF (Prop_INBUF_HDIOB_M_PAD_O)
                                                      1.059     1.059 r  clk_IBUF_inst/INBUF_INST/O
                         net (fo=1, routed)           0.000     1.059    clk_IBUF_inst/OUT
    E14                  IBUFCTRL (Prop_IBUFCTRL_HDIOB_M_I_O)
                                                      0.000     1.059 r  clk_IBUF_inst/IBUFCTRL_INST/O
                         net (fo=1, routed)           0.113     1.172    clk_IBUF
    BUFGCE_HDIO_X1Y4     BUFGCE (Prop_BUFCE_BUFGCE_HDIO_I_O)
                                                      0.019     1.191 r  clk_IBUF_BUFG_inst/O
    X1Y2 (CLOCK_ROOT)    net (fo=39, routed)          0.896     2.087    clk_IBUF_BUFG
    SLICE_X49Y145        FDRE                                         r  alu_in_reg[znan]/C
                         clock pessimism             -0.353     1.735    <hidden>
    SLICE_X49Y145        FDRE (Hold_DFF_SLICEM_C_D)
                                                      0.046     1.781    alu_in_reg[znan]
  -------------------------------------------------------------------
                         required time                         -1.781    <hidden>
                         arrival time                           1.876    <hidden>
  -------------------------------------------------------------------
                         slack                                  0.096    <hidden>

Slack (MET) :             0.097ns  (arrival time - required time)
  Source:                 memreg_reg[15]/C
                            (rising edge-triggered cell FDRE clocked by clk  {rise@0.000ns fall@1.500ns period=3.000ns})
  Destination:            alu_in_reg[sign]/D
                            (rising edge-triggered cell FDRE clocked by clk  {rise@0.000ns fall@1.500ns period=3.000ns})
  Path Group:             clk
  Path Type:              Hold (Min at Fast Process Corner)
  Requirement:            0.000ns  (clk rise@0.000ns - clk rise@0.000ns)
  Data Path Delay:        0.149ns  (logic 0.040ns (26.846%)  route 0.109ns (73.154%))
  Logic Levels:           0  
  Clock Path Skew:        0.006ns (DCD - SCD - CPR)
    Destination Clock Delay (DCD):    2.076ns
    Source Clock Delay      (SCD):    1.706ns
    Clock Pessimism Removal (CPR):    0.364ns
  Clock Net Delay (Source):      0.783ns (routing 0.339ns, distribution 0.444ns)
  Clock Net Delay (Destination): 0.885ns (routing 0.373ns, distribution 0.512ns)

    Location             Delay type                Incr(ns)  Path(ns)    Netlist Resource(s)
  -------------------------------------------------------------------    -------------------
                         (clock clk rise edge)        0.000     0.000 r  <hidden>
    E14                                               0.000     0.000 r  clk
                         net (fo=0)                   0.000     0.000    clk_IBUF_inst/I
    E14                  INBUF (Prop_INBUF_HDIOB_M_PAD_O)
                                                      0.815     0.815 r  clk_IBUF_inst/INBUF_INST/O
                         net (fo=1, routed)           0.000     0.815    clk_IBUF_inst/OUT
    E14                  IBUFCTRL (Prop_IBUFCTRL_HDIOB_M_I_O)
                                                      0.000     0.815 r  clk_IBUF_inst/IBUFCTRL_INST/O
                         net (fo=1, routed)           0.091     0.906    clk_IBUF
    BUFGCE_HDIO_X1Y4     BUFGCE (Prop_BUFCE_BUFGCE_HDIO_I_O)
                                                      0.017     0.923 r  clk_IBUF_BUFG_inst/O
    X1Y2 (CLOCK_ROOT)    net (fo=39, routed)          0.783     1.706    clk_IBUF_BUFG
    SLICE_X48Y144        FDRE                                         r  memreg_reg[15]/C
  -------------------------------------------------------------------    -------------------
    SLICE_X48Y144        FDRE (Prop_AFF2_SLICEL_C_Q)
                                                      0.040     1.746 r  memreg_reg[15]/Q
                         net (fo=1, routed)           0.109     1.855    mem_sign
    SLICE_X48Y144        FDRE                                         r  alu_in_reg[sign]/D
  -------------------------------------------------------------------    -------------------

                         (clock clk rise edge)        0.000     0.000 r  <hidden>
    E14                                               0.000     0.000 r  clk
                         net (fo=0)                   0.000     0.000    clk_IBUF_inst/I
    E14                  INBUF (Prop_INBUF_HDIOB_M_PAD_O)
                                                      1.059     1.059 r  clk_IBUF_inst/INBUF_INST/O
                         net (fo=1, routed)           0.000     1.059    clk_IBUF_inst/OUT
    E14                  IBUFCTRL (Prop_IBUFCTRL_HDIOB_M_I_O)
                                                      0.000     1.059 r  clk_IBUF_inst/IBUFCTRL_INST/O
                         net (fo=1, routed)           0.113     1.172    clk_IBUF
    BUFGCE_HDIO_X1Y4     BUFGCE (Prop_BUFCE_BUFGCE_HDIO_I_O)
                                                      0.019     1.191 r  clk_IBUF_BUFG_inst/O
    X1Y2 (CLOCK_ROOT)    net (fo=39, routed)          0.885     2.076    clk_IBUF_BUFG
    SLICE_X48Y144        FDRE                                         r  alu_in_reg[sign]/C
                         clock pessimism             -0.364     1.712    <hidden>
    SLICE_X48Y144        FDRE (Hold_AFF_SLICEL_C_D)
                                                      0.046     1.758    alu_in_reg[sign]
  -------------------------------------------------------------------
                         required time                         -1.758    <hidden>
                         arrival time                           1.855    <hidden>
  -------------------------------------------------------------------
                         slack                                  0.097    <hidden>

Slack (MET) :             0.116ns  (arrival time - required time)
  Source:                 memreg_reg[12]/C
                            (rising edge-triggered cell FDRE clocked by clk  {rise@0.000ns fall@1.500ns period=3.000ns})
  Destination:            alu_in_reg[expon][2]/D
                            (rising edge-triggered cell FDRE clocked by clk  {rise@0.000ns fall@1.500ns period=3.000ns})
  Path Group:             clk
  Path Type:              Hold (Min at Fast Process Corner)
  Requirement:            0.000ns  (clk rise@0.000ns - clk rise@0.000ns)
  Data Path Delay:        0.217ns  (logic 0.078ns (35.909%)  route 0.139ns (64.091%))
  Logic Levels:           1  (LUT6=1)
  Clock Path Skew:        0.055ns (DCD - SCD - CPR)
    Destination Clock Delay (DCD):    2.092ns
    Source Clock Delay      (SCD):    1.712ns
    Clock Pessimism Removal (CPR):    0.324ns
  Clock Net Delay (Source):      0.789ns (routing 0.339ns, distribution 0.450ns)
  Clock Net Delay (Destination): 0.900ns (routing 0.373ns, distribution 0.527ns)

    Location             Delay type                Incr(ns)  Path(ns)    Netlist Resource(s)
  -------------------------------------------------------------------    -------------------
                         (clock clk rise edge)        0.000     0.000 r  <hidden>
    E14                                               0.000     0.000 r  clk
                         net (fo=0)                   0.000     0.000    clk_IBUF_inst/I
    E14                  INBUF (Prop_INBUF_HDIOB_M_PAD_O)
                                                      0.815     0.815 r  clk_IBUF_inst/INBUF_INST/O
                         net (fo=1, routed)           0.000     0.815    clk_IBUF_inst/OUT
    E14                  IBUFCTRL (Prop_IBUFCTRL_HDIOB_M_I_O)
                                                      0.000     0.815 r  clk_IBUF_inst/IBUFCTRL_INST/O
                         net (fo=1, routed)           0.091     0.906    clk_IBUF
    BUFGCE_HDIO_X1Y4     BUFGCE (Prop_BUFCE_BUFGCE_HDIO_I_O)
                                                      0.017     0.923 r  clk_IBUF_BUFG_inst/O
    X1Y2 (CLOCK_ROOT)    net (fo=39, routed)          0.789     1.712    clk_IBUF_BUFG
    SLICE_X49Y143        FDRE                                         r  memreg_reg[12]/C
  -------------------------------------------------------------------    -------------------
    SLICE_X49Y143        FDRE (Prop_FFF_SLICEM_C_Q)
                                                      0.037     1.749 r  memreg_reg[12]/Q
                         net (fo=6, routed)           0.113     1.863    mem_exp[2]
    SLICE_X47Y146        LUT6 (Prop_D6LUT_SLICEM_I3_O)
                                                      0.041     1.904 r  alu_in[expon][2]_i_1/O
                         net (fo=1, routed)           0.026     1.930    alu_temp[expon][2]
    SLICE_X47Y146        FDRE                                         r  alu_in_reg[expon][2]/D
  -------------------------------------------------------------------    -------------------

                         (clock clk rise edge)        0.000     0.000 r  <hidden>
    E14                                               0.000     0.000 r  clk
                         net (fo=0)                   0.000     0.000    clk_IBUF_inst/I
    E14                  INBUF (Prop_INBUF_HDIOB_M_PAD_O)
                                                      1.059     1.059 r  clk_IBUF_inst/INBUF_INST/O
                         net (fo=1, routed)           0.000     1.059    clk_IBUF_inst/OUT
    E14                  IBUFCTRL (Prop_IBUFCTRL_HDIOB_M_I_O)
                                                      0.000     1.059 r  clk_IBUF_inst/IBUFCTRL_INST/O
                         net (fo=1, routed)           0.113     1.172    clk_IBUF
    BUFGCE_HDIO_X1Y4     BUFGCE (Prop_BUFCE_BUFGCE_HDIO_I_O)
                                                      0.019     1.191 r  clk_IBUF_BUFG_inst/O
    X1Y2 (CLOCK_ROOT)    net (fo=39, routed)          0.900     2.092    clk_IBUF_BUFG
    SLICE_X47Y146        FDRE                                         r  alu_in_reg[expon][2]/C
                         clock pessimism             -0.324     1.768    <hidden>
    SLICE_X47Y146        FDRE (Hold_DFF_SLICEM_C_D)
                                                      0.046     1.814    alu_in_reg[expon][2]
  -------------------------------------------------------------------
                         required time                         -1.814    <hidden>
                         arrival time                           1.930    <hidden>
  -------------------------------------------------------------------
                         slack                                  0.116    <hidden>

Slack (MET) :             0.117ns  (arrival time - required time)
  Source:                 memreg_reg[6]/C
                            (rising edge-triggered cell FDRE clocked by clk  {rise@0.000ns fall@1.500ns period=3.000ns})
  Destination:            alu_in_reg[frac][8]/D
                            (rising edge-triggered cell FDRE clocked by clk  {rise@0.000ns fall@1.500ns period=3.000ns})
  Path Group:             clk
  Path Type:              Hold (Min at Fast Process Corner)
  Requirement:            0.000ns  (clk rise@0.000ns - clk rise@0.000ns)
  Data Path Delay:        0.184ns  (logic 0.039ns (21.142%)  route 0.145ns (78.858%))
  Logic Levels:           0  
  Clock Path Skew:        0.021ns (DCD - SCD - CPR)
    Destination Clock Delay (DCD):    2.086ns
    Source Clock Delay      (SCD):    1.712ns
    Clock Pessimism Removal (CPR):    0.353ns
  Clock Net Delay (Source):      0.789ns (routing 0.339ns, distribution 0.450ns)
  Clock Net Delay (Destination): 0.895ns (routing 0.373ns, distribution 0.522ns)

    Location             Delay type                Incr(ns)  Path(ns)    Netlist Resource(s)
  -------------------------------------------------------------------    -------------------
                         (clock clk rise edge)        0.000     0.000 r  <hidden>
    E14                                               0.000     0.000 r  clk
                         net (fo=0)                   0.000     0.000    clk_IBUF_inst/I
    E14                  INBUF (Prop_INBUF_HDIOB_M_PAD_O)
                                                      0.815     0.815 r  clk_IBUF_inst/INBUF_INST/O
                         net (fo=1, routed)           0.000     0.815    clk_IBUF_inst/OUT
    E14                  IBUFCTRL (Prop_IBUFCTRL_HDIOB_M_I_O)
                                                      0.000     0.815 r  clk_IBUF_inst/IBUFCTRL_INST/O
                         net (fo=1, routed)           0.091     0.906    clk_IBUF
    BUFGCE_HDIO_X1Y4     BUFGCE (Prop_BUFCE_BUFGCE_HDIO_I_O)
                                                      0.017     0.923 r  clk_IBUF_BUFG_inst/O
    X1Y2 (CLOCK_ROOT)    net (fo=39, routed)          0.789     1.712    clk_IBUF_BUFG
    SLICE_X49Y143        FDRE                                         r  memreg_reg[6]/C
  -------------------------------------------------------------------    -------------------
    SLICE_X49Y143        FDRE (Prop_GFF2_SLICEM_C_Q)
                                                      0.039     1.751 r  memreg_reg[6]/Q
                         net (fo=7, routed)           0.145     1.897    p_2_in
    SLICE_X49Y146        FDRE                                         r  alu_in_reg[frac][8]/D
  -------------------------------------------------------------------    -------------------

                         (clock clk rise edge)        0.000     0.000 r  <hidden>
    E14                                               0.000     0.000 r  clk
                         net (fo=0)                   0.000     0.000    clk_IBUF_inst/I
    E14                  INBUF (Prop_INBUF_HDIOB_M_PAD_O)
                                                      1.059     1.059 r  clk_IBUF_inst/INBUF_INST/O
                         net (fo=1, routed)           0.000     1.059    clk_IBUF_inst/OUT
    E14                  IBUFCTRL (Prop_IBUFCTRL_HDIOB_M_I_O)
                                                      0.000     1.059 r  clk_IBUF_inst/IBUFCTRL_INST/O
                         net (fo=1, routed)           0.113     1.172    clk_IBUF
    BUFGCE_HDIO_X1Y4     BUFGCE (Prop_BUFCE_BUFGCE_HDIO_I_O)
                                                      0.019     1.191 r  clk_IBUF_BUFG_inst/O
    X1Y2 (CLOCK_ROOT)    net (fo=39, routed)          0.895     2.086    clk_IBUF_BUFG
    SLICE_X49Y146        FDRE                                         r  alu_in_reg[frac][8]/C
                         clock pessimism             -0.353     1.734    <hidden>
    SLICE_X49Y146        FDRE (Hold_HFF_SLICEM_C_D)
                                                      0.046     1.780    alu_in_reg[frac][8]
  -------------------------------------------------------------------
                         required time                         -1.780    <hidden>
                         arrival time                           1.897    <hidden>
  -------------------------------------------------------------------
                         slack                                  0.117    <hidden>





Pulse Width Checks
--------------------------------------------------------------------------------------
Clock Name:         clk
Waveform(ns):       { 0.000 1.500 }
Period(ns):         3.000
Sources:            { clk }

Check Type        Corner  Lib Pin   Reference Pin  Required(ns)  Actual(ns)  Slack(ns)  Location          Pin
Min Period        n/a     BUFGCE/I  n/a            1.290         3.000       1.710      BUFGCE_HDIO_X1Y4  clk_IBUF_BUFG_inst/I
Min Period        n/a     FDRE/C    n/a            0.550         3.000       2.450      SLICE_X49Y145     alu_in_reg[expon][0]/C
Min Period        n/a     FDRE/C    n/a            0.550         3.000       2.450      SLICE_X48Y146     alu_in_reg[expon][1]/C
Min Period        n/a     FDRE/C    n/a            0.550         3.000       2.450      SLICE_X47Y146     alu_in_reg[expon][2]/C
Min Period        n/a     FDRE/C    n/a            0.550         3.000       2.450      SLICE_X47Y146     alu_in_reg[expon][3]/C
Min Period        n/a     FDRE/C    n/a            0.550         3.000       2.450      SLICE_X48Y146     alu_in_reg[expon][4]/C
Min Period        n/a     FDRE/C    n/a            0.550         3.000       2.450      SLICE_X48Y146     alu_in_reg[expon][8]/C
Min Period        n/a     FDRE/C    n/a            0.550         3.000       2.450      SLICE_X48Y146     alu_in_reg[expon][9]/C
Min Period        n/a     FDRE/C    n/a            0.550         3.000       2.450      SLICE_X48Y146     alu_in_reg[expon][9]_lopt_replica/C
Min Period        n/a     FDRE/C    n/a            0.550         3.000       2.450      SLICE_X48Y146     alu_in_reg[expon][9]_lopt_replica_2/C
Low Pulse Width   Slow    FDRE/C    n/a            0.275         1.500       1.225      SLICE_X49Y145     alu_in_reg[expon][0]/C
Low Pulse Width   Fast    FDRE/C    n/a            0.275         1.500       1.225      SLICE_X49Y145     alu_in_reg[expon][0]/C
Low Pulse Width   Slow    FDRE/C    n/a            0.275         1.500       1.225      SLICE_X48Y146     alu_in_reg[expon][1]/C
Low Pulse Width   Fast    FDRE/C    n/a            0.275         1.500       1.225      SLICE_X48Y146     alu_in_reg[expon][1]/C
Low Pulse Width   Slow    FDRE/C    n/a            0.275         1.500       1.225      SLICE_X47Y146     alu_in_reg[expon][2]/C
Low Pulse Width   Fast    FDRE/C    n/a            0.275         1.500       1.225      SLICE_X47Y146     alu_in_reg[expon][2]/C
Low Pulse Width   Slow    FDRE/C    n/a            0.275         1.500       1.225      SLICE_X47Y146     alu_in_reg[expon][3]/C
Low Pulse Width   Fast    FDRE/C    n/a            0.275         1.500       1.225      SLICE_X47Y146     alu_in_reg[expon][3]/C
Low Pulse Width   Slow    FDRE/C    n/a            0.275         1.500       1.225      SLICE_X48Y146     alu_in_reg[expon][4]/C
Low Pulse Width   Fast    FDRE/C    n/a            0.275         1.500       1.225      SLICE_X48Y146     alu_in_reg[expon][4]/C
High Pulse Width  Slow    FDRE/C    n/a            0.275         1.500       1.225      SLICE_X49Y145     alu_in_reg[expon][0]/C
High Pulse Width  Fast    FDRE/C    n/a            0.275         1.500       1.225      SLICE_X49Y145     alu_in_reg[expon][0]/C
High Pulse Width  Slow    FDRE/C    n/a            0.275         1.500       1.225      SLICE_X48Y146     alu_in_reg[expon][1]/C
High Pulse Width  Fast    FDRE/C    n/a            0.275         1.500       1.225      SLICE_X48Y146     alu_in_reg[expon][1]/C
High Pulse Width  Slow    FDRE/C    n/a            0.275         1.500       1.225      SLICE_X47Y146     alu_in_reg[expon][2]/C
High Pulse Width  Fast    FDRE/C    n/a            0.275         1.500       1.225      SLICE_X47Y146     alu_in_reg[expon][2]/C
High Pulse Width  Slow    FDRE/C    n/a            0.275         1.500       1.225      SLICE_X47Y146     alu_in_reg[expon][3]/C
High Pulse Width  Fast    FDRE/C    n/a            0.275         1.500       1.225      SLICE_X47Y146     alu_in_reg[expon][3]/C
High Pulse Width  Slow    FDRE/C    n/a            0.275         1.500       1.225      SLICE_X48Y146     alu_in_reg[expon][4]/C
High Pulse Width  Fast    FDRE/C    n/a            0.275         1.500       1.225      SLICE_X48Y146     alu_in_reg[expon][4]/C



--------------------------------------------------------------------------------------
Path Group:  (none)
From Clock:  clk
  To Clock:  

Max Delay            23 Endpoints
Min Delay            23 Endpoints
--------------------------------------------------------------------------------------


Max Delay Paths
--------------------------------------------------------------------------------------
Slack:                    inf
  Source:                 alu_in_reg[frac][1]/C
                            (rising edge-triggered cell FDRE clocked by clk  {rise@0.000ns fall@1.500ns period=3.000ns})
  Destination:            alu_in[frac][1]
                            (output port)
  Path Group:             (none)
  Path Type:              Max at Slow Process Corner
  Data Path Delay:        2.304ns  (logic 0.946ns (41.066%)  route 1.358ns (58.933%))
  Logic Levels:           1  (OBUF=1)
  Clock Uncertainty:      0.025ns  ((TSJ^2 + TIJ^2)^1/2 + DJ) / 2 + PE
    Total System Jitter     (TSJ):    0.050ns
    Total Input Jitter      (TIJ):    0.000ns
    Discrete Jitter          (DJ):    0.000ns
    Phase Error              (PE):    0.000ns
  Clock Net Delay (Source):      1.419ns (routing 0.623ns, distribution 0.796ns)

    Location             Delay type                Incr(ns)  Path(ns)    Netlist Resource(s)
  -------------------------------------------------------------------    -------------------
                         (clock clk rise edge)        0.000     0.000 r  <hidden>
    E14                                               0.000     0.000 r  clk
                         net (fo=0)                   0.000     0.000    clk_IBUF_inst/I
    E14                  INBUF (Prop_INBUF_HDIOB_M_PAD_O)
                                                      1.238     1.238 r  clk_IBUF_inst/INBUF_INST/O
                         net (fo=1, routed)           0.000     1.238    clk_IBUF_inst/OUT
    E14                  IBUFCTRL (Prop_IBUFCTRL_HDIOB_M_I_O)
                                                      0.000     1.238 r  clk_IBUF_inst/IBUFCTRL_INST/O
                         net (fo=1, routed)           0.204     1.442    clk_IBUF
    BUFGCE_HDIO_X1Y4     BUFGCE (Prop_BUFCE_BUFGCE_HDIO_I_O)
                                                      0.028     1.470 r  clk_IBUF_BUFG_inst/O
    X1Y2 (CLOCK_ROOT)    net (fo=39, routed)          1.419     2.889    clk_IBUF_BUFG
    SLICE_X48Y145        FDRE                                         r  alu_in_reg[frac][1]/C
  -------------------------------------------------------------------    -------------------
    SLICE_X48Y145        FDRE (Prop_EFF_SLICEL_C_Q)
                                                      0.079     2.968 r  alu_in_reg[frac][1]/Q
                         net (fo=1, routed)           1.358     4.326    alu_in[frac]_OBUF[1]
    F6                   OBUF (Prop_OUTBUF_HPIOB_S_I_O)
                                                      0.867     5.193 r  alu_in[frac][1]_INST_0/O
                         net (fo=0)                   0.000     5.193    alu_in[frac][1]
    F6                                                                r  alu_in[frac][1]
  -------------------------------------------------------------------    -------------------

Slack:                    inf
  Source:                 alu_in_reg[frac][4]/C
                            (rising edge-triggered cell FDRE clocked by clk  {rise@0.000ns fall@1.500ns period=3.000ns})
  Destination:            alu_in[frac][4]
                            (output port)
  Path Group:             (none)
  Path Type:              Max at Slow Process Corner
  Data Path Delay:        2.252ns  (logic 0.958ns (42.550%)  route 1.294ns (57.450%))
  Logic Levels:           1  (OBUF=1)
  Clock Uncertainty:      0.025ns  ((TSJ^2 + TIJ^2)^1/2 + DJ) / 2 + PE
    Total System Jitter     (TSJ):    0.050ns
    Total Input Jitter      (TIJ):    0.000ns
    Discrete Jitter          (DJ):    0.000ns
    Phase Error              (PE):    0.000ns
  Clock Net Delay (Source):      1.434ns (routing 0.623ns, distribution 0.811ns)

    Location             Delay type                Incr(ns)  Path(ns)    Netlist Resource(s)
  -------------------------------------------------------------------    -------------------
                         (clock clk rise edge)        0.000     0.000 r  <hidden>
    E14                                               0.000     0.000 r  clk
                         net (fo=0)                   0.000     0.000    clk_IBUF_inst/I
    E14                  INBUF (Prop_INBUF_HDIOB_M_PAD_O)
                                                      1.238     1.238 r  clk_IBUF_inst/INBUF_INST/O
                         net (fo=1, routed)           0.000     1.238    clk_IBUF_inst/OUT
    E14                  IBUFCTRL (Prop_IBUFCTRL_HDIOB_M_I_O)
                                                      0.000     1.238 r  clk_IBUF_inst/IBUFCTRL_INST/O
                         net (fo=1, routed)           0.204     1.442    clk_IBUF
    BUFGCE_HDIO_X1Y4     BUFGCE (Prop_BUFCE_BUFGCE_HDIO_I_O)
                                                      0.028     1.470 r  clk_IBUF_BUFG_inst/O
    X1Y2 (CLOCK_ROOT)    net (fo=39, routed)          1.434     2.904    clk_IBUF_BUFG
    SLICE_X49Y146        FDRE                                         r  alu_in_reg[frac][4]/C
  -------------------------------------------------------------------    -------------------
    SLICE_X49Y146        FDRE (Prop_FFF2_SLICEM_C_Q)
                                                      0.079     2.983 r  alu_in_reg[frac][4]/Q
                         net (fo=1, routed)           1.294     4.277    alu_in[frac]_OBUF[4]
    D7                   OBUF (Prop_OUTBUF_HPIOB_M_I_O)
                                                      0.879     5.157 r  alu_in[frac][4]_INST_0/O
                         net (fo=0)                   0.000     5.157    alu_in[frac][4]
    D7                                                                r  alu_in[frac][4]
  -------------------------------------------------------------------    -------------------

Slack:                    inf
  Source:                 alu_in_reg[frac][5]/C
                            (rising edge-triggered cell FDRE clocked by clk  {rise@0.000ns fall@1.500ns period=3.000ns})
  Destination:            alu_in[frac][5]
                            (output port)
  Path Group:             (none)
  Path Type:              Max at Slow Process Corner
  Data Path Delay:        2.249ns  (logic 0.958ns (42.587%)  route 1.291ns (57.413%))
  Logic Levels:           1  (OBUF=1)
  Clock Uncertainty:      0.025ns  ((TSJ^2 + TIJ^2)^1/2 + DJ) / 2 + PE
    Total System Jitter     (TSJ):    0.050ns
    Total Input Jitter      (TIJ):    0.000ns
    Discrete Jitter          (DJ):    0.000ns
    Phase Error              (PE):    0.000ns
  Clock Net Delay (Source):      1.434ns (routing 0.623ns, distribution 0.811ns)

    Location             Delay type                Incr(ns)  Path(ns)    Netlist Resource(s)
  -------------------------------------------------------------------    -------------------
                         (clock clk rise edge)        0.000     0.000 r  <hidden>
    E14                                               0.000     0.000 r  clk
                         net (fo=0)                   0.000     0.000    clk_IBUF_inst/I
    E14                  INBUF (Prop_INBUF_HDIOB_M_PAD_O)
                                                      1.238     1.238 r  clk_IBUF_inst/INBUF_INST/O
                         net (fo=1, routed)           0.000     1.238    clk_IBUF_inst/OUT
    E14                  IBUFCTRL (Prop_IBUFCTRL_HDIOB_M_I_O)
                                                      0.000     1.238 r  clk_IBUF_inst/IBUFCTRL_INST/O
                         net (fo=1, routed)           0.204     1.442    clk_IBUF
    BUFGCE_HDIO_X1Y4     BUFGCE (Prop_BUFCE_BUFGCE_HDIO_I_O)
                                                      0.028     1.470 r  clk_IBUF_BUFG_inst/O
    X1Y2 (CLOCK_ROOT)    net (fo=39, routed)          1.434     2.904    clk_IBUF_BUFG
    SLICE_X49Y146        FDRE                                         r  alu_in_reg[frac][5]/C
  -------------------------------------------------------------------    -------------------
    SLICE_X49Y146        FDRE (Prop_GFF_SLICEM_C_Q)
                                                      0.078     2.982 r  alu_in_reg[frac][5]/Q
                         net (fo=1, routed)           1.291     4.273    alu_in[frac]_OBUF[5]
    C6                   OBUF (Prop_OUTBUF_HPIOB_S_I_O)
                                                      0.880     5.153 r  alu_in[frac][5]_INST_0/O
                         net (fo=0)                   0.000     5.153    alu_in[frac][5]
    C6                                                                r  alu_in[frac][5]
  -------------------------------------------------------------------    -------------------

Slack:                    inf
  Source:                 alu_in_reg[frac][2]/C
                            (rising edge-triggered cell FDRE clocked by clk  {rise@0.000ns fall@1.500ns period=3.000ns})
  Destination:            alu_in[frac][2]
                            (output port)
  Path Group:             (none)
  Path Type:              Max at Slow Process Corner
  Data Path Delay:        2.233ns  (logic 0.948ns (42.466%)  route 1.285ns (57.534%))
  Logic Levels:           1  (OBUF=1)
  Clock Uncertainty:      0.025ns  ((TSJ^2 + TIJ^2)^1/2 + DJ) / 2 + PE
    Total System Jitter     (TSJ):    0.050ns
    Total Input Jitter      (TIJ):    0.000ns
    Discrete Jitter          (DJ):    0.000ns
    Phase Error              (PE):    0.000ns
  Clock Net Delay (Source):      1.434ns (routing 0.623ns, distribution 0.811ns)

    Location             Delay type                Incr(ns)  Path(ns)    Netlist Resource(s)
  -------------------------------------------------------------------    -------------------
                         (clock clk rise edge)        0.000     0.000 r  <hidden>
    E14                                               0.000     0.000 r  clk
                         net (fo=0)                   0.000     0.000    clk_IBUF_inst/I
    E14                  INBUF (Prop_INBUF_HDIOB_M_PAD_O)
                                                      1.238     1.238 r  clk_IBUF_inst/INBUF_INST/O
                         net (fo=1, routed)           0.000     1.238    clk_IBUF_inst/OUT
    E14                  IBUFCTRL (Prop_IBUFCTRL_HDIOB_M_I_O)
                                                      0.000     1.238 r  clk_IBUF_inst/IBUFCTRL_INST/O
                         net (fo=1, routed)           0.204     1.442    clk_IBUF
    BUFGCE_HDIO_X1Y4     BUFGCE (Prop_BUFCE_BUFGCE_HDIO_I_O)
                                                      0.028     1.470 r  clk_IBUF_BUFG_inst/O
    X1Y2 (CLOCK_ROOT)    net (fo=39, routed)          1.434     2.904    clk_IBUF_BUFG
    SLICE_X49Y146        FDRE                                         r  alu_in_reg[frac][2]/C
  -------------------------------------------------------------------    -------------------
    SLICE_X49Y146        FDRE (Prop_EFF2_SLICEM_C_Q)
                                                      0.079     2.983 r  alu_in_reg[frac][2]/Q
                         net (fo=1, routed)           1.285     4.268    alu_in[frac]_OBUF[2]
    E7                   OBUF (Prop_OUTBUF_HPIOB_M_I_O)
                                                      0.869     5.138 r  alu_in[frac][2]_INST_0/O
                         net (fo=0)                   0.000     5.138    alu_in[frac][2]
    E7                                                                r  alu_in[frac][2]
  -------------------------------------------------------------------    -------------------

Slack:                    inf
  Source:                 alu_in_reg[frac][10]/C
                            (rising edge-triggered cell FDRE clocked by clk  {rise@0.000ns fall@1.500ns period=3.000ns})
  Destination:            alu_in[frac][10]
                            (output port)
  Path Group:             (none)
  Path Type:              Max at Slow Process Corner
  Data Path Delay:        2.206ns  (logic 0.969ns (43.933%)  route 1.237ns (56.067%))
  Logic Levels:           1  (OBUF=1)
  Clock Uncertainty:      0.025ns  ((TSJ^2 + TIJ^2)^1/2 + DJ) / 2 + PE
    Total System Jitter     (TSJ):    0.050ns
    Total Input Jitter      (TIJ):    0.000ns
    Discrete Jitter          (DJ):    0.000ns
    Phase Error              (PE):    0.000ns
  Clock Net Delay (Source):      1.440ns (routing 0.623ns, distribution 0.817ns)

    Location             Delay type                Incr(ns)  Path(ns)    Netlist Resource(s)
  -------------------------------------------------------------------    -------------------
                         (clock clk rise edge)        0.000     0.000 r  <hidden>
    E14                                               0.000     0.000 r  clk
                         net (fo=0)                   0.000     0.000    clk_IBUF_inst/I
    E14                  INBUF (Prop_INBUF_HDIOB_M_PAD_O)
                                                      1.238     1.238 r  clk_IBUF_inst/INBUF_INST/O
                         net (fo=1, routed)           0.000     1.238    clk_IBUF_inst/OUT
    E14                  IBUFCTRL (Prop_IBUFCTRL_HDIOB_M_I_O)
                                                      0.000     1.238 r  clk_IBUF_inst/IBUFCTRL_INST/O
                         net (fo=1, routed)           0.204     1.442    clk_IBUF
    BUFGCE_HDIO_X1Y4     BUFGCE (Prop_BUFCE_BUFGCE_HDIO_I_O)
                                                      0.028     1.470 r  clk_IBUF_BUFG_inst/O
    X1Y2 (CLOCK_ROOT)    net (fo=39, routed)          1.440     2.910    clk_IBUF_BUFG
    SLICE_X48Y146        FDRE                                         r  alu_in_reg[frac][10]/C
  -------------------------------------------------------------------    -------------------
    SLICE_X48Y146        FDRE (Prop_GFF_SLICEL_C_Q)
                                                      0.079     2.989 r  alu_in_reg[frac][10]/Q
                         net (fo=1, routed)           1.237     4.226    alu_in[frac]_OBUF[10]
    A6                   OBUF (Prop_OUTBUF_HPIOB_M_I_O)
                                                      0.890     5.116 r  alu_in[frac][10]_INST_0/O
                         net (fo=0)                   0.000     5.116    alu_in[frac][10]
    A6                                                                r  alu_in[frac][10]
  -------------------------------------------------------------------    -------------------

Slack:                    inf
  Source:                 alu_in_reg[frac][3]/C
                            (rising edge-triggered cell FDRE clocked by clk  {rise@0.000ns fall@1.500ns period=3.000ns})
  Destination:            alu_in[frac][3]
                            (output port)
  Path Group:             (none)
  Path Type:              Max at Slow Process Corner
  Data Path Delay:        2.199ns  (logic 0.944ns (42.940%)  route 1.255ns (57.060%))
  Logic Levels:           1  (OBUF=1)
  Clock Uncertainty:      0.025ns  ((TSJ^2 + TIJ^2)^1/2 + DJ) / 2 + PE
    Total System Jitter     (TSJ):    0.050ns
    Total Input Jitter      (TIJ):    0.000ns
    Discrete Jitter          (DJ):    0.000ns
    Phase Error              (PE):    0.000ns
  Clock Net Delay (Source):      1.434ns (routing 0.623ns, distribution 0.811ns)

    Location             Delay type                Incr(ns)  Path(ns)    Netlist Resource(s)
  -------------------------------------------------------------------    -------------------
                         (clock clk rise edge)        0.000     0.000 r  <hidden>
    E14                                               0.000     0.000 r  clk
                         net (fo=0)                   0.000     0.000    clk_IBUF_inst/I
    E14                  INBUF (Prop_INBUF_HDIOB_M_PAD_O)
                                                      1.238     1.238 r  clk_IBUF_inst/INBUF_INST/O
                         net (fo=1, routed)           0.000     1.238    clk_IBUF_inst/OUT
    E14                  IBUFCTRL (Prop_IBUFCTRL_HDIOB_M_I_O)
                                                      0.000     1.238 r  clk_IBUF_inst/IBUFCTRL_INST/O
                         net (fo=1, routed)           0.204     1.442    clk_IBUF
    BUFGCE_HDIO_X1Y4     BUFGCE (Prop_BUFCE_BUFGCE_HDIO_I_O)
                                                      0.028     1.470 r  clk_IBUF_BUFG_inst/O
    X1Y2 (CLOCK_ROOT)    net (fo=39, routed)          1.434     2.904    clk_IBUF_BUFG
    SLICE_X49Y146        FDRE                                         r  alu_in_reg[frac][3]/C
  -------------------------------------------------------------------    -------------------
    SLICE_X49Y146        FDRE (Prop_FFF_SLICEM_C_Q)
                                                      0.076     2.980 r  alu_in_reg[frac][3]/Q
                         net (fo=1, routed)           1.255     4.235    alu_in[frac]_OBUF[3]
    D6                   OBUF (Prop_OUTBUF_HPIOB_S_I_O)
                                                      0.868     5.104 r  alu_in[frac][3]_INST_0/O
                         net (fo=0)                   0.000     5.104    alu_in[frac][3]
    D6                                                                r  alu_in[frac][3]
  -------------------------------------------------------------------    -------------------

Slack:                    inf
  Source:                 alu_in_reg[frac][8]/C
                            (rising edge-triggered cell FDRE clocked by clk  {rise@0.000ns fall@1.500ns period=3.000ns})
  Destination:            alu_in[frac][8]
                            (output port)
  Path Group:             (none)
  Path Type:              Max at Slow Process Corner
  Data Path Delay:        2.192ns  (logic 0.966ns (44.076%)  route 1.226ns (55.924%))
  Logic Levels:           1  (OBUF=1)
  Clock Uncertainty:      0.025ns  ((TSJ^2 + TIJ^2)^1/2 + DJ) / 2 + PE
    Total System Jitter     (TSJ):    0.050ns
    Total Input Jitter      (TIJ):    0.000ns
    Discrete Jitter          (DJ):    0.000ns
    Phase Error              (PE):    0.000ns
  Clock Net Delay (Source):      1.434ns (routing 0.623ns, distribution 0.811ns)

    Location             Delay type                Incr(ns)  Path(ns)    Netlist Resource(s)
  -------------------------------------------------------------------    -------------------
                         (clock clk rise edge)        0.000     0.000 r  <hidden>
    E14                                               0.000     0.000 r  clk
                         net (fo=0)                   0.000     0.000    clk_IBUF_inst/I
    E14                  INBUF (Prop_INBUF_HDIOB_M_PAD_O)
                                                      1.238     1.238 r  clk_IBUF_inst/INBUF_INST/O
                         net (fo=1, routed)           0.000     1.238    clk_IBUF_inst/OUT
    E14                  IBUFCTRL (Prop_IBUFCTRL_HDIOB_M_I_O)
                                                      0.000     1.238 r  clk_IBUF_inst/IBUFCTRL_INST/O
                         net (fo=1, routed)           0.204     1.442    clk_IBUF
    BUFGCE_HDIO_X1Y4     BUFGCE (Prop_BUFCE_BUFGCE_HDIO_I_O)
                                                      0.028     1.470 r  clk_IBUF_BUFG_inst/O
    X1Y2 (CLOCK_ROOT)    net (fo=39, routed)          1.434     2.904    clk_IBUF_BUFG
    SLICE_X49Y146        FDRE                                         r  alu_in_reg[frac][8]/C
  -------------------------------------------------------------------    -------------------
    SLICE_X49Y146        FDRE (Prop_HFF_SLICEM_C_Q)
                                                      0.079     2.983 r  alu_in_reg[frac][8]/Q
                         net (fo=1, routed)           1.226     4.209    alu_in[frac]_OBUF[8]
    B6                   OBUF (Prop_OUTBUF_HPIOB_M_I_O)
                                                      0.887     5.097 r  alu_in[frac][8]_INST_0/O
                         net (fo=0)                   0.000     5.097    alu_in[frac][8]
    B6                                                                r  alu_in[frac][8]
  -------------------------------------------------------------------    -------------------

Slack:                    inf
  Source:                 alu_in_reg[frac][9]/C
                            (rising edge-triggered cell FDRE clocked by clk  {rise@0.000ns fall@1.500ns period=3.000ns})
  Destination:            alu_in[frac][9]
                            (output port)
  Path Group:             (none)
  Path Type:              Max at Slow Process Corner
  Data Path Delay:        2.190ns  (logic 0.961ns (43.884%)  route 1.229ns (56.116%))
  Logic Levels:           1  (OBUF=1)
  Clock Uncertainty:      0.025ns  ((TSJ^2 + TIJ^2)^1/2 + DJ) / 2 + PE
    Total System Jitter     (TSJ):    0.050ns
    Total Input Jitter      (TIJ):    0.000ns
    Discrete Jitter          (DJ):    0.000ns
    Phase Error              (PE):    0.000ns
  Clock Net Delay (Source):      1.434ns (routing 0.623ns, distribution 0.811ns)

    Location             Delay type                Incr(ns)  Path(ns)    Netlist Resource(s)
  -------------------------------------------------------------------    -------------------
                         (clock clk rise edge)        0.000     0.000 r  <hidden>
    E14                                               0.000     0.000 r  clk
                         net (fo=0)                   0.000     0.000    clk_IBUF_inst/I
    E14                  INBUF (Prop_INBUF_HDIOB_M_PAD_O)
                                                      1.238     1.238 r  clk_IBUF_inst/INBUF_INST/O
                         net (fo=1, routed)           0.000     1.238    clk_IBUF_inst/OUT
    E14                  IBUFCTRL (Prop_IBUFCTRL_HDIOB_M_I_O)
                                                      0.000     1.238 r  clk_IBUF_inst/IBUFCTRL_INST/O
                         net (fo=1, routed)           0.204     1.442    clk_IBUF
    BUFGCE_HDIO_X1Y4     BUFGCE (Prop_BUFCE_BUFGCE_HDIO_I_O)
                                                      0.028     1.470 r  clk_IBUF_BUFG_inst/O
    X1Y2 (CLOCK_ROOT)    net (fo=39, routed)          1.434     2.904    clk_IBUF_BUFG
    SLICE_X49Y146        FDRE                                         r  alu_in_reg[frac][9]/C
  -------------------------------------------------------------------    -------------------
    SLICE_X49Y146        FDRE (Prop_HFF2_SLICEM_C_Q)
                                                      0.078     2.982 r  alu_in_reg[frac][9]/Q
                         net (fo=1, routed)           1.229     4.211    alu_in[frac]_OBUF[9]
    B5                   OBUF (Prop_OUTBUF_HPIOB_S_I_O)
                                                      0.883     5.095 r  alu_in[frac][9]_INST_0/O
                         net (fo=0)                   0.000     5.095    alu_in[frac][9]
    B5                                                                r  alu_in[frac][9]
  -------------------------------------------------------------------    -------------------

Slack:                    inf
  Source:                 alu_in_reg[frac][11]/C
                            (rising edge-triggered cell FDRE clocked by clk  {rise@0.000ns fall@1.500ns period=3.000ns})
  Destination:            alu_in[frac][11]
                            (output port)
  Path Group:             (none)
  Path Type:              Max at Slow Process Corner
  Data Path Delay:        2.186ns  (logic 0.967ns (44.235%)  route 1.219ns (55.765%))
  Logic Levels:           1  (OBUF=1)
  Clock Uncertainty:      0.025ns  ((TSJ^2 + TIJ^2)^1/2 + DJ) / 2 + PE
    Total System Jitter     (TSJ):    0.050ns
    Total Input Jitter      (TIJ):    0.000ns
    Discrete Jitter          (DJ):    0.000ns
    Phase Error              (PE):    0.000ns
  Clock Net Delay (Source):      1.434ns (routing 0.623ns, distribution 0.811ns)

    Location             Delay type                Incr(ns)  Path(ns)    Netlist Resource(s)
  -------------------------------------------------------------------    -------------------
                         (clock clk rise edge)        0.000     0.000 r  <hidden>
    E14                                               0.000     0.000 r  clk
                         net (fo=0)                   0.000     0.000    clk_IBUF_inst/I
    E14                  INBUF (Prop_INBUF_HDIOB_M_PAD_O)
                                                      1.238     1.238 r  clk_IBUF_inst/INBUF_INST/O
                         net (fo=1, routed)           0.000     1.238    clk_IBUF_inst/OUT
    E14                  IBUFCTRL (Prop_IBUFCTRL_HDIOB_M_I_O)
                                                      0.000     1.238 r  clk_IBUF_inst/IBUFCTRL_INST/O
                         net (fo=1, routed)           0.204     1.442    clk_IBUF
    BUFGCE_HDIO_X1Y4     BUFGCE (Prop_BUFCE_BUFGCE_HDIO_I_O)
                                                      0.028     1.470 r  clk_IBUF_BUFG_inst/O
    X1Y2 (CLOCK_ROOT)    net (fo=39, routed)          1.434     2.904    clk_IBUF_BUFG
    SLICE_X49Y146        FDRE                                         r  alu_in_reg[frac][11]/C
  -------------------------------------------------------------------    -------------------
    SLICE_X49Y146        FDRE (Prop_EFF_SLICEM_C_Q)
                                                      0.076     2.980 r  alu_in_reg[frac][11]/Q
                         net (fo=1, routed)           1.219     4.199    alu_in[frac]_OBUF[11]
    A5                   OBUF (Prop_OUTBUF_HPIOB_S_I_O)
                                                      0.891     5.090 r  alu_in[frac][11]_INST_0/O
                         net (fo=0)                   0.000     5.090    alu_in[frac][11]
    A5                                                                r  alu_in[frac][11]
  -------------------------------------------------------------------    -------------------

Slack:                    inf
  Source:                 alu_in_reg[frac][7]/C
                            (rising edge-triggered cell FDRE clocked by clk  {rise@0.000ns fall@1.500ns period=3.000ns})
  Destination:            alu_in[frac][7]
                            (output port)
  Path Group:             (none)
  Path Type:              Max at Slow Process Corner
  Data Path Delay:        2.173ns  (logic 0.947ns (43.580%)  route 1.226ns (56.420%))
  Logic Levels:           1  (OBUF=1)
  Clock Uncertainty:      0.025ns  ((TSJ^2 + TIJ^2)^1/2 + DJ) / 2 + PE
    Total System Jitter     (TSJ):    0.050ns
    Total Input Jitter      (TIJ):    0.000ns
    Discrete Jitter          (DJ):    0.000ns
    Phase Error              (PE):    0.000ns
  Clock Net Delay (Source):      1.440ns (routing 0.623ns, distribution 0.817ns)

    Location             Delay type                Incr(ns)  Path(ns)    Netlist Resource(s)
  -------------------------------------------------------------------    -------------------
                         (clock clk rise edge)        0.000     0.000 r  <hidden>
    E14                                               0.000     0.000 r  clk
                         net (fo=0)                   0.000     0.000    clk_IBUF_inst/I
    E14                  INBUF (Prop_INBUF_HDIOB_M_PAD_O)
                                                      1.238     1.238 r  clk_IBUF_inst/INBUF_INST/O
                         net (fo=1, routed)           0.000     1.238    clk_IBUF_inst/OUT
    E14                  IBUFCTRL (Prop_IBUFCTRL_HDIOB_M_I_O)
                                                      0.000     1.238 r  clk_IBUF_inst/IBUFCTRL_INST/O
                         net (fo=1, routed)           0.204     1.442    clk_IBUF
    BUFGCE_HDIO_X1Y4     BUFGCE (Prop_BUFCE_BUFGCE_HDIO_I_O)
                                                      0.028     1.470 r  clk_IBUF_BUFG_inst/O
    X1Y2 (CLOCK_ROOT)    net (fo=39, routed)          1.440     2.910    clk_IBUF_BUFG
    SLICE_X48Y146        FDRE                                         r  alu_in_reg[frac][7]/C
  -------------------------------------------------------------------    -------------------
    SLICE_X48Y146        FDRE (Prop_GFF2_SLICEL_C_Q)
                                                      0.081     2.991 r  alu_in_reg[frac][7]/Q
                         net (fo=1, routed)           1.226     4.217    alu_in[frac]_OBUF[7]
    D4                   OBUF (Prop_OUTBUF_HPIOB_S_I_O)
                                                      0.866     5.083 r  alu_in[frac][7]_INST_0/O
                         net (fo=0)                   0.000     5.083    alu_in[frac][7]
    D4                                                                r  alu_in[frac][7]
  -------------------------------------------------------------------    -------------------





Min Delay Paths
--------------------------------------------------------------------------------------
Slack:                    inf
  Source:                 alu_in_reg[expon][9]/C
                            (rising edge-triggered cell FDRE clocked by clk  {rise@0.000ns fall@1.500ns period=3.000ns})
  Destination:            alu_in[expon][9]
                            (output port)
  Path Group:             (none)
  Path Type:              Min at Fast Process Corner
  Data Path Delay:        0.843ns  (logic 0.401ns (47.546%)  route 0.442ns (52.454%))
  Logic Levels:           1  (OBUF=1)
  Clock Uncertainty:      0.025ns  ((TSJ^2 + TIJ^2)^1/2 + DJ) / 2 + PE
    Total System Jitter     (TSJ):    0.050ns
    Total Input Jitter      (TIJ):    0.000ns
    Discrete Jitter          (DJ):    0.000ns
    Phase Error              (PE):    0.000ns
  Clock Net Delay (Source):      0.792ns (routing 0.339ns, distribution 0.453ns)

    Location             Delay type                Incr(ns)  Path(ns)    Netlist Resource(s)
  -------------------------------------------------------------------    -------------------
                         (clock clk rise edge)        0.000     0.000 r  <hidden>
    E14                                               0.000     0.000 r  clk
                         net (fo=0)                   0.000     0.000    clk_IBUF_inst/I
    E14                  INBUF (Prop_INBUF_HDIOB_M_PAD_O)
                                                      0.815     0.815 r  clk_IBUF_inst/INBUF_INST/O
                         net (fo=1, routed)           0.000     0.815    clk_IBUF_inst/OUT
    E14                  IBUFCTRL (Prop_IBUFCTRL_HDIOB_M_I_O)
                                                      0.000     0.815 r  clk_IBUF_inst/IBUFCTRL_INST/O
                         net (fo=1, routed)           0.091     0.906    clk_IBUF
    BUFGCE_HDIO_X1Y4     BUFGCE (Prop_BUFCE_BUFGCE_HDIO_I_O)
                                                      0.017     0.923 r  clk_IBUF_BUFG_inst/O
    X1Y2 (CLOCK_ROOT)    net (fo=39, routed)          0.792     1.715    clk_IBUF_BUFG
    SLICE_X48Y146        FDRE                                         r  alu_in_reg[expon][9]/C
  -------------------------------------------------------------------    -------------------
    SLICE_X48Y146        FDRE (Prop_EFF_SLICEL_C_Q)
                                                      0.039     1.754 r  alu_in_reg[expon][9]/Q
                         net (fo=1, routed)           0.442     2.196    alu_in[expon]_OBUF[5]
    G6                   OBUF (Prop_OUTBUF_HPIOB_M_I_O)
                                                      0.362     2.558 r  alu_in[expon][9]_INST_0/O
                         net (fo=0)                   0.000     2.558    alu_in[expon][9]
    G6                                                                r  alu_in[expon][9]
  -------------------------------------------------------------------    -------------------

Slack:                    inf
  Source:                 alu_in_reg[znan]/C
                            (rising edge-triggered cell FDRE clocked by clk  {rise@0.000ns fall@1.500ns period=3.000ns})
  Destination:            alu_in[znan]
                            (output port)
  Path Group:             (none)
  Path Type:              Min at Fast Process Corner
  Data Path Delay:        0.851ns  (logic 0.414ns (48.663%)  route 0.437ns (51.337%))
  Logic Levels:           1  (OBUF=1)
  Clock Uncertainty:      0.025ns  ((TSJ^2 + TIJ^2)^1/2 + DJ) / 2 + PE
    Total System Jitter     (TSJ):    0.050ns
    Total Input Jitter      (TIJ):    0.000ns
    Discrete Jitter          (DJ):    0.000ns
    Phase Error              (PE):    0.000ns
  Clock Net Delay (Source):      0.793ns (routing 0.339ns, distribution 0.454ns)

    Location             Delay type                Incr(ns)  Path(ns)    Netlist Resource(s)
  -------------------------------------------------------------------    -------------------
                         (clock clk rise edge)        0.000     0.000 r  <hidden>
    E14                                               0.000     0.000 r  clk
                         net (fo=0)                   0.000     0.000    clk_IBUF_inst/I
    E14                  INBUF (Prop_INBUF_HDIOB_M_PAD_O)
                                                      0.815     0.815 r  clk_IBUF_inst/INBUF_INST/O
                         net (fo=1, routed)           0.000     0.815    clk_IBUF_inst/OUT
    E14                  IBUFCTRL (Prop_IBUFCTRL_HDIOB_M_I_O)
                                                      0.000     0.815 r  clk_IBUF_inst/IBUFCTRL_INST/O
                         net (fo=1, routed)           0.091     0.906    clk_IBUF
    BUFGCE_HDIO_X1Y4     BUFGCE (Prop_BUFCE_BUFGCE_HDIO_I_O)
                                                      0.017     0.923 r  clk_IBUF_BUFG_inst/O
    X1Y2 (CLOCK_ROOT)    net (fo=39, routed)          0.793     1.716    clk_IBUF_BUFG
    SLICE_X49Y145        FDRE                                         r  alu_in_reg[znan]/C
  -------------------------------------------------------------------    -------------------
    SLICE_X49Y145        FDRE (Prop_DFF_SLICEM_C_Q)
                                                      0.039     1.755 r  alu_in_reg[znan]/Q
                         net (fo=1, routed)           0.437     2.192    alu_in_reg[znan_n_0_]
    E4                   OBUF (Prop_OUTBUF_HPIOB_M_I_O)
                                                      0.375     2.567 r  alu_in[znan]_INST_0/O
                         net (fo=0)                   0.000     2.567    alu_in[znan]
    E4                                                                r  alu_in[znan]
  -------------------------------------------------------------------    -------------------

Slack:                    inf
  Source:                 alu_in_reg[expon][0]/C
                            (rising edge-triggered cell FDRE clocked by clk  {rise@0.000ns fall@1.500ns period=3.000ns})
  Destination:            alu_in[expon][0]
                            (output port)
  Path Group:             (none)
  Path Type:              Min at Fast Process Corner
  Data Path Delay:        0.854ns  (logic 0.373ns (43.683%)  route 0.481ns (56.317%))
  Logic Levels:           1  (OBUF=1)
  Clock Uncertainty:      0.025ns  ((TSJ^2 + TIJ^2)^1/2 + DJ) / 2 + PE
    Total System Jitter     (TSJ):    0.050ns
    Total Input Jitter      (TIJ):    0.000ns
    Discrete Jitter          (DJ):    0.000ns
    Phase Error              (PE):    0.000ns
  Clock Net Delay (Source):      0.793ns (routing 0.339ns, distribution 0.454ns)

    Location             Delay type                Incr(ns)  Path(ns)    Netlist Resource(s)
  -------------------------------------------------------------------    -------------------
                         (clock clk rise edge)        0.000     0.000 r  <hidden>
    E14                                               0.000     0.000 r  clk
                         net (fo=0)                   0.000     0.000    clk_IBUF_inst/I
    E14                  INBUF (Prop_INBUF_HDIOB_M_PAD_O)
                                                      0.815     0.815 r  clk_IBUF_inst/INBUF_INST/O
                         net (fo=1, routed)           0.000     0.815    clk_IBUF_inst/OUT
    E14                  IBUFCTRL (Prop_IBUFCTRL_HDIOB_M_I_O)
                                                      0.000     0.815 r  clk_IBUF_inst/IBUFCTRL_INST/O
                         net (fo=1, routed)           0.091     0.906    clk_IBUF
    BUFGCE_HDIO_X1Y4     BUFGCE (Prop_BUFCE_BUFGCE_HDIO_I_O)
                                                      0.017     0.923 r  clk_IBUF_BUFG_inst/O
    X1Y2 (CLOCK_ROOT)    net (fo=39, routed)          0.793     1.716    clk_IBUF_BUFG
    SLICE_X49Y145        FDRE                                         r  alu_in_reg[expon][0]/C
  -------------------------------------------------------------------    -------------------
    SLICE_X49Y145        FDRE (Prop_BFF_SLICEM_C_Q)
                                                      0.038     1.754 r  alu_in_reg[expon][0]/Q
                         net (fo=1, routed)           0.481     2.235    alu_in[expon]_OBUF[0]
    K5                   OBUF (Prop_OUTBUF_HPIOB_S_I_O)
                                                      0.335     2.570 r  alu_in[expon][0]_INST_0/O
                         net (fo=0)                   0.000     2.570    alu_in[expon][0]
    K5                                                                r  alu_in[expon][0]
  -------------------------------------------------------------------    -------------------

Slack:                    inf
  Source:                 alu_in_reg[expon][4]/C
                            (rising edge-triggered cell FDRE clocked by clk  {rise@0.000ns fall@1.500ns period=3.000ns})
  Destination:            alu_in[expon][4]
                            (output port)
  Path Group:             (none)
  Path Type:              Min at Fast Process Corner
  Data Path Delay:        0.866ns  (logic 0.384ns (44.356%)  route 0.482ns (55.644%))
  Logic Levels:           1  (OBUF=1)
  Clock Uncertainty:      0.025ns  ((TSJ^2 + TIJ^2)^1/2 + DJ) / 2 + PE
    Total System Jitter     (TSJ):    0.050ns
    Total Input Jitter      (TIJ):    0.000ns
    Discrete Jitter          (DJ):    0.000ns
    Phase Error              (PE):    0.000ns
  Clock Net Delay (Source):      0.789ns (routing 0.339ns, distribution 0.450ns)

    Location             Delay type                Incr(ns)  Path(ns)    Netlist Resource(s)
  -------------------------------------------------------------------    -------------------
                         (clock clk rise edge)        0.000     0.000 r  <hidden>
    E14                                               0.000     0.000 r  clk
                         net (fo=0)                   0.000     0.000    clk_IBUF_inst/I
    E14                  INBUF (Prop_INBUF_HDIOB_M_PAD_O)
                                                      0.815     0.815 r  clk_IBUF_inst/INBUF_INST/O
                         net (fo=1, routed)           0.000     0.815    clk_IBUF_inst/OUT
    E14                  IBUFCTRL (Prop_IBUFCTRL_HDIOB_M_I_O)
                                                      0.000     0.815 r  clk_IBUF_inst/IBUFCTRL_INST/O
                         net (fo=1, routed)           0.091     0.906    clk_IBUF
    BUFGCE_HDIO_X1Y4     BUFGCE (Prop_BUFCE_BUFGCE_HDIO_I_O)
                                                      0.017     0.923 r  clk_IBUF_BUFG_inst/O
    X1Y2 (CLOCK_ROOT)    net (fo=39, routed)          0.789     1.712    clk_IBUF_BUFG
    SLICE_X48Y146        FDRE                                         r  alu_in_reg[expon][4]/C
  -------------------------------------------------------------------    -------------------
    SLICE_X48Y146        FDRE (Prop_DFF_SLICEL_C_Q)
                                                      0.039     1.751 r  alu_in_reg[expon][4]/Q
                         net (fo=1, routed)           0.482     2.233    alu_in[expon]_OBUF[4]
    H4                   OBUF (Prop_OUTBUF_HPIOB_S_I_O)
                                                      0.345     2.579 r  alu_in[expon][4]_INST_0/O
                         net (fo=0)                   0.000     2.579    alu_in[expon][4]
    H4                                                                r  alu_in[expon][4]
  -------------------------------------------------------------------    -------------------

Slack:                    inf
  Source:                 alu_in_reg[sign]/C
                            (rising edge-triggered cell FDRE clocked by clk  {rise@0.000ns fall@1.500ns period=3.000ns})
  Destination:            alu_in[sign]
                            (output port)
  Path Group:             (none)
  Path Type:              Min at Fast Process Corner
  Data Path Delay:        0.893ns  (logic 0.400ns (44.874%)  route 0.492ns (55.126%))
  Logic Levels:           1  (OBUF=1)
  Clock Uncertainty:      0.025ns  ((TSJ^2 + TIJ^2)^1/2 + DJ) / 2 + PE
    Total System Jitter     (TSJ):    0.050ns
    Total Input Jitter      (TIJ):    0.000ns
    Discrete Jitter          (DJ):    0.000ns
    Phase Error              (PE):    0.000ns
  Clock Net Delay (Source):      0.783ns (routing 0.339ns, distribution 0.444ns)

    Location             Delay type                Incr(ns)  Path(ns)    Netlist Resource(s)
  -------------------------------------------------------------------    -------------------
                         (clock clk rise edge)        0.000     0.000 r  <hidden>
    E14                                               0.000     0.000 r  clk
                         net (fo=0)                   0.000     0.000    clk_IBUF_inst/I
    E14                  INBUF (Prop_INBUF_HDIOB_M_PAD_O)
                                                      0.815     0.815 r  clk_IBUF_inst/INBUF_INST/O
                         net (fo=1, routed)           0.000     0.815    clk_IBUF_inst/OUT
    E14                  IBUFCTRL (Prop_IBUFCTRL_HDIOB_M_I_O)
                                                      0.000     0.815 r  clk_IBUF_inst/IBUFCTRL_INST/O
                         net (fo=1, routed)           0.091     0.906    clk_IBUF
    BUFGCE_HDIO_X1Y4     BUFGCE (Prop_BUFCE_BUFGCE_HDIO_I_O)
                                                      0.017     0.923 r  clk_IBUF_BUFG_inst/O
    X1Y2 (CLOCK_ROOT)    net (fo=39, routed)          0.783     1.706    clk_IBUF_BUFG
    SLICE_X48Y144        FDRE                                         r  alu_in_reg[sign]/C
  -------------------------------------------------------------------    -------------------
    SLICE_X48Y144        FDRE (Prop_AFF_SLICEL_C_Q)
                                                      0.039     1.745 r  alu_in_reg[sign]/Q
                         net (fo=1, routed)           0.492     2.237    alu_in_reg[sign_n_0_]
    F5                   OBUF (Prop_OUTBUF_HPIOB_S_I_O)
                                                      0.361     2.599 r  alu_in[sign]_INST_0/O
                         net (fo=0)                   0.000     2.599    alu_in[sign]
    F5                                                                r  alu_in[sign]
  -------------------------------------------------------------------    -------------------

Slack:                    inf
  Source:                 alu_in_reg[expon][9]_lopt_replica/C
                            (rising edge-triggered cell FDRE clocked by clk  {rise@0.000ns fall@1.500ns period=3.000ns})
  Destination:            alu_in[expon][5]
                            (output port)
  Path Group:             (none)
  Path Type:              Min at Fast Process Corner
  Data Path Delay:        0.884ns  (logic 0.388ns (43.910%)  route 0.496ns (56.090%))
  Logic Levels:           1  (OBUF=1)
  Clock Uncertainty:      0.025ns  ((TSJ^2 + TIJ^2)^1/2 + DJ) / 2 + PE
    Total System Jitter     (TSJ):    0.050ns
    Total Input Jitter      (TIJ):    0.000ns
    Discrete Jitter          (DJ):    0.000ns
    Phase Error              (PE):    0.000ns
  Clock Net Delay (Source):      0.792ns (routing 0.339ns, distribution 0.453ns)

    Location             Delay type                Incr(ns)  Path(ns)    Netlist Resource(s)
  -------------------------------------------------------------------    -------------------
                         (clock clk rise edge)        0.000     0.000 r  <hidden>
    E14                                               0.000     0.000 r  clk
                         net (fo=0)                   0.000     0.000    clk_IBUF_inst/I
    E14                  INBUF (Prop_INBUF_HDIOB_M_PAD_O)
                                                      0.815     0.815 r  clk_IBUF_inst/INBUF_INST/O
                         net (fo=1, routed)           0.000     0.815    clk_IBUF_inst/OUT
    E14                  IBUFCTRL (Prop_IBUFCTRL_HDIOB_M_I_O)
                                                      0.000     0.815 r  clk_IBUF_inst/IBUFCTRL_INST/O
                         net (fo=1, routed)           0.091     0.906    clk_IBUF
    BUFGCE_HDIO_X1Y4     BUFGCE (Prop_BUFCE_BUFGCE_HDIO_I_O)
                                                      0.017     0.923 r  clk_IBUF_BUFG_inst/O
    X1Y2 (CLOCK_ROOT)    net (fo=39, routed)          0.792     1.715    clk_IBUF_BUFG
    SLICE_X48Y146        FDRE                                         r  alu_in_reg[expon][9]_lopt_replica/C
  -------------------------------------------------------------------    -------------------
    SLICE_X48Y146        FDRE (Prop_EFF2_SLICEL_C_Q)
                                                      0.040     1.755 r  alu_in_reg[expon][9]_lopt_replica/Q
                         net (fo=1, routed)           0.496     2.251    alu_in_reg[expon][9]_lopt_replica_1
    H7                   OBUF (Prop_OUTBUF_HPIOB_M_I_O)
                                                      0.348     2.600 r  alu_in[expon][5]_INST_0/O
                         net (fo=0)                   0.000     2.600    alu_in[expon][5]
    H7                                                                r  alu_in[expon][5]
  -------------------------------------------------------------------    -------------------

Slack:                    inf
  Source:                 alu_in_reg[expon][9]_lopt_replica_3/C
                            (rising edge-triggered cell FDRE clocked by clk  {rise@0.000ns fall@1.500ns period=3.000ns})
  Destination:            alu_in[expon][7]
                            (output port)
  Path Group:             (none)
  Path Type:              Min at Fast Process Corner
  Data Path Delay:        0.885ns  (logic 0.397ns (44.867%)  route 0.488ns (55.133%))
  Logic Levels:           1  (OBUF=1)
  Clock Uncertainty:      0.025ns  ((TSJ^2 + TIJ^2)^1/2 + DJ) / 2 + PE
    Total System Jitter     (TSJ):    0.050ns
    Total Input Jitter      (TIJ):    0.000ns
    Discrete Jitter          (DJ):    0.000ns
    Phase Error              (PE):    0.000ns
  Clock Net Delay (Source):      0.792ns (routing 0.339ns, distribution 0.453ns)

    Location             Delay type                Incr(ns)  Path(ns)    Netlist Resource(s)
  -------------------------------------------------------------------    -------------------
                         (clock clk rise edge)        0.000     0.000 r  <hidden>
    E14                                               0.000     0.000 r  clk
                         net (fo=0)                   0.000     0.000    clk_IBUF_inst/I
    E14                  INBUF (Prop_INBUF_HDIOB_M_PAD_O)
                                                      0.815     0.815 r  clk_IBUF_inst/INBUF_INST/O
                         net (fo=1, routed)           0.000     0.815    clk_IBUF_inst/OUT
    E14                  IBUFCTRL (Prop_IBUFCTRL_HDIOB_M_I_O)
                                                      0.000     0.815 r  clk_IBUF_inst/IBUFCTRL_INST/O
                         net (fo=1, routed)           0.091     0.906    clk_IBUF
    BUFGCE_HDIO_X1Y4     BUFGCE (Prop_BUFCE_BUFGCE_HDIO_I_O)
                                                      0.017     0.923 r  clk_IBUF_BUFG_inst/O
    X1Y2 (CLOCK_ROOT)    net (fo=39, routed)          0.792     1.715    clk_IBUF_BUFG
    SLICE_X48Y146        FDRE                                         r  alu_in_reg[expon][9]_lopt_replica_3/C
  -------------------------------------------------------------------    -------------------
    SLICE_X48Y146        FDRE (Prop_FFF2_SLICEL_C_Q)
                                                      0.040     1.755 r  alu_in_reg[expon][9]_lopt_replica_3/Q
                         net (fo=1, routed)           0.488     2.243    alu_in_reg[expon][9]_lopt_replica_3_1
    G5                   OBUF (Prop_OUTBUF_HPIOB_M_I_O)
                                                      0.357     2.601 r  alu_in[expon][7]_INST_0/O
                         net (fo=0)                   0.000     2.601    alu_in[expon][7]
    G5                                                                r  alu_in[expon][7]
  -------------------------------------------------------------------    -------------------

Slack:                    inf
  Source:                 alu_in_reg[expon][9]_lopt_replica_2/C
                            (rising edge-triggered cell FDRE clocked by clk  {rise@0.000ns fall@1.500ns period=3.000ns})
  Destination:            alu_in[expon][6]
                            (output port)
  Path Group:             (none)
  Path Type:              Min at Fast Process Corner
  Data Path Delay:        0.894ns  (logic 0.378ns (42.307%)  route 0.516ns (57.693%))
  Logic Levels:           1  (OBUF=1)
  Clock Uncertainty:      0.025ns  ((TSJ^2 + TIJ^2)^1/2 + DJ) / 2 + PE
    Total System Jitter     (TSJ):    0.050ns
    Total Input Jitter      (TIJ):    0.000ns
    Discrete Jitter          (DJ):    0.000ns
    Phase Error              (PE):    0.000ns
  Clock Net Delay (Source):      0.792ns (routing 0.339ns, distribution 0.453ns)

    Location             Delay type                Incr(ns)  Path(ns)    Netlist Resource(s)
  -------------------------------------------------------------------    -------------------
                         (clock clk rise edge)        0.000     0.000 r  <hidden>
    E14                                               0.000     0.000 r  clk
                         net (fo=0)                   0.000     0.000    clk_IBUF_inst/I
    E14                  INBUF (Prop_INBUF_HDIOB_M_PAD_O)
                                                      0.815     0.815 r  clk_IBUF_inst/INBUF_INST/O
                         net (fo=1, routed)           0.000     0.815    clk_IBUF_inst/OUT
    E14                  IBUFCTRL (Prop_IBUFCTRL_HDIOB_M_I_O)
                                                      0.000     0.815 r  clk_IBUF_inst/IBUFCTRL_INST/O
                         net (fo=1, routed)           0.091     0.906    clk_IBUF
    BUFGCE_HDIO_X1Y4     BUFGCE (Prop_BUFCE_BUFGCE_HDIO_I_O)
                                                      0.017     0.923 r  clk_IBUF_BUFG_inst/O
    X1Y2 (CLOCK_ROOT)    net (fo=39, routed)          0.792     1.715    clk_IBUF_BUFG
    SLICE_X48Y146        FDRE                                         r  alu_in_reg[expon][9]_lopt_replica_2/C
  -------------------------------------------------------------------    -------------------
    SLICE_X48Y146        FDRE (Prop_FFF_SLICEL_C_Q)
                                                      0.039     1.754 r  alu_in_reg[expon][9]_lopt_replica_2/Q
                         net (fo=1, routed)           0.516     2.270    alu_in_reg[expon][9]_lopt_replica_2_1
    H6                   OBUF (Prop_OUTBUF_HPIOB_S_I_O)
                                                      0.339     2.610 r  alu_in[expon][6]_INST_0/O
                         net (fo=0)                   0.000     2.610    alu_in[expon][6]
    H6                                                                r  alu_in[expon][6]
  -------------------------------------------------------------------    -------------------

Slack:                    inf
  Source:                 alu_in_reg[expon][1]/C
                            (rising edge-triggered cell FDRE clocked by clk  {rise@0.000ns fall@1.500ns period=3.000ns})
  Destination:            alu_in[expon][1]
                            (output port)
  Path Group:             (none)
  Path Type:              Min at Fast Process Corner
  Data Path Delay:        0.901ns  (logic 0.396ns (43.931%)  route 0.505ns (56.069%))
  Logic Levels:           1  (OBUF=1)
  Clock Uncertainty:      0.025ns  ((TSJ^2 + TIJ^2)^1/2 + DJ) / 2 + PE
    Total System Jitter     (TSJ):    0.050ns
    Total Input Jitter      (TIJ):    0.000ns
    Discrete Jitter          (DJ):    0.000ns
    Phase Error              (PE):    0.000ns
  Clock Net Delay (Source):      0.789ns (routing 0.339ns, distribution 0.450ns)

    Location             Delay type                Incr(ns)  Path(ns)    Netlist Resource(s)
  -------------------------------------------------------------------    -------------------
                         (clock clk rise edge)        0.000     0.000 r  <hidden>
    E14                                               0.000     0.000 r  clk
                         net (fo=0)                   0.000     0.000    clk_IBUF_inst/I
    E14                  INBUF (Prop_INBUF_HDIOB_M_PAD_O)
                                                      0.815     0.815 r  clk_IBUF_inst/INBUF_INST/O
                         net (fo=1, routed)           0.000     0.815    clk_IBUF_inst/OUT
    E14                  IBUFCTRL (Prop_IBUFCTRL_HDIOB_M_I_O)
                                                      0.000     0.815 r  clk_IBUF_inst/IBUFCTRL_INST/O
                         net (fo=1, routed)           0.091     0.906    clk_IBUF
    BUFGCE_HDIO_X1Y4     BUFGCE (Prop_BUFCE_BUFGCE_HDIO_I_O)
                                                      0.017     0.923 r  clk_IBUF_BUFG_inst/O
    X1Y2 (CLOCK_ROOT)    net (fo=39, routed)          0.789     1.712    clk_IBUF_BUFG
    SLICE_X48Y146        FDRE                                         r  alu_in_reg[expon][1]/C
  -------------------------------------------------------------------    -------------------
    SLICE_X48Y146        FDRE (Prop_CFF_SLICEL_C_Q)
                                                      0.039     1.751 r  alu_in_reg[expon][1]/Q
                         net (fo=1, routed)           0.505     2.256    alu_in[expon]_OBUF[1]
    L4                   OBUF (Prop_OUTBUF_HPIOB_M_I_O)
                                                      0.357     2.613 r  alu_in[expon][1]_INST_0/O
                         net (fo=0)                   0.000     2.613    alu_in[expon][1]
    L4                                                                r  alu_in[expon][1]
  -------------------------------------------------------------------    -------------------

Slack:                    inf
  Source:                 alu_in_reg[expon][8]/C
                            (rising edge-triggered cell FDRE clocked by clk  {rise@0.000ns fall@1.500ns period=3.000ns})
  Destination:            alu_in[expon][8]
                            (output port)
  Path Group:             (none)
  Path Type:              Min at Fast Process Corner
  Data Path Delay:        0.905ns  (logic 0.395ns (43.661%)  route 0.510ns (56.339%))
  Logic Levels:           1  (OBUF=1)
  Clock Uncertainty:      0.025ns  ((TSJ^2 + TIJ^2)^1/2 + DJ) / 2 + PE
    Total System Jitter     (TSJ):    0.050ns
    Total Input Jitter      (TIJ):    0.000ns
    Discrete Jitter          (DJ):    0.000ns
    Phase Error              (PE):    0.000ns
  Clock Net Delay (Source):      0.789ns (routing 0.339ns, distribution 0.450ns)

    Location             Delay type                Incr(ns)  Path(ns)    Netlist Resource(s)
  -------------------------------------------------------------------    -------------------
                         (clock clk rise edge)        0.000     0.000 r  <hidden>
    E14                                               0.000     0.000 r  clk
                         net (fo=0)                   0.000     0.000    clk_IBUF_inst/I
    E14                  INBUF (Prop_INBUF_HDIOB_M_PAD_O)
                                                      0.815     0.815 r  clk_IBUF_inst/INBUF_INST/O
                         net (fo=1, routed)           0.000     0.815    clk_IBUF_inst/OUT
    E14                  IBUFCTRL (Prop_IBUFCTRL_HDIOB_M_I_O)
                                                      0.000     0.815 r  clk_IBUF_inst/IBUFCTRL_INST/O
                         net (fo=1, routed)           0.091     0.906    clk_IBUF
    BUFGCE_HDIO_X1Y4     BUFGCE (Prop_BUFCE_BUFGCE_HDIO_I_O)
                                                      0.017     0.923 r  clk_IBUF_BUFG_inst/O
    X1Y2 (CLOCK_ROOT)    net (fo=39, routed)          0.789     1.712    clk_IBUF_BUFG
    SLICE_X48Y146        FDRE                                         r  alu_in_reg[expon][8]/C
  -------------------------------------------------------------------    -------------------
    SLICE_X48Y146        FDRE (Prop_AFF_SLICEL_C_Q)
                                                      0.039     1.751 r  alu_in_reg[expon][8]/Q
                         net (fo=1, routed)           0.510     2.261    alu_in[expon]_OBUF[8]
    G4                   OBUF (Prop_OUTBUF_HPIOB_S_I_O)
                                                      0.356     2.618 r  alu_in[expon][8]_INST_0/O
                         net (fo=0)                   0.000     2.618    alu_in[expon][8]
    G4                                                                r  alu_in[expon][8]
  -------------------------------------------------------------------    -------------------





--------------------------------------------------------------------------------------
Path Group:  (none)
From Clock:  
  To Clock:  clk

Max Delay            16 Endpoints
Min Delay            16 Endpoints
--------------------------------------------------------------------------------------


Max Delay Paths
--------------------------------------------------------------------------------------
Slack:                    inf
  Source:                 mem_out[9]
                            (input port)
  Destination:            memreg_reg[9]/D
                            (rising edge-triggered cell FDRE clocked by clk  {rise@0.000ns fall@1.500ns period=3.000ns})
  Path Group:             (none)
  Path Type:              Setup (Max at Slow Process Corner)
  Data Path Delay:        1.754ns  (logic 0.532ns (30.334%)  route 1.222ns (69.666%))
  Logic Levels:           2  (IBUFCTRL=1 INBUF=1)
  Clock Path Skew:        2.266ns (DCD - SCD + CPR)
    Destination Clock Delay (DCD):    2.266ns
    Source Clock Delay      (SCD):    0.000ns
    Clock Pessimism Removal (CPR):    0.000ns
  Clock Uncertainty:      0.025ns  ((TSJ^2 + TIJ^2)^1/2 + DJ) / 2 + PE
    Total System Jitter     (TSJ):    0.050ns
    Total Input Jitter      (TIJ):    0.000ns
    Discrete Jitter          (DJ):    0.000ns
    Phase Error              (PE):    0.000ns
  Clock Net Delay (Destination): 1.258ns (routing 0.570ns, distribution 0.688ns)

    Location             Delay type                Incr(ns)  Path(ns)    Netlist Resource(s)
  -------------------------------------------------------------------    -------------------
    C1                                                0.000     0.000 r  mem_out[9]
                         net (fo=0)                   0.000     0.000    mem_out_IBUF[9]_inst/I
    C1                   INBUF (Prop_INBUF_HPIOB_M_PAD_O)
                                                      0.532     0.532 r  mem_out_IBUF[9]_inst/INBUF_INST/O
                         net (fo=1, routed)           0.000     0.532    mem_out_IBUF[9]_inst/OUT
    C1                   IBUFCTRL (Prop_IBUFCTRL_HPIOB_M_I_O)
                                                      0.000     0.532 r  mem_out_IBUF[9]_inst/IBUFCTRL_INST/O
                         net (fo=1, routed)           1.222     1.754    mem_out_IBUF[9]
    SLICE_X49Y146        FDRE                                         r  memreg_reg[9]/D
  -------------------------------------------------------------------    -------------------

                         (clock clk rise edge)        0.000     0.000 r  <hidden>
    E14                                               0.000     0.000 r  clk
                         net (fo=0)                   0.000     0.000    clk_IBUF_inst/I
    E14                  INBUF (Prop_INBUF_HDIOB_M_PAD_O)
                                                      0.815     0.815 r  clk_IBUF_inst/INBUF_INST/O
                         net (fo=1, routed)           0.000     0.815    clk_IBUF_inst/OUT
    E14                  IBUFCTRL (Prop_IBUFCTRL_HDIOB_M_I_O)
                                                      0.000     0.815 r  clk_IBUF_inst/IBUFCTRL_INST/O
                         net (fo=1, routed)           0.169     0.984    clk_IBUF
    BUFGCE_HDIO_X1Y4     BUFGCE (Prop_BUFCE_BUFGCE_HDIO_I_O)
                                                      0.024     1.008 r  clk_IBUF_BUFG_inst/O
    X1Y2 (CLOCK_ROOT)    net (fo=39, routed)          1.258     2.266    clk_IBUF_BUFG
    SLICE_X49Y146        FDRE                                         r  memreg_reg[9]/C

Slack:                    inf
  Source:                 mem_out[10]
                            (input port)
  Destination:            memreg_reg[10]/D
                            (rising edge-triggered cell FDRE clocked by clk  {rise@0.000ns fall@1.500ns period=3.000ns})
  Path Group:             (none)
  Path Type:              Setup (Max at Slow Process Corner)
  Data Path Delay:        1.604ns  (logic 0.531ns (33.102%)  route 1.073ns (66.898%))
  Logic Levels:           2  (IBUFCTRL=1 INBUF=1)
  Clock Path Skew:        2.264ns (DCD - SCD + CPR)
    Destination Clock Delay (DCD):    2.264ns
    Source Clock Delay      (SCD):    0.000ns
    Clock Pessimism Removal (CPR):    0.000ns
  Clock Uncertainty:      0.025ns  ((TSJ^2 + TIJ^2)^1/2 + DJ) / 2 + PE
    Total System Jitter     (TSJ):    0.050ns
    Total Input Jitter      (TIJ):    0.000ns
    Discrete Jitter          (DJ):    0.000ns
    Phase Error              (PE):    0.000ns
  Clock Net Delay (Destination): 1.256ns (routing 0.570ns, distribution 0.686ns)

    Location             Delay type                Incr(ns)  Path(ns)    Netlist Resource(s)
  -------------------------------------------------------------------    -------------------
    B1                                                0.000     0.000 r  mem_out[10]
                         net (fo=0)                   0.000     0.000    mem_out_IBUF[10]_inst/I
    B1                   INBUF (Prop_INBUF_HPIOB_S_PAD_O)
                                                      0.531     0.531 r  mem_out_IBUF[10]_inst/INBUF_INST/O
                         net (fo=1, routed)           0.000     0.531    mem_out_IBUF[10]_inst/OUT
    B1                   IBUFCTRL (Prop_IBUFCTRL_HPIOB_S_I_O)
                                                      0.000     0.531 r  mem_out_IBUF[10]_inst/IBUFCTRL_INST/O
                         net (fo=1, routed)           1.073     1.604    mem_out_IBUF[10]
    SLICE_X49Y143        FDRE                                         r  memreg_reg[10]/D
  -------------------------------------------------------------------    -------------------

                         (clock clk rise edge)        0.000     0.000 r  <hidden>
    E14                                               0.000     0.000 r  clk
                         net (fo=0)                   0.000     0.000    clk_IBUF_inst/I
    E14                  INBUF (Prop_INBUF_HDIOB_M_PAD_O)
                                                      0.815     0.815 r  clk_IBUF_inst/INBUF_INST/O
                         net (fo=1, routed)           0.000     0.815    clk_IBUF_inst/OUT
    E14                  IBUFCTRL (Prop_IBUFCTRL_HDIOB_M_I_O)
                                                      0.000     0.815 r  clk_IBUF_inst/IBUFCTRL_INST/O
                         net (fo=1, routed)           0.169     0.984    clk_IBUF
    BUFGCE_HDIO_X1Y4     BUFGCE (Prop_BUFCE_BUFGCE_HDIO_I_O)
                                                      0.024     1.008 r  clk_IBUF_BUFG_inst/O
    X1Y2 (CLOCK_ROOT)    net (fo=39, routed)          1.256     2.264    clk_IBUF_BUFG
    SLICE_X49Y143        FDRE                                         r  memreg_reg[10]/C

Slack:                    inf
  Source:                 mem_out[12]
                            (input port)
  Destination:            memreg_reg[12]/D
                            (rising edge-triggered cell FDRE clocked by clk  {rise@0.000ns fall@1.500ns period=3.000ns})
  Path Group:             (none)
  Path Type:              Setup (Max at Slow Process Corner)
  Data Path Delay:        1.580ns  (logic 0.501ns (31.688%)  route 1.079ns (68.312%))
  Logic Levels:           2  (IBUFCTRL=1 INBUF=1)
  Clock Path Skew:        2.264ns (DCD - SCD + CPR)
    Destination Clock Delay (DCD):    2.264ns
    Source Clock Delay      (SCD):    0.000ns
    Clock Pessimism Removal (CPR):    0.000ns
  Clock Uncertainty:      0.025ns  ((TSJ^2 + TIJ^2)^1/2 + DJ) / 2 + PE
    Total System Jitter     (TSJ):    0.050ns
    Total Input Jitter      (TIJ):    0.000ns
    Discrete Jitter          (DJ):    0.000ns
    Phase Error              (PE):    0.000ns
  Clock Net Delay (Destination): 1.256ns (routing 0.570ns, distribution 0.686ns)

    Location             Delay type                Incr(ns)  Path(ns)    Netlist Resource(s)
  -------------------------------------------------------------------    -------------------
    K2                                                0.000     0.000 r  mem_out[12]
                         net (fo=0)                   0.000     0.000    mem_out_IBUF[12]_inst/I
    K2                   INBUF (Prop_INBUF_HPIOB_S_PAD_O)
                                                      0.501     0.501 r  mem_out_IBUF[12]_inst/INBUF_INST/O
                         net (fo=1, routed)           0.000     0.501    mem_out_IBUF[12]_inst/OUT
    K2                   IBUFCTRL (Prop_IBUFCTRL_HPIOB_S_I_O)
                                                      0.000     0.501 r  mem_out_IBUF[12]_inst/IBUFCTRL_INST/O
                         net (fo=1, routed)           1.079     1.580    mem_out_IBUF[12]
    SLICE_X49Y143        FDRE                                         r  memreg_reg[12]/D
  -------------------------------------------------------------------    -------------------

                         (clock clk rise edge)        0.000     0.000 r  <hidden>
    E14                                               0.000     0.000 r  clk
                         net (fo=0)                   0.000     0.000    clk_IBUF_inst/I
    E14                  INBUF (Prop_INBUF_HDIOB_M_PAD_O)
                                                      0.815     0.815 r  clk_IBUF_inst/INBUF_INST/O
                         net (fo=1, routed)           0.000     0.815    clk_IBUF_inst/OUT
    E14                  IBUFCTRL (Prop_IBUFCTRL_HDIOB_M_I_O)
                                                      0.000     0.815 r  clk_IBUF_inst/IBUFCTRL_INST/O
                         net (fo=1, routed)           0.169     0.984    clk_IBUF
    BUFGCE_HDIO_X1Y4     BUFGCE (Prop_BUFCE_BUFGCE_HDIO_I_O)
                                                      0.024     1.008 r  clk_IBUF_BUFG_inst/O
    X1Y2 (CLOCK_ROOT)    net (fo=39, routed)          1.256     2.264    clk_IBUF_BUFG
    SLICE_X49Y143        FDRE                                         r  memreg_reg[12]/C

Slack:                    inf
  Source:                 mem_out[15]
                            (input port)
  Destination:            memreg_reg[15]/D
                            (rising edge-triggered cell FDRE clocked by clk  {rise@0.000ns fall@1.500ns period=3.000ns})
  Path Group:             (none)
  Path Type:              Setup (Max at Slow Process Corner)
  Data Path Delay:        1.574ns  (logic 0.504ns (32.034%)  route 1.070ns (67.966%))
  Logic Levels:           2  (IBUFCTRL=1 INBUF=1)
  Clock Path Skew:        2.255ns (DCD - SCD + CPR)
    Destination Clock Delay (DCD):    2.255ns
    Source Clock Delay      (SCD):    0.000ns
    Clock Pessimism Removal (CPR):    0.000ns
  Clock Uncertainty:      0.025ns  ((TSJ^2 + TIJ^2)^1/2 + DJ) / 2 + PE
    Total System Jitter     (TSJ):    0.050ns
    Total Input Jitter      (TIJ):    0.000ns
    Discrete Jitter          (DJ):    0.000ns
    Phase Error              (PE):    0.000ns
  Clock Net Delay (Destination): 1.247ns (routing 0.570ns, distribution 0.677ns)

    Location             Delay type                Incr(ns)  Path(ns)    Netlist Resource(s)
  -------------------------------------------------------------------    -------------------
    H1                                                0.000     0.000 r  mem_out[15]
                         net (fo=0)                   0.000     0.000    mem_out_IBUF[15]_inst/I
    H1                   INBUF (Prop_INBUF_HPIOB_M_PAD_O)
                                                      0.504     0.504 r  mem_out_IBUF[15]_inst/INBUF_INST/O
                         net (fo=1, routed)           0.000     0.504    mem_out_IBUF[15]_inst/OUT
    H1                   IBUFCTRL (Prop_IBUFCTRL_HPIOB_M_I_O)
                                                      0.000     0.504 r  mem_out_IBUF[15]_inst/IBUFCTRL_INST/O
                         net (fo=1, routed)           1.070     1.574    mem_out_IBUF[15]
    SLICE_X48Y144        FDRE                                         r  memreg_reg[15]/D
  -------------------------------------------------------------------    -------------------

                         (clock clk rise edge)        0.000     0.000 r  <hidden>
    E14                                               0.000     0.000 r  clk
                         net (fo=0)                   0.000     0.000    clk_IBUF_inst/I
    E14                  INBUF (Prop_INBUF_HDIOB_M_PAD_O)
                                                      0.815     0.815 r  clk_IBUF_inst/INBUF_INST/O
                         net (fo=1, routed)           0.000     0.815    clk_IBUF_inst/OUT
    E14                  IBUFCTRL (Prop_IBUFCTRL_HDIOB_M_I_O)
                                                      0.000     0.815 r  clk_IBUF_inst/IBUFCTRL_INST/O
                         net (fo=1, routed)           0.169     0.984    clk_IBUF
    BUFGCE_HDIO_X1Y4     BUFGCE (Prop_BUFCE_BUFGCE_HDIO_I_O)
                                                      0.024     1.008 r  clk_IBUF_BUFG_inst/O
    X1Y2 (CLOCK_ROOT)    net (fo=39, routed)          1.247     2.255    clk_IBUF_BUFG
    SLICE_X48Y144        FDRE                                         r  memreg_reg[15]/C

Slack:                    inf
  Source:                 mem_out[13]
                            (input port)
  Destination:            memreg_reg[13]/D
                            (rising edge-triggered cell FDRE clocked by clk  {rise@0.000ns fall@1.500ns period=3.000ns})
  Path Group:             (none)
  Path Type:              Setup (Max at Slow Process Corner)
  Data Path Delay:        1.568ns  (logic 0.504ns (32.148%)  route 1.064ns (67.852%))
  Logic Levels:           2  (IBUFCTRL=1 INBUF=1)
  Clock Path Skew:        2.265ns (DCD - SCD + CPR)
    Destination Clock Delay (DCD):    2.265ns
    Source Clock Delay      (SCD):    0.000ns
    Clock Pessimism Removal (CPR):    0.000ns
  Clock Uncertainty:      0.025ns  ((TSJ^2 + TIJ^2)^1/2 + DJ) / 2 + PE
    Total System Jitter     (TSJ):    0.050ns
    Total Input Jitter      (TIJ):    0.000ns
    Discrete Jitter          (DJ):    0.000ns
    Phase Error              (PE):    0.000ns
  Clock Net Delay (Destination): 1.257ns (routing 0.570ns, distribution 0.687ns)

    Location             Delay type                Incr(ns)  Path(ns)    Netlist Resource(s)
  -------------------------------------------------------------------    -------------------
    J2                                                0.000     0.000 r  mem_out[13]
                         net (fo=0)                   0.000     0.000    mem_out_IBUF[13]_inst/I
    J2                   INBUF (Prop_INBUF_HPIOB_M_PAD_O)
                                                      0.504     0.504 r  mem_out_IBUF[13]_inst/INBUF_INST/O
                         net (fo=1, routed)           0.000     0.504    mem_out_IBUF[13]_inst/OUT
    J2                   IBUFCTRL (Prop_IBUFCTRL_HPIOB_M_I_O)
                                                      0.000     0.504 r  mem_out_IBUF[13]_inst/IBUFCTRL_INST/O
                         net (fo=1, routed)           1.064     1.568    mem_out_IBUF[13]
    SLICE_X49Y142        FDRE                                         r  memreg_reg[13]/D
  -------------------------------------------------------------------    -------------------

                         (clock clk rise edge)        0.000     0.000 r  <hidden>
    E14                                               0.000     0.000 r  clk
                         net (fo=0)                   0.000     0.000    clk_IBUF_inst/I
    E14                  INBUF (Prop_INBUF_HDIOB_M_PAD_O)
                                                      0.815     0.815 r  clk_IBUF_inst/INBUF_INST/O
                         net (fo=1, routed)           0.000     0.815    clk_IBUF_inst/OUT
    E14                  IBUFCTRL (Prop_IBUFCTRL_HDIOB_M_I_O)
                                                      0.000     0.815 r  clk_IBUF_inst/IBUFCTRL_INST/O
                         net (fo=1, routed)           0.169     0.984    clk_IBUF
    BUFGCE_HDIO_X1Y4     BUFGCE (Prop_BUFCE_BUFGCE_HDIO_I_O)
                                                      0.024     1.008 r  clk_IBUF_BUFG_inst/O
    X1Y2 (CLOCK_ROOT)    net (fo=39, routed)          1.257     2.265    clk_IBUF_BUFG
    SLICE_X49Y142        FDRE                                         r  memreg_reg[13]/C

Slack:                    inf
  Source:                 mem_out[11]
                            (input port)
  Destination:            memreg_reg[11]/D
                            (rising edge-triggered cell FDRE clocked by clk  {rise@0.000ns fall@1.500ns period=3.000ns})
  Path Group:             (none)
  Path Type:              Setup (Max at Slow Process Corner)
  Data Path Delay:        1.560ns  (logic 0.501ns (32.094%)  route 1.059ns (67.906%))
  Logic Levels:           2  (IBUFCTRL=1 INBUF=1)
  Clock Path Skew:        2.264ns (DCD - SCD + CPR)
    Destination Clock Delay (DCD):    2.264ns
    Source Clock Delay      (SCD):    0.000ns
    Clock Pessimism Removal (CPR):    0.000ns
  Clock Uncertainty:      0.025ns  ((TSJ^2 + TIJ^2)^1/2 + DJ) / 2 + PE
    Total System Jitter     (TSJ):    0.050ns
    Total Input Jitter      (TIJ):    0.000ns
    Discrete Jitter          (DJ):    0.000ns
    Phase Error              (PE):    0.000ns
  Clock Net Delay (Destination): 1.256ns (routing 0.570ns, distribution 0.686ns)

    Location             Delay type                Incr(ns)  Path(ns)    Netlist Resource(s)
  -------------------------------------------------------------------    -------------------
    K3                                                0.000     0.000 r  mem_out[11]
                         net (fo=0)                   0.000     0.000    mem_out_IBUF[11]_inst/I
    K3                   INBUF (Prop_INBUF_HPIOB_M_PAD_O)
                                                      0.501     0.501 r  mem_out_IBUF[11]_inst/INBUF_INST/O
                         net (fo=1, routed)           0.000     0.501    mem_out_IBUF[11]_inst/OUT
    K3                   IBUFCTRL (Prop_IBUFCTRL_HPIOB_M_I_O)
                                                      0.000     0.501 r  mem_out_IBUF[11]_inst/IBUFCTRL_INST/O
                         net (fo=1, routed)           1.059     1.560    mem_out_IBUF[11]
    SLICE_X49Y143        FDRE                                         r  memreg_reg[11]/D
  -------------------------------------------------------------------    -------------------

                         (clock clk rise edge)        0.000     0.000 r  <hidden>
    E14                                               0.000     0.000 r  clk
                         net (fo=0)                   0.000     0.000    clk_IBUF_inst/I
    E14                  INBUF (Prop_INBUF_HDIOB_M_PAD_O)
                                                      0.815     0.815 r  clk_IBUF_inst/INBUF_INST/O
                         net (fo=1, routed)           0.000     0.815    clk_IBUF_inst/OUT
    E14                  IBUFCTRL (Prop_IBUFCTRL_HDIOB_M_I_O)
                                                      0.000     0.815 r  clk_IBUF_inst/IBUFCTRL_INST/O
                         net (fo=1, routed)           0.169     0.984    clk_IBUF
    BUFGCE_HDIO_X1Y4     BUFGCE (Prop_BUFCE_BUFGCE_HDIO_I_O)
                                                      0.024     1.008 r  clk_IBUF_BUFG_inst/O
    X1Y2 (CLOCK_ROOT)    net (fo=39, routed)          1.256     2.264    clk_IBUF_BUFG
    SLICE_X49Y143        FDRE                                         r  memreg_reg[11]/C

Slack:                    inf
  Source:                 mem_out[14]
                            (input port)
  Destination:            memreg_reg[14]/D
                            (rising edge-triggered cell FDRE clocked by clk  {rise@0.000ns fall@1.500ns period=3.000ns})
  Path Group:             (none)
  Path Type:              Setup (Max at Slow Process Corner)
  Data Path Delay:        1.559ns  (logic 0.500ns (32.077%)  route 1.059ns (67.923%))
  Logic Levels:           2  (IBUFCTRL=1 INBUF=1)
  Clock Path Skew:        2.265ns (DCD - SCD + CPR)
    Destination Clock Delay (DCD):    2.265ns
    Source Clock Delay      (SCD):    0.000ns
    Clock Pessimism Removal (CPR):    0.000ns
  Clock Uncertainty:      0.025ns  ((TSJ^2 + TIJ^2)^1/2 + DJ) / 2 + PE
    Total System Jitter     (TSJ):    0.050ns
    Total Input Jitter      (TIJ):    0.000ns
    Discrete Jitter          (DJ):    0.000ns
    Phase Error              (PE):    0.000ns
  Clock Net Delay (Destination): 1.257ns (routing 0.570ns, distribution 0.687ns)

    Location             Delay type                Incr(ns)  Path(ns)    Netlist Resource(s)
  -------------------------------------------------------------------    -------------------
    J1                                                0.000     0.000 r  mem_out[14]
                         net (fo=0)                   0.000     0.000    mem_out_IBUF[14]_inst/I
    J1                   INBUF (Prop_INBUF_HPIOB_S_PAD_O)
                                                      0.500     0.500 r  mem_out_IBUF[14]_inst/INBUF_INST/O
                         net (fo=1, routed)           0.000     0.500    mem_out_IBUF[14]_inst/OUT
    J1                   IBUFCTRL (Prop_IBUFCTRL_HPIOB_S_I_O)
                                                      0.000     0.500 r  mem_out_IBUF[14]_inst/IBUFCTRL_INST/O
                         net (fo=1, routed)           1.059     1.559    mem_out_IBUF[14]
    SLICE_X49Y142        FDRE                                         r  memreg_reg[14]/D
  -------------------------------------------------------------------    -------------------

                         (clock clk rise edge)        0.000     0.000 r  <hidden>
    E14                                               0.000     0.000 r  clk
                         net (fo=0)                   0.000     0.000    clk_IBUF_inst/I
    E14                  INBUF (Prop_INBUF_HDIOB_M_PAD_O)
                                                      0.815     0.815 r  clk_IBUF_inst/INBUF_INST/O
                         net (fo=1, routed)           0.000     0.815    clk_IBUF_inst/OUT
    E14                  IBUFCTRL (Prop_IBUFCTRL_HDIOB_M_I_O)
                                                      0.000     0.815 r  clk_IBUF_inst/IBUFCTRL_INST/O
                         net (fo=1, routed)           0.169     0.984    clk_IBUF
    BUFGCE_HDIO_X1Y4     BUFGCE (Prop_BUFCE_BUFGCE_HDIO_I_O)
                                                      0.024     1.008 r  clk_IBUF_BUFG_inst/O
    X1Y2 (CLOCK_ROOT)    net (fo=39, routed)          1.257     2.265    clk_IBUF_BUFG
    SLICE_X49Y142        FDRE                                         r  memreg_reg[14]/C

Slack:                    inf
  Source:                 mem_out[0]
                            (input port)
  Destination:            memreg_reg[0]/D
                            (rising edge-triggered cell FDRE clocked by clk  {rise@0.000ns fall@1.500ns period=3.000ns})
  Path Group:             (none)
  Path Type:              Setup (Max at Slow Process Corner)
  Data Path Delay:        1.552ns  (logic 0.506ns (32.608%)  route 1.046ns (67.392%))
  Logic Levels:           2  (IBUFCTRL=1 INBUF=1)
  Clock Path Skew:        2.266ns (DCD - SCD + CPR)
    Destination Clock Delay (DCD):    2.266ns
    Source Clock Delay      (SCD):    0.000ns
    Clock Pessimism Removal (CPR):    0.000ns
  Clock Uncertainty:      0.025ns  ((TSJ^2 + TIJ^2)^1/2 + DJ) / 2 + PE
    Total System Jitter     (TSJ):    0.050ns
    Total Input Jitter      (TIJ):    0.000ns
    Discrete Jitter          (DJ):    0.000ns
    Phase Error              (PE):    0.000ns
  Clock Net Delay (Destination): 1.258ns (routing 0.570ns, distribution 0.688ns)

    Location             Delay type                Incr(ns)  Path(ns)    Netlist Resource(s)
  -------------------------------------------------------------------    -------------------
    E3                                                0.000     0.000 r  mem_out[0]
                         net (fo=0)                   0.000     0.000    mem_out_IBUF[0]_inst/I
    E3                   INBUF (Prop_INBUF_HPIOB_S_PAD_O)
                                                      0.506     0.506 r  mem_out_IBUF[0]_inst/INBUF_INST/O
                         net (fo=1, routed)           0.000     0.506    mem_out_IBUF[0]_inst/OUT
    E3                   IBUFCTRL (Prop_IBUFCTRL_HPIOB_S_I_O)
                                                      0.000     0.506 r  mem_out_IBUF[0]_inst/IBUFCTRL_INST/O
                         net (fo=1, routed)           1.046     1.552    mem_out_IBUF[0]
    SLICE_X49Y146        FDRE                                         r  memreg_reg[0]/D
  -------------------------------------------------------------------    -------------------

                         (clock clk rise edge)        0.000     0.000 r  <hidden>
    E14                                               0.000     0.000 r  clk
                         net (fo=0)                   0.000     0.000    clk_IBUF_inst/I
    E14                  INBUF (Prop_INBUF_HDIOB_M_PAD_O)
                                                      0.815     0.815 r  clk_IBUF_inst/INBUF_INST/O
                         net (fo=1, routed)           0.000     0.815    clk_IBUF_inst/OUT
    E14                  IBUFCTRL (Prop_IBUFCTRL_HDIOB_M_I_O)
                                                      0.000     0.815 r  clk_IBUF_inst/IBUFCTRL_INST/O
                         net (fo=1, routed)           0.169     0.984    clk_IBUF
    BUFGCE_HDIO_X1Y4     BUFGCE (Prop_BUFCE_BUFGCE_HDIO_I_O)
                                                      0.024     1.008 r  clk_IBUF_BUFG_inst/O
    X1Y2 (CLOCK_ROOT)    net (fo=39, routed)          1.258     2.266    clk_IBUF_BUFG
    SLICE_X49Y146        FDRE                                         r  memreg_reg[0]/C

Slack:                    inf
  Source:                 mem_out[5]
                            (input port)
  Destination:            memreg_reg[5]/D
                            (rising edge-triggered cell FDRE clocked by clk  {rise@0.000ns fall@1.500ns period=3.000ns})
  Path Group:             (none)
  Path Type:              Setup (Max at Slow Process Corner)
  Data Path Delay:        1.530ns  (logic 0.530ns (34.621%)  route 1.000ns (65.379%))
  Logic Levels:           2  (IBUFCTRL=1 INBUF=1)
  Clock Path Skew:        2.264ns (DCD - SCD + CPR)
    Destination Clock Delay (DCD):    2.264ns
    Source Clock Delay      (SCD):    0.000ns
    Clock Pessimism Removal (CPR):    0.000ns
  Clock Uncertainty:      0.025ns  ((TSJ^2 + TIJ^2)^1/2 + DJ) / 2 + PE
    Total System Jitter     (TSJ):    0.050ns
    Total Input Jitter      (TIJ):    0.000ns
    Discrete Jitter          (DJ):    0.000ns
    Phase Error              (PE):    0.000ns
  Clock Net Delay (Destination): 1.256ns (routing 0.570ns, distribution 0.686ns)

    Location             Delay type                Incr(ns)  Path(ns)    Netlist Resource(s)
  -------------------------------------------------------------------    -------------------
    A3                                                0.000     0.000 r  mem_out[5]
                         net (fo=0)                   0.000     0.000    mem_out_IBUF[5]_inst/I
    A3                   INBUF (Prop_INBUF_HPIOB_M_PAD_O)
                                                      0.530     0.530 r  mem_out_IBUF[5]_inst/INBUF_INST/O
                         net (fo=1, routed)           0.000     0.530    mem_out_IBUF[5]_inst/OUT
    A3                   IBUFCTRL (Prop_IBUFCTRL_HPIOB_M_I_O)
                                                      0.000     0.530 r  mem_out_IBUF[5]_inst/IBUFCTRL_INST/O
                         net (fo=1, routed)           1.000     1.530    mem_out_IBUF[5]
    SLICE_X49Y143        FDRE                                         r  memreg_reg[5]/D
  -------------------------------------------------------------------    -------------------

                         (clock clk rise edge)        0.000     0.000 r  <hidden>
    E14                                               0.000     0.000 r  clk
                         net (fo=0)                   0.000     0.000    clk_IBUF_inst/I
    E14                  INBUF (Prop_INBUF_HDIOB_M_PAD_O)
                                                      0.815     0.815 r  clk_IBUF_inst/INBUF_INST/O
                         net (fo=1, routed)           0.000     0.815    clk_IBUF_inst/OUT
    E14                  IBUFCTRL (Prop_IBUFCTRL_HDIOB_M_I_O)
                                                      0.000     0.815 r  clk_IBUF_inst/IBUFCTRL_INST/O
                         net (fo=1, routed)           0.169     0.984    clk_IBUF
    BUFGCE_HDIO_X1Y4     BUFGCE (Prop_BUFCE_BUFGCE_HDIO_I_O)
                                                      0.024     1.008 r  clk_IBUF_BUFG_inst/O
    X1Y2 (CLOCK_ROOT)    net (fo=39, routed)          1.256     2.264    clk_IBUF_BUFG
    SLICE_X49Y143        FDRE                                         r  memreg_reg[5]/C

Slack:                    inf
  Source:                 mem_out[7]
                            (input port)
  Destination:            memreg_reg[7]/D
                            (rising edge-triggered cell FDRE clocked by clk  {rise@0.000ns fall@1.500ns period=3.000ns})
  Path Group:             (none)
  Path Type:              Setup (Max at Slow Process Corner)
  Data Path Delay:        1.521ns  (logic 0.519ns (34.103%)  route 1.002ns (65.897%))
  Logic Levels:           2  (IBUFCTRL=1 INBUF=1)
  Clock Path Skew:        2.264ns (DCD - SCD + CPR)
    Destination Clock Delay (DCD):    2.264ns
    Source Clock Delay      (SCD):    0.000ns
    Clock Pessimism Removal (CPR):    0.000ns
  Clock Uncertainty:      0.025ns  ((TSJ^2 + TIJ^2)^1/2 + DJ) / 2 + PE
    Total System Jitter     (TSJ):    0.050ns
    Total Input Jitter      (TIJ):    0.000ns
    Discrete Jitter          (DJ):    0.000ns
    Phase Error              (PE):    0.000ns
  Clock Net Delay (Destination): 1.256ns (routing 0.570ns, distribution 0.686ns)

    Location             Delay type                Incr(ns)  Path(ns)    Netlist Resource(s)
  -------------------------------------------------------------------    -------------------
    D2                                                0.000     0.000 r  mem_out[7]
                         net (fo=0)                   0.000     0.000    mem_out_IBUF[7]_inst/I
    D2                   INBUF (Prop_INBUF_HPIOB_M_PAD_O)
                                                      0.519     0.519 r  mem_out_IBUF[7]_inst/INBUF_INST/O
                         net (fo=1, routed)           0.000     0.519    mem_out_IBUF[7]_inst/OUT
    D2                   IBUFCTRL (Prop_IBUFCTRL_HPIOB_M_I_O)
                                                      0.000     0.519 r  mem_out_IBUF[7]_inst/IBUFCTRL_INST/O
                         net (fo=1, routed)           1.002     1.521    mem_out_IBUF[7]
    SLICE_X49Y143        FDRE                                         r  memreg_reg[7]/D
  -------------------------------------------------------------------    -------------------

                         (clock clk rise edge)        0.000     0.000 r  <hidden>
    E14                                               0.000     0.000 r  clk
                         net (fo=0)                   0.000     0.000    clk_IBUF_inst/I
    E14                  INBUF (Prop_INBUF_HDIOB_M_PAD_O)
                                                      0.815     0.815 r  clk_IBUF_inst/INBUF_INST/O
                         net (fo=1, routed)           0.000     0.815    clk_IBUF_inst/OUT
    E14                  IBUFCTRL (Prop_IBUFCTRL_HDIOB_M_I_O)
                                                      0.000     0.815 r  clk_IBUF_inst/IBUFCTRL_INST/O
                         net (fo=1, routed)           0.169     0.984    clk_IBUF
    BUFGCE_HDIO_X1Y4     BUFGCE (Prop_BUFCE_BUFGCE_HDIO_I_O)
                                                      0.024     1.008 r  clk_IBUF_BUFG_inst/O
    X1Y2 (CLOCK_ROOT)    net (fo=39, routed)          1.256     2.264    clk_IBUF_BUFG
    SLICE_X49Y143        FDRE                                         r  memreg_reg[7]/C





Min Delay Paths
--------------------------------------------------------------------------------------
Slack:                    inf
  Source:                 mem_out[1]
                            (input port)
  Destination:            memreg_reg[1]/D
                            (rising edge-triggered cell FDRE clocked by clk  {rise@0.000ns fall@1.500ns period=3.000ns})
  Path Group:             (none)
  Path Type:              Hold (Min at Fast Process Corner)
  Data Path Delay:        0.483ns  (logic 0.148ns (30.591%)  route 0.335ns (69.409%))
  Logic Levels:           2  (IBUFCTRL=1 INBUF=1)
  Clock Path Skew:        2.086ns (DCD - SCD - CPR)
    Destination Clock Delay (DCD):    2.086ns
    Source Clock Delay      (SCD):    0.000ns
    Clock Pessimism Removal (CPR):    -0.000ns
  Clock Net Delay (Destination): 0.895ns (routing 0.373ns, distribution 0.522ns)

    Location             Delay type                Incr(ns)  Path(ns)    Netlist Resource(s)
  -------------------------------------------------------------------    -------------------
    C4                                                0.000     0.000 r  mem_out[1]
                         net (fo=0)                   0.000     0.000    mem_out_IBUF[1]_inst/I
    C4                   INBUF (Prop_INBUF_HPIOB_M_PAD_O)
                                                      0.148     0.148 r  mem_out_IBUF[1]_inst/INBUF_INST/O
                         net (fo=1, routed)           0.000     0.148    mem_out_IBUF[1]_inst/OUT
    C4                   IBUFCTRL (Prop_IBUFCTRL_HPIOB_M_I_O)
                                                      0.000     0.148 r  mem_out_IBUF[1]_inst/IBUFCTRL_INST/O
                         net (fo=1, routed)           0.335     0.483    mem_out_IBUF[1]
    SLICE_X49Y145        FDRE                                         r  memreg_reg[1]/D
  -------------------------------------------------------------------    -------------------

                         (clock clk rise edge)        0.000     0.000 r  <hidden>
    E14                                               0.000     0.000 r  clk
                         net (fo=0)                   0.000     0.000    clk_IBUF_inst/I
    E14                  INBUF (Prop_INBUF_HDIOB_M_PAD_O)
                                                      1.059     1.059 r  clk_IBUF_inst/INBUF_INST/O
                         net (fo=1, routed)           0.000     1.059    clk_IBUF_inst/OUT
    E14                  IBUFCTRL (Prop_IBUFCTRL_HDIOB_M_I_O)
                                                      0.000     1.059 r  clk_IBUF_inst/IBUFCTRL_INST/O
                         net (fo=1, routed)           0.113     1.172    clk_IBUF
    BUFGCE_HDIO_X1Y4     BUFGCE (Prop_BUFCE_BUFGCE_HDIO_I_O)
                                                      0.019     1.191 r  clk_IBUF_BUFG_inst/O
    X1Y2 (CLOCK_ROOT)    net (fo=39, routed)          0.895     2.086    clk_IBUF_BUFG
    SLICE_X49Y145        FDRE                                         r  memreg_reg[1]/C

Slack:                    inf
  Source:                 mem_out[3]
                            (input port)
  Destination:            memreg_reg[3]/D
                            (rising edge-triggered cell FDRE clocked by clk  {rise@0.000ns fall@1.500ns period=3.000ns})
  Path Group:             (none)
  Path Type:              Hold (Min at Fast Process Corner)
  Data Path Delay:        0.488ns  (logic 0.159ns (32.569%)  route 0.329ns (67.431%))
  Logic Levels:           2  (IBUFCTRL=1 INBUF=1)
  Clock Path Skew:        2.084ns (DCD - SCD - CPR)
    Destination Clock Delay (DCD):    2.084ns
    Source Clock Delay      (SCD):    0.000ns
    Clock Pessimism Removal (CPR):    -0.000ns
  Clock Net Delay (Destination): 0.893ns (routing 0.373ns, distribution 0.520ns)

    Location             Delay type                Incr(ns)  Path(ns)    Netlist Resource(s)
  -------------------------------------------------------------------    -------------------
    B4                                                0.000     0.000 r  mem_out[3]
                         net (fo=0)                   0.000     0.000    mem_out_IBUF[3]_inst/I
    B4                   INBUF (Prop_INBUF_HPIOB_M_PAD_O)
                                                      0.159     0.159 r  mem_out_IBUF[3]_inst/INBUF_INST/O
                         net (fo=1, routed)           0.000     0.159    mem_out_IBUF[3]_inst/OUT
    B4                   IBUFCTRL (Prop_IBUFCTRL_HPIOB_M_I_O)
                                                      0.000     0.159 r  mem_out_IBUF[3]_inst/IBUFCTRL_INST/O
                         net (fo=1, routed)           0.329     0.488    mem_out_IBUF[3]
    SLICE_X49Y143        FDRE                                         r  memreg_reg[3]/D
  -------------------------------------------------------------------    -------------------

                         (clock clk rise edge)        0.000     0.000 r  <hidden>
    E14                                               0.000     0.000 r  clk
                         net (fo=0)                   0.000     0.000    clk_IBUF_inst/I
    E14                  INBUF (Prop_INBUF_HDIOB_M_PAD_O)
                                                      1.059     1.059 r  clk_IBUF_inst/INBUF_INST/O
                         net (fo=1, routed)           0.000     1.059    clk_IBUF_inst/OUT
    E14                  IBUFCTRL (Prop_IBUFCTRL_HDIOB_M_I_O)
                                                      0.000     1.059 r  clk_IBUF_inst/IBUFCTRL_INST/O
                         net (fo=1, routed)           0.113     1.172    clk_IBUF
    BUFGCE_HDIO_X1Y4     BUFGCE (Prop_BUFCE_BUFGCE_HDIO_I_O)
                                                      0.019     1.191 r  clk_IBUF_BUFG_inst/O
    X1Y2 (CLOCK_ROOT)    net (fo=39, routed)          0.893     2.084    clk_IBUF_BUFG
    SLICE_X49Y143        FDRE                                         r  memreg_reg[3]/C

Slack:                    inf
  Source:                 mem_out[4]
                            (input port)
  Destination:            memreg_reg[4]/D
                            (rising edge-triggered cell FDRE clocked by clk  {rise@0.000ns fall@1.500ns period=3.000ns})
  Path Group:             (none)
  Path Type:              Hold (Min at Fast Process Corner)
  Data Path Delay:        0.493ns  (logic 0.159ns (32.248%)  route 0.334ns (67.752%))
  Logic Levels:           2  (IBUFCTRL=1 INBUF=1)
  Clock Path Skew:        2.083ns (DCD - SCD - CPR)
    Destination Clock Delay (DCD):    2.083ns
    Source Clock Delay      (SCD):    0.000ns
    Clock Pessimism Removal (CPR):    -0.000ns
  Clock Net Delay (Destination): 0.892ns (routing 0.373ns, distribution 0.519ns)

    Location             Delay type                Incr(ns)  Path(ns)    Netlist Resource(s)
  -------------------------------------------------------------------    -------------------
    B3                                                0.000     0.000 r  mem_out[4]
                         net (fo=0)                   0.000     0.000    mem_out_IBUF[4]_inst/I
    B3                   INBUF (Prop_INBUF_HPIOB_S_PAD_O)
                                                      0.159     0.159 r  mem_out_IBUF[4]_inst/INBUF_INST/O
                         net (fo=1, routed)           0.000     0.159    mem_out_IBUF[4]_inst/OUT
    B3                   IBUFCTRL (Prop_IBUFCTRL_HPIOB_S_I_O)
                                                      0.000     0.159 r  mem_out_IBUF[4]_inst/IBUFCTRL_INST/O
                         net (fo=1, routed)           0.334     0.493    mem_out_IBUF[4]
    SLICE_X49Y144        FDRE                                         r  memreg_reg[4]/D
  -------------------------------------------------------------------    -------------------

                         (clock clk rise edge)        0.000     0.000 r  <hidden>
    E14                                               0.000     0.000 r  clk
                         net (fo=0)                   0.000     0.000    clk_IBUF_inst/I
    E14                  INBUF (Prop_INBUF_HDIOB_M_PAD_O)
                                                      1.059     1.059 r  clk_IBUF_inst/INBUF_INST/O
                         net (fo=1, routed)           0.000     1.059    clk_IBUF_inst/OUT
    E14                  IBUFCTRL (Prop_IBUFCTRL_HDIOB_M_I_O)
                                                      0.000     1.059 r  clk_IBUF_inst/IBUFCTRL_INST/O
                         net (fo=1, routed)           0.113     1.172    clk_IBUF
    BUFGCE_HDIO_X1Y4     BUFGCE (Prop_BUFCE_BUFGCE_HDIO_I_O)
                                                      0.019     1.191 r  clk_IBUF_BUFG_inst/O
    X1Y2 (CLOCK_ROOT)    net (fo=39, routed)          0.892     2.083    clk_IBUF_BUFG
    SLICE_X49Y144        FDRE                                         r  memreg_reg[4]/C

Slack:                    inf
  Source:                 mem_out[2]
                            (input port)
  Destination:            memreg_reg[2]/D
                            (rising edge-triggered cell FDRE clocked by clk  {rise@0.000ns fall@1.500ns period=3.000ns})
  Path Group:             (none)
  Path Type:              Hold (Min at Fast Process Corner)
  Data Path Delay:        0.526ns  (logic 0.148ns (28.093%)  route 0.378ns (71.907%))
  Logic Levels:           2  (IBUFCTRL=1 INBUF=1)
  Clock Path Skew:        2.087ns (DCD - SCD - CPR)
    Destination Clock Delay (DCD):    2.087ns
    Source Clock Delay      (SCD):    0.000ns
    Clock Pessimism Removal (CPR):    -0.000ns
  Clock Net Delay (Destination): 0.896ns (routing 0.373ns, distribution 0.523ns)

    Location             Delay type                Incr(ns)  Path(ns)    Netlist Resource(s)
  -------------------------------------------------------------------    -------------------
    C3                                                0.000     0.000 r  mem_out[2]
                         net (fo=0)                   0.000     0.000    mem_out_IBUF[2]_inst/I
    C3                   INBUF (Prop_INBUF_HPIOB_S_PAD_O)
                                                      0.148     0.148 r  mem_out_IBUF[2]_inst/INBUF_INST/O
                         net (fo=1, routed)           0.000     0.148    mem_out_IBUF[2]_inst/OUT
    C3                   IBUFCTRL (Prop_IBUFCTRL_HPIOB_S_I_O)
                                                      0.000     0.148 r  mem_out_IBUF[2]_inst/IBUFCTRL_INST/O
                         net (fo=1, routed)           0.378     0.526    mem_out_IBUF[2]
    SLICE_X49Y146        FDRE                                         r  memreg_reg[2]/D
  -------------------------------------------------------------------    -------------------

                         (clock clk rise edge)        0.000     0.000 r  <hidden>
    E14                                               0.000     0.000 r  clk
                         net (fo=0)                   0.000     0.000    clk_IBUF_inst/I
    E14                  INBUF (Prop_INBUF_HDIOB_M_PAD_O)
                                                      1.059     1.059 r  clk_IBUF_inst/INBUF_INST/O
                         net (fo=1, routed)           0.000     1.059    clk_IBUF_inst/OUT
    E14                  IBUFCTRL (Prop_IBUFCTRL_HDIOB_M_I_O)
                                                      0.000     1.059 r  clk_IBUF_inst/IBUFCTRL_INST/O
                         net (fo=1, routed)           0.113     1.172    clk_IBUF
    BUFGCE_HDIO_X1Y4     BUFGCE (Prop_BUFCE_BUFGCE_HDIO_I_O)
                                                      0.019     1.191 r  clk_IBUF_BUFG_inst/O
    X1Y2 (CLOCK_ROOT)    net (fo=39, routed)          0.896     2.087    clk_IBUF_BUFG
    SLICE_X49Y146        FDRE                                         r  memreg_reg[2]/C

Slack:                    inf
  Source:                 mem_out[8]
                            (input port)
  Destination:            memreg_reg[8]/D
                            (rising edge-triggered cell FDRE clocked by clk  {rise@0.000ns fall@1.500ns period=3.000ns})
  Path Group:             (none)
  Path Type:              Hold (Min at Fast Process Corner)
  Data Path Delay:        0.530ns  (logic 0.155ns (29.193%)  route 0.375ns (70.807%))
  Logic Levels:           2  (IBUFCTRL=1 INBUF=1)
  Clock Path Skew:        2.084ns (DCD - SCD - CPR)
    Destination Clock Delay (DCD):    2.084ns
    Source Clock Delay      (SCD):    0.000ns
    Clock Pessimism Removal (CPR):    -0.000ns
  Clock Net Delay (Destination): 0.893ns (routing 0.373ns, distribution 0.520ns)

    Location             Delay type                Incr(ns)  Path(ns)    Netlist Resource(s)
  -------------------------------------------------------------------    -------------------
    D1                                                0.000     0.000 r  mem_out[8]
                         net (fo=0)                   0.000     0.000    mem_out_IBUF[8]_inst/I
    D1                   INBUF (Prop_INBUF_HPIOB_S_PAD_O)
                                                      0.155     0.155 r  mem_out_IBUF[8]_inst/INBUF_INST/O
                         net (fo=1, routed)           0.000     0.155    mem_out_IBUF[8]_inst/OUT
    D1                   IBUFCTRL (Prop_IBUFCTRL_HPIOB_S_I_O)
                                                      0.000     0.155 r  mem_out_IBUF[8]_inst/IBUFCTRL_INST/O
                         net (fo=1, routed)           0.375     0.530    mem_out_IBUF[8]
    SLICE_X49Y143        FDRE                                         r  memreg_reg[8]/D
  -------------------------------------------------------------------    -------------------

                         (clock clk rise edge)        0.000     0.000 r  <hidden>
    E14                                               0.000     0.000 r  clk
                         net (fo=0)                   0.000     0.000    clk_IBUF_inst/I
    E14                  INBUF (Prop_INBUF_HDIOB_M_PAD_O)
                                                      1.059     1.059 r  clk_IBUF_inst/INBUF_INST/O
                         net (fo=1, routed)           0.000     1.059    clk_IBUF_inst/OUT
    E14                  IBUFCTRL (Prop_IBUFCTRL_HDIOB_M_I_O)
                                                      0.000     1.059 r  clk_IBUF_inst/IBUFCTRL_INST/O
                         net (fo=1, routed)           0.113     1.172    clk_IBUF
    BUFGCE_HDIO_X1Y4     BUFGCE (Prop_BUFCE_BUFGCE_HDIO_I_O)
                                                      0.019     1.191 r  clk_IBUF_BUFG_inst/O
    X1Y2 (CLOCK_ROOT)    net (fo=39, routed)          0.893     2.084    clk_IBUF_BUFG
    SLICE_X49Y143        FDRE                                         r  memreg_reg[8]/C

Slack:                    inf
  Source:                 mem_out[6]
                            (input port)
  Destination:            memreg_reg[6]/D
                            (rising edge-triggered cell FDRE clocked by clk  {rise@0.000ns fall@1.500ns period=3.000ns})
  Path Group:             (none)
  Path Type:              Hold (Min at Fast Process Corner)
  Data Path Delay:        0.539ns  (logic 0.163ns (30.243%)  route 0.376ns (69.757%))
  Logic Levels:           2  (IBUFCTRL=1 INBUF=1)
  Clock Path Skew:        2.084ns (DCD - SCD - CPR)
    Destination Clock Delay (DCD):    2.084ns
    Source Clock Delay      (SCD):    0.000ns
    Clock Pessimism Removal (CPR):    -0.000ns
  Clock Net Delay (Destination): 0.893ns (routing 0.373ns, distribution 0.520ns)

    Location             Delay type                Incr(ns)  Path(ns)    Netlist Resource(s)
  -------------------------------------------------------------------    -------------------
    A2                                                0.000     0.000 r  mem_out[6]
                         net (fo=0)                   0.000     0.000    mem_out_IBUF[6]_inst/I
    A2                   INBUF (Prop_INBUF_HPIOB_S_PAD_O)
                                                      0.163     0.163 r  mem_out_IBUF[6]_inst/INBUF_INST/O
                         net (fo=1, routed)           0.000     0.163    mem_out_IBUF[6]_inst/OUT
    A2                   IBUFCTRL (Prop_IBUFCTRL_HPIOB_S_I_O)
                                                      0.000     0.163 r  mem_out_IBUF[6]_inst/IBUFCTRL_INST/O
                         net (fo=1, routed)           0.376     0.539    mem_out_IBUF[6]
    SLICE_X49Y143        FDRE                                         r  memreg_reg[6]/D
  -------------------------------------------------------------------    -------------------

                         (clock clk rise edge)        0.000     0.000 r  <hidden>
    E14                                               0.000     0.000 r  clk
                         net (fo=0)                   0.000     0.000    clk_IBUF_inst/I
    E14                  INBUF (Prop_INBUF_HDIOB_M_PAD_O)
                                                      1.059     1.059 r  clk_IBUF_inst/INBUF_INST/O
                         net (fo=1, routed)           0.000     1.059    clk_IBUF_inst/OUT
    E14                  IBUFCTRL (Prop_IBUFCTRL_HDIOB_M_I_O)
                                                      0.000     1.059 r  clk_IBUF_inst/IBUFCTRL_INST/O
                         net (fo=1, routed)           0.113     1.172    clk_IBUF
    BUFGCE_HDIO_X1Y4     BUFGCE (Prop_BUFCE_BUFGCE_HDIO_I_O)
                                                      0.019     1.191 r  clk_IBUF_BUFG_inst/O
    X1Y2 (CLOCK_ROOT)    net (fo=39, routed)          0.893     2.084    clk_IBUF_BUFG
    SLICE_X49Y143        FDRE                                         r  memreg_reg[6]/C

Slack:                    inf
  Source:                 mem_out[7]
                            (input port)
  Destination:            memreg_reg[7]/D
                            (rising edge-triggered cell FDRE clocked by clk  {rise@0.000ns fall@1.500ns period=3.000ns})
  Path Group:             (none)
  Path Type:              Hold (Min at Fast Process Corner)
  Data Path Delay:        0.544ns  (logic 0.154ns (28.250%)  route 0.390ns (71.750%))
  Logic Levels:           2  (IBUFCTRL=1 INBUF=1)
  Clock Path Skew:        2.084ns (DCD - SCD - CPR)
    Destination Clock Delay (DCD):    2.084ns
    Source Clock Delay      (SCD):    0.000ns
    Clock Pessimism Removal (CPR):    -0.000ns
  Clock Net Delay (Destination): 0.893ns (routing 0.373ns, distribution 0.520ns)

    Location             Delay type                Incr(ns)  Path(ns)    Netlist Resource(s)
  -------------------------------------------------------------------    -------------------
    D2                                                0.000     0.000 r  mem_out[7]
                         net (fo=0)                   0.000     0.000    mem_out_IBUF[7]_inst/I
    D2                   INBUF (Prop_INBUF_HPIOB_M_PAD_O)
                                                      0.154     0.154 r  mem_out_IBUF[7]_inst/INBUF_INST/O
                         net (fo=1, routed)           0.000     0.154    mem_out_IBUF[7]_inst/OUT
    D2                   IBUFCTRL (Prop_IBUFCTRL_HPIOB_M_I_O)
                                                      0.000     0.154 r  mem_out_IBUF[7]_inst/IBUFCTRL_INST/O
                         net (fo=1, routed)           0.390     0.544    mem_out_IBUF[7]
    SLICE_X49Y143        FDRE                                         r  memreg_reg[7]/D
  -------------------------------------------------------------------    -------------------

                         (clock clk rise edge)        0.000     0.000 r  <hidden>
    E14                                               0.000     0.000 r  clk
                         net (fo=0)                   0.000     0.000    clk_IBUF_inst/I
    E14                  INBUF (Prop_INBUF_HDIOB_M_PAD_O)
                                                      1.059     1.059 r  clk_IBUF_inst/INBUF_INST/O
                         net (fo=1, routed)           0.000     1.059    clk_IBUF_inst/OUT
    E14                  IBUFCTRL (Prop_IBUFCTRL_HDIOB_M_I_O)
                                                      0.000     1.059 r  clk_IBUF_inst/IBUFCTRL_INST/O
                         net (fo=1, routed)           0.113     1.172    clk_IBUF
    BUFGCE_HDIO_X1Y4     BUFGCE (Prop_BUFCE_BUFGCE_HDIO_I_O)
                                                      0.019     1.191 r  clk_IBUF_BUFG_inst/O
    X1Y2 (CLOCK_ROOT)    net (fo=39, routed)          0.893     2.084    clk_IBUF_BUFG
    SLICE_X49Y143        FDRE                                         r  memreg_reg[7]/C

Slack:                    inf
  Source:                 mem_out[5]
                            (input port)
  Destination:            memreg_reg[5]/D
                            (rising edge-triggered cell FDRE clocked by clk  {rise@0.000ns fall@1.500ns period=3.000ns})
  Path Group:             (none)
  Path Type:              Hold (Min at Fast Process Corner)
  Data Path Delay:        0.550ns  (logic 0.164ns (29.873%)  route 0.386ns (70.127%))
  Logic Levels:           2  (IBUFCTRL=1 INBUF=1)
  Clock Path Skew:        2.084ns (DCD - SCD - CPR)
    Destination Clock Delay (DCD):    2.084ns
    Source Clock Delay      (SCD):    0.000ns
    Clock Pessimism Removal (CPR):    -0.000ns
  Clock Net Delay (Destination): 0.893ns (routing 0.373ns, distribution 0.520ns)

    Location             Delay type                Incr(ns)  Path(ns)    Netlist Resource(s)
  -------------------------------------------------------------------    -------------------
    A3                                                0.000     0.000 r  mem_out[5]
                         net (fo=0)                   0.000     0.000    mem_out_IBUF[5]_inst/I
    A3                   INBUF (Prop_INBUF_HPIOB_M_PAD_O)
                                                      0.164     0.164 r  mem_out_IBUF[5]_inst/INBUF_INST/O
                         net (fo=1, routed)           0.000     0.164    mem_out_IBUF[5]_inst/OUT
    A3                   IBUFCTRL (Prop_IBUFCTRL_HPIOB_M_I_O)
                                                      0.000     0.164 r  mem_out_IBUF[5]_inst/IBUFCTRL_INST/O
                         net (fo=1, routed)           0.386     0.550    mem_out_IBUF[5]
    SLICE_X49Y143        FDRE                                         r  memreg_reg[5]/D
  -------------------------------------------------------------------    -------------------

                         (clock clk rise edge)        0.000     0.000 r  <hidden>
    E14                                               0.000     0.000 r  clk
                         net (fo=0)                   0.000     0.000    clk_IBUF_inst/I
    E14                  INBUF (Prop_INBUF_HDIOB_M_PAD_O)
                                                      1.059     1.059 r  clk_IBUF_inst/INBUF_INST/O
                         net (fo=1, routed)           0.000     1.059    clk_IBUF_inst/OUT
    E14                  IBUFCTRL (Prop_IBUFCTRL_HDIOB_M_I_O)
                                                      0.000     1.059 r  clk_IBUF_inst/IBUFCTRL_INST/O
                         net (fo=1, routed)           0.113     1.172    clk_IBUF
    BUFGCE_HDIO_X1Y4     BUFGCE (Prop_BUFCE_BUFGCE_HDIO_I_O)
                                                      0.019     1.191 r  clk_IBUF_BUFG_inst/O
    X1Y2 (CLOCK_ROOT)    net (fo=39, routed)          0.893     2.084    clk_IBUF_BUFG
    SLICE_X49Y143        FDRE                                         r  memreg_reg[5]/C

Slack:                    inf
  Source:                 mem_out[0]
                            (input port)
  Destination:            memreg_reg[0]/D
                            (rising edge-triggered cell FDRE clocked by clk  {rise@0.000ns fall@1.500ns period=3.000ns})
  Path Group:             (none)
  Path Type:              Hold (Min at Fast Process Corner)
  Data Path Delay:        0.553ns  (logic 0.141ns (25.530%)  route 0.412ns (74.470%))
  Logic Levels:           2  (IBUFCTRL=1 INBUF=1)
  Clock Path Skew:        2.087ns (DCD - SCD - CPR)
    Destination Clock Delay (DCD):    2.087ns
    Source Clock Delay      (SCD):    0.000ns
    Clock Pessimism Removal (CPR):    -0.000ns
  Clock Net Delay (Destination): 0.896ns (routing 0.373ns, distribution 0.523ns)

    Location             Delay type                Incr(ns)  Path(ns)    Netlist Resource(s)
  -------------------------------------------------------------------    -------------------
    E3                                                0.000     0.000 r  mem_out[0]
                         net (fo=0)                   0.000     0.000    mem_out_IBUF[0]_inst/I
    E3                   INBUF (Prop_INBUF_HPIOB_S_PAD_O)
                                                      0.141     0.141 r  mem_out_IBUF[0]_inst/INBUF_INST/O
                         net (fo=1, routed)           0.000     0.141    mem_out_IBUF[0]_inst/OUT
    E3                   IBUFCTRL (Prop_IBUFCTRL_HPIOB_S_I_O)
                                                      0.000     0.141 r  mem_out_IBUF[0]_inst/IBUFCTRL_INST/O
                         net (fo=1, routed)           0.412     0.553    mem_out_IBUF[0]
    SLICE_X49Y146        FDRE                                         r  memreg_reg[0]/D
  -------------------------------------------------------------------    -------------------

                         (clock clk rise edge)        0.000     0.000 r  <hidden>
    E14                                               0.000     0.000 r  clk
                         net (fo=0)                   0.000     0.000    clk_IBUF_inst/I
    E14                  INBUF (Prop_INBUF_HDIOB_M_PAD_O)
                                                      1.059     1.059 r  clk_IBUF_inst/INBUF_INST/O
                         net (fo=1, routed)           0.000     1.059    clk_IBUF_inst/OUT
    E14                  IBUFCTRL (Prop_IBUFCTRL_HDIOB_M_I_O)
                                                      0.000     1.059 r  clk_IBUF_inst/IBUFCTRL_INST/O
                         net (fo=1, routed)           0.113     1.172    clk_IBUF
    BUFGCE_HDIO_X1Y4     BUFGCE (Prop_BUFCE_BUFGCE_HDIO_I_O)
                                                      0.019     1.191 r  clk_IBUF_BUFG_inst/O
    X1Y2 (CLOCK_ROOT)    net (fo=39, routed)          0.896     2.087    clk_IBUF_BUFG
    SLICE_X49Y146        FDRE                                         r  memreg_reg[0]/C

Slack:                    inf
  Source:                 mem_out[14]
                            (input port)
  Destination:            memreg_reg[14]/D
                            (rising edge-triggered cell FDRE clocked by clk  {rise@0.000ns fall@1.500ns period=3.000ns})
  Path Group:             (none)
  Path Type:              Hold (Min at Fast Process Corner)
  Data Path Delay:        0.557ns  (logic 0.135ns (24.277%)  route 0.422ns (75.723%))
  Logic Levels:           2  (IBUFCTRL=1 INBUF=1)
  Clock Path Skew:        2.085ns (DCD - SCD - CPR)
    Destination Clock Delay (DCD):    2.085ns
    Source Clock Delay      (SCD):    0.000ns
    Clock Pessimism Removal (CPR):    -0.000ns
  Clock Net Delay (Destination): 0.894ns (routing 0.373ns, distribution 0.521ns)

    Location             Delay type                Incr(ns)  Path(ns)    Netlist Resource(s)
  -------------------------------------------------------------------    -------------------
    J1                                                0.000     0.000 r  mem_out[14]
                         net (fo=0)                   0.000     0.000    mem_out_IBUF[14]_inst/I
    J1                   INBUF (Prop_INBUF_HPIOB_S_PAD_O)
                                                      0.135     0.135 r  mem_out_IBUF[14]_inst/INBUF_INST/O
                         net (fo=1, routed)           0.000     0.135    mem_out_IBUF[14]_inst/OUT
    J1                   IBUFCTRL (Prop_IBUFCTRL_HPIOB_S_I_O)
                                                      0.000     0.135 r  mem_out_IBUF[14]_inst/IBUFCTRL_INST/O
                         net (fo=1, routed)           0.422     0.557    mem_out_IBUF[14]
    SLICE_X49Y142        FDRE                                         r  memreg_reg[14]/D
  -------------------------------------------------------------------    -------------------

                         (clock clk rise edge)        0.000     0.000 r  <hidden>
    E14                                               0.000     0.000 r  clk
                         net (fo=0)                   0.000     0.000    clk_IBUF_inst/I
    E14                  INBUF (Prop_INBUF_HDIOB_M_PAD_O)
                                                      1.059     1.059 r  clk_IBUF_inst/INBUF_INST/O
                         net (fo=1, routed)           0.000     1.059    clk_IBUF_inst/OUT
    E14                  IBUFCTRL (Prop_IBUFCTRL_HDIOB_M_I_O)
                                                      0.000     1.059 r  clk_IBUF_inst/IBUFCTRL_INST/O
                         net (fo=1, routed)           0.113     1.172    clk_IBUF
    BUFGCE_HDIO_X1Y4     BUFGCE (Prop_BUFCE_BUFGCE_HDIO_I_O)
                                                      0.019     1.191 r  clk_IBUF_BUFG_inst/O
    X1Y2 (CLOCK_ROOT)    net (fo=39, routed)          0.894     2.085    clk_IBUF_BUFG
    SLICE_X49Y142        FDRE                                         r  memreg_reg[14]/C





