Copyright 1986-2022 Xilinx, Inc. All Rights Reserved. Copyright 2022-2026 Advanced Micro Devices, Inc. All Rights Reserved.
--------------------------------------------------------------------------------------------------------------------------------------------------------------------------------------------------------------------------------------------------------
| Tool Version      : Vivado v.2026.1 (win64) Build 6511674 Tue Jun 16 11:02:23 MDT 2026
| Date              : Tue Aug 25 23:20:15 2026
| Host              : DESKTOP-3JJEEI1 running 64-bit major release  (build 9200)
| Command           : report_timing_summary -max_paths 10 -routable_nets -report_unconstrained -file ns_ld_wmesa16_timing_summary_routed.rpt -pb ns_ld_wmesa16_timing_summary_routed.pb -rpx ns_ld_wmesa16_timing_summary_routed.rpx -warn_on_violation
| Design            : ns_ld_wmesa16
| Device            : xczu3teg-sfvd784
| Speed File        : -2  PRODUCTION 1.06 11-16-2023
| Design State      : Routed
| Temperature Grade : E
--------------------------------------------------------------------------------------------------------------------------------------------------------------------------------------------------------------------------------------------------------

Timing Summary Report

------------------------------------------------------------------------------------------------
| Timer Settings
| --------------
------------------------------------------------------------------------------------------------

  Enable Multi Corner Analysis               :  Yes
  Enable Pessimism Removal                   :  Yes
  Pessimism Removal Resolution               :  Nearest Common Node
  Enable Input Delay Default Clock           :  No
  Enable Preset / Clear Arcs                 :  No
  Disable Flight Delays                      :  No
  Ignore I/O Paths                           :  No
  Timing Early Launch at Borrowing Latches   :  No
  Borrow Time for Max Delay Exceptions       :  Yes
  Merge Timing Exceptions                    :  Yes
  Inter-SLR Compensation                     :  Conservative

  Corner  Analyze    Analyze    
  Name    Max Paths  Min Paths  
  ------  ---------  ---------  
  Slow    Yes        Yes        
  Fast    Yes        Yes        


------------------------------------------------------------------------------------------------
| Report Methodology
| ------------------
------------------------------------------------------------------------------------------------

Rule       Severity  Description                    Violations  
---------  --------  -----------------------------  ----------  
TIMING-18  Warning   Missing input or output delay  41          

Note: This report is based on the most recent report_methodology run and may not be up-to-date. Run report_methodology on the current design for the latest report.



check_timing report

Table of Contents
-----------------
1. checking no_clock (0)
2. checking constant_clock (0)
3. checking pulse_width_clock (0)
4. checking unconstrained_internal_endpoints (0)
5. checking no_input_delay (16)
6. checking no_output_delay (21)
7. checking multiple_clock (0)
8. checking generated_clocks (0)
9. checking loops (0)
10. checking partial_input_delay (0)
11. checking partial_output_delay (0)
12. checking latch_loops (0)

1. checking no_clock (0)
------------------------
 There are 0 register/latch pins with no clock.


2. checking constant_clock (0)
------------------------------
 There are 0 register/latch pins with constant_clock.


3. checking pulse_width_clock (0)
---------------------------------
 There are 0 register/latch pins which need pulse_width check


4. checking unconstrained_internal_endpoints (0)
------------------------------------------------
 There are 0 pins that are not constrained for maximum delay.

 There are 0 pins that are not constrained for maximum delay due to constant clock.


5. checking no_input_delay (16)
-------------------------------
 There are 16 input ports with no input delay specified. (HIGH)

 There are 0 input ports with no input delay but user has a false path constraint.


6. checking no_output_delay (21)
--------------------------------
 There are 21 ports with no output delay specified. (HIGH)

 There are 0 ports with no output delay but user has a false path constraint

 There are 0 ports with no output delay but with a timing clock defined on it or propagating through it


7. checking multiple_clock (0)
------------------------------
 There are 0 register/latch pins with multiple clocks.


8. checking generated_clocks (0)
--------------------------------
 There are 0 generated clocks that are not connected to a clock source.


9. checking loops (0)
---------------------
 There are 0 combinational loops in the design.


10. checking partial_input_delay (0)
------------------------------------
 There are 0 input ports with partial input delay specified.


11. checking partial_output_delay (0)
-------------------------------------
 There are 0 ports with partial output delay specified.


12. checking latch_loops (0)
----------------------------
 There are 0 combinational latch loops in the design through latch input



------------------------------------------------------------------------------------------------
| Design Timing Summary
| ---------------------
------------------------------------------------------------------------------------------------

    WNS(ns)      TNS(ns)  TNS Failing Endpoints  TNS Total Endpoints      WHS(ns)      THS(ns)  THS Failing Endpoints  THS Total Endpoints     WPWS(ns)     TPWS(ns)  TPWS Failing Endpoints  TPWS Total Endpoints  
    -------      -------  ---------------------  -------------------      -------      -------  ---------------------  -------------------     --------     --------  ----------------------  --------------------  
      1.355        0.000                      0                   30        0.047        0.000                      0                   30        1.225        0.000                       0                    38  


All user specified timing constraints are met.


------------------------------------------------------------------------------------------------
| Clock Summary
| -------------
------------------------------------------------------------------------------------------------

Clock  Waveform(ns)         Period(ns)      Frequency(MHz)
-----  ------------         ----------      --------------
clk    {0.000 1.500}        3.000           333.333         


------------------------------------------------------------------------------------------------
| Intra Clock Table
| -----------------
------------------------------------------------------------------------------------------------

Clock             WNS(ns)      TNS(ns)  TNS Failing Endpoints  TNS Total Endpoints      WHS(ns)      THS(ns)  THS Failing Endpoints  THS Total Endpoints     WPWS(ns)     TPWS(ns)  TPWS Failing Endpoints  TPWS Total Endpoints  
-----             -------      -------  ---------------------  -------------------      -------      -------  ---------------------  -------------------     --------     --------  ----------------------  --------------------  
clk                 1.355        0.000                      0                   30        0.047        0.000                      0                   30        1.225        0.000                       0                    38  


------------------------------------------------------------------------------------------------
| Inter Clock Table
| -----------------
------------------------------------------------------------------------------------------------

From Clock    To Clock          WNS(ns)      TNS(ns)  TNS Failing Endpoints  TNS Total Endpoints      WHS(ns)      THS(ns)  THS Failing Endpoints  THS Total Endpoints  
----------    --------          -------      -------  ---------------------  -------------------      -------      -------  ---------------------  -------------------  


------------------------------------------------------------------------------------------------
| Other Path Groups Table
| -----------------------
------------------------------------------------------------------------------------------------

Path Group    From Clock    To Clock          WNS(ns)      TNS(ns)  TNS Failing Endpoints  TNS Total Endpoints      WHS(ns)      THS(ns)  THS Failing Endpoints  THS Total Endpoints  
----------    ----------    --------          -------      -------  ---------------------  -------------------      -------      -------  ---------------------  -------------------  


------------------------------------------------------------------------------------------------
| User Ignored Path Table
| -----------------------
------------------------------------------------------------------------------------------------

Path Group    From Clock    To Clock    
----------    ----------    --------    


------------------------------------------------------------------------------------------------
| Unconstrained Path Table
| ------------------------
------------------------------------------------------------------------------------------------

Path Group    From Clock    To Clock    
----------    ----------    --------    
(none)        clk                         
(none)                      clk           


------------------------------------------------------------------------------------------------
| Timing Details
| --------------
------------------------------------------------------------------------------------------------


---------------------------------------------------------------------------------------------------
From Clock:  clk
  To Clock:  clk

Setup :            0  Failing Endpoints,  Worst Slack        1.355ns,  Total Violation        0.000ns
Hold  :            0  Failing Endpoints,  Worst Slack        0.047ns,  Total Violation        0.000ns
PW    :            0  Failing Endpoints,  Worst Slack        1.225ns,  Total Violation        0.000ns
---------------------------------------------------------------------------------------------------


Max Delay Paths
--------------------------------------------------------------------------------------
Slack (MET) :             1.355ns  (required time - arrival time)
  Source:                 memreg_reg[1]/C
                            (rising edge-triggered cell FDRE clocked by clk  {rise@0.000ns fall@1.500ns period=3.000ns})
  Destination:            alu_in_reg[frac][11]/R
                            (rising edge-triggered cell FDRE clocked by clk  {rise@0.000ns fall@1.500ns period=3.000ns})
  Path Group:             clk
  Path Type:              Setup (Max at Slow Process Corner)
  Requirement:            3.000ns  (clk rise@3.000ns - clk rise@0.000ns)
  Data Path Delay:        1.500ns  (logic 0.461ns (30.731%)  route 1.039ns (69.269%))
  Logic Levels:           4  (LUT2=1 LUT3=1 LUT5=2)
  Clock Path Skew:        -0.036ns (DCD - SCD + CPR)
    Destination Clock Delay (DCD):    2.265ns = ( 5.265 - 3.000 ) 
    Source Clock Delay      (SCD):    2.906ns
    Clock Pessimism Removal (CPR):    0.606ns
  Clock Uncertainty:      0.035ns  ((TSJ^2 + TIJ^2)^1/2 + DJ) / 2 + PE
    Total System Jitter     (TSJ):    0.071ns
    Total Input Jitter      (TIJ):    0.000ns
    Discrete Jitter          (DJ):    0.000ns
    Phase Error              (PE):    0.000ns
  Clock Net Delay (Source):      1.436ns (routing 0.623ns, distribution 0.813ns)
  Clock Net Delay (Destination): 1.257ns (routing 0.570ns, distribution 0.687ns)

    Location             Delay type                Incr(ns)  Path(ns)    Netlist Resource(s)
  -------------------------------------------------------------------    -------------------
                         (clock clk rise edge)        0.000     0.000 r  <hidden>
    E14                                               0.000     0.000 r  clk
                         net (fo=0)                   0.000     0.000    clk_IBUF_inst/I
    E14                  INBUF (Prop_INBUF_HDIOB_M_PAD_O)
                                                      1.238     1.238 r  clk_IBUF_inst/INBUF_INST/O
                         net (fo=1, routed)           0.000     1.238    clk_IBUF_inst/OUT
    E14                  IBUFCTRL (Prop_IBUFCTRL_HDIOB_M_I_O)
                                                      0.000     1.238 r  clk_IBUF_inst/IBUFCTRL_INST/O
                         net (fo=1, routed)           0.204     1.442    clk_IBUF
    BUFGCE_HDIO_X1Y4     BUFGCE (Prop_BUFCE_BUFGCE_HDIO_I_O)
                                                      0.028     1.470 r  clk_IBUF_BUFG_inst/O
    X1Y2 (CLOCK_ROOT)    net (fo=37, routed)          1.436     2.906    clk_IBUF_BUFG
    SLICE_X49Y145        FDRE                                         r  memreg_reg[1]/C
  -------------------------------------------------------------------    -------------------
    SLICE_X49Y145        FDRE (Prop_FFF2_SLICEM_C_Q)
                                                      0.079     2.985 f  memreg_reg[1]/Q
                         net (fo=5, routed)           0.221     3.207    p_6_in
    SLICE_X49Y144        LUT2 (Prop_D5LUT_SLICEM_I1_O)
                                                      0.110     3.317 f  alu_in[expon][4]_i_2/O
                         net (fo=4, routed)           0.184     3.501    alu_in[expon][4]_i_2_n_0
    SLICE_X48Y145        LUT3 (Prop_B5LUT_SLICEL_I2_O)
                                                      0.073     3.574 f  alu_in[frac][10]_i_3/O
                         net (fo=6, routed)           0.196     3.770    alu_in[frac][10]_i_3_n_0
    SLICE_X48Y145        LUT5 (Prop_C6LUT_SLICEL_I4_O)
                                                      0.146     3.916 f  alu_in[znan]_i_2/O
                         net (fo=5, routed)           0.196     4.113    alu_in[znan]_i_2_n_0
    SLICE_X49Y146        LUT5 (Prop_H6LUT_SLICEM_I0_O)
                                                      0.053     4.166 r  alu_in[frac][11]_i_1/O
                         net (fo=1, routed)           0.241     4.407    alu_temp[frac][11]
    SLICE_X49Y146        FDRE                                         r  alu_in_reg[frac][11]/R
  -------------------------------------------------------------------    -------------------

                         (clock clk rise edge)        3.000     3.000 r  <hidden>
    E14                                               0.000     3.000 r  clk
                         net (fo=0)                   0.000     3.000    clk_IBUF_inst/I
    E14                  INBUF (Prop_INBUF_HDIOB_M_PAD_O)
                                                      0.815     3.815 r  clk_IBUF_inst/INBUF_INST/O
                         net (fo=1, routed)           0.000     3.815    clk_IBUF_inst/OUT
    E14                  IBUFCTRL (Prop_IBUFCTRL_HDIOB_M_I_O)
                                                      0.000     3.815 r  clk_IBUF_inst/IBUFCTRL_INST/O
                         net (fo=1, routed)           0.169     3.984    clk_IBUF
    BUFGCE_HDIO_X1Y4     BUFGCE (Prop_BUFCE_BUFGCE_HDIO_I_O)
                                                      0.024     4.008 r  clk_IBUF_BUFG_inst/O
    X1Y2 (CLOCK_ROOT)    net (fo=37, routed)          1.257     5.265    clk_IBUF_BUFG
    SLICE_X49Y146        FDRE                                         r  alu_in_reg[frac][11]/C
                         clock pessimism              0.606     5.871    <hidden>
                         clock uncertainty           -0.035     5.836    <hidden>
    SLICE_X49Y146        FDRE (Setup_EFF_SLICEM_C_R)
                                                     -0.074     5.762    alu_in_reg[frac][11]
  -------------------------------------------------------------------
                         required time                          5.762    <hidden>
                         arrival time                          -4.407    <hidden>
  -------------------------------------------------------------------
                         slack                                  1.355    <hidden>

Slack (MET) :             1.458ns  (required time - arrival time)
  Source:                 memreg_reg[1]/C
                            (rising edge-triggered cell FDRE clocked by clk  {rise@0.000ns fall@1.500ns period=3.000ns})
  Destination:            alu_in_reg[frac][11]/D
                            (rising edge-triggered cell FDRE clocked by clk  {rise@0.000ns fall@1.500ns period=3.000ns})
  Path Group:             clk
  Path Type:              Setup (Max at Slow Process Corner)
  Requirement:            3.000ns  (clk rise@3.000ns - clk rise@0.000ns)
  Data Path Delay:        1.496ns  (logic 0.496ns (33.146%)  route 1.000ns (66.854%))
  Logic Levels:           4  (LUT2=1 LUT3=1 LUT5=2)
  Clock Path Skew:        -0.036ns (DCD - SCD + CPR)
    Destination Clock Delay (DCD):    2.265ns = ( 5.265 - 3.000 ) 
    Source Clock Delay      (SCD):    2.906ns
    Clock Pessimism Removal (CPR):    0.606ns
  Clock Uncertainty:      0.035ns  ((TSJ^2 + TIJ^2)^1/2 + DJ) / 2 + PE
    Total System Jitter     (TSJ):    0.071ns
    Total Input Jitter      (TIJ):    0.000ns
    Discrete Jitter          (DJ):    0.000ns
    Phase Error              (PE):    0.000ns
  Clock Net Delay (Source):      1.436ns (routing 0.623ns, distribution 0.813ns)
  Clock Net Delay (Destination): 1.257ns (routing 0.570ns, distribution 0.687ns)

    Location             Delay type                Incr(ns)  Path(ns)    Netlist Resource(s)
  -------------------------------------------------------------------    -------------------
                         (clock clk rise edge)        0.000     0.000 r  <hidden>
    E14                                               0.000     0.000 r  clk
                         net (fo=0)                   0.000     0.000    clk_IBUF_inst/I
    E14                  INBUF (Prop_INBUF_HDIOB_M_PAD_O)
                                                      1.238     1.238 r  clk_IBUF_inst/INBUF_INST/O
                         net (fo=1, routed)           0.000     1.238    clk_IBUF_inst/OUT
    E14                  IBUFCTRL (Prop_IBUFCTRL_HDIOB_M_I_O)
                                                      0.000     1.238 r  clk_IBUF_inst/IBUFCTRL_INST/O
                         net (fo=1, routed)           0.204     1.442    clk_IBUF
    BUFGCE_HDIO_X1Y4     BUFGCE (Prop_BUFCE_BUFGCE_HDIO_I_O)
                                                      0.028     1.470 r  clk_IBUF_BUFG_inst/O
    X1Y2 (CLOCK_ROOT)    net (fo=37, routed)          1.436     2.906    clk_IBUF_BUFG
    SLICE_X49Y145        FDRE                                         r  memreg_reg[1]/C
  -------------------------------------------------------------------    -------------------
    SLICE_X49Y145        FDRE (Prop_FFF2_SLICEM_C_Q)
                                                      0.079     2.985 f  memreg_reg[1]/Q
                         net (fo=5, routed)           0.221     3.207    p_6_in
    SLICE_X49Y144        LUT2 (Prop_D5LUT_SLICEM_I1_O)
                                                      0.110     3.317 f  alu_in[expon][4]_i_2/O
                         net (fo=4, routed)           0.184     3.501    alu_in[expon][4]_i_2_n_0
    SLICE_X48Y145        LUT3 (Prop_B5LUT_SLICEL_I2_O)
                                                      0.073     3.574 f  alu_in[frac][10]_i_3/O
                         net (fo=6, routed)           0.196     3.770    alu_in[frac][10]_i_3_n_0
    SLICE_X48Y145        LUT5 (Prop_C6LUT_SLICEL_I4_O)
                                                      0.146     3.916 f  alu_in[znan]_i_2/O
                         net (fo=5, routed)           0.144     4.060    alu_in[znan]_i_2_n_0
    SLICE_X49Y146        LUT5 (Prop_C6LUT_SLICEM_I0_O)
                                                      0.088     4.148 r  alu_in[frac][11]_i_2/O
                         net (fo=1, routed)           0.255     4.403    alu_temp[frac]0_in[11]
    SLICE_X49Y146        FDRE                                         r  alu_in_reg[frac][11]/D
  -------------------------------------------------------------------    -------------------

                         (clock clk rise edge)        3.000     3.000 r  <hidden>
    E14                                               0.000     3.000 r  clk
                         net (fo=0)                   0.000     3.000    clk_IBUF_inst/I
    E14                  INBUF (Prop_INBUF_HDIOB_M_PAD_O)
                                                      0.815     3.815 r  clk_IBUF_inst/INBUF_INST/O
                         net (fo=1, routed)           0.000     3.815    clk_IBUF_inst/OUT
    E14                  IBUFCTRL (Prop_IBUFCTRL_HDIOB_M_I_O)
                                                      0.000     3.815 r  clk_IBUF_inst/IBUFCTRL_INST/O
                         net (fo=1, routed)           0.169     3.984    clk_IBUF
    BUFGCE_HDIO_X1Y4     BUFGCE (Prop_BUFCE_BUFGCE_HDIO_I_O)
                                                      0.024     4.008 r  clk_IBUF_BUFG_inst/O
    X1Y2 (CLOCK_ROOT)    net (fo=37, routed)          1.257     5.265    clk_IBUF_BUFG
    SLICE_X49Y146        FDRE                                         r  alu_in_reg[frac][11]/C
                         clock pessimism              0.606     5.871    <hidden>
                         clock uncertainty           -0.035     5.836    <hidden>
    SLICE_X49Y146        FDRE (Setup_EFF_SLICEM_C_D)
                                                      0.025     5.861    alu_in_reg[frac][11]
  -------------------------------------------------------------------
                         required time                          5.861    <hidden>
                         arrival time                          -4.403    <hidden>
  -------------------------------------------------------------------
                         slack                                  1.458    <hidden>

Slack (MET) :             1.572ns  (required time - arrival time)
  Source:                 memreg_reg[1]/C
                            (rising edge-triggered cell FDRE clocked by clk  {rise@0.000ns fall@1.500ns period=3.000ns})
  Destination:            alu_in_reg[expon][5]/D
                            (rising edge-triggered cell FDRE clocked by clk  {rise@0.000ns fall@1.500ns period=3.000ns})
  Path Group:             clk
  Path Type:              Setup (Max at Slow Process Corner)
  Requirement:            3.000ns  (clk rise@3.000ns - clk rise@0.000ns)
  Data Path Delay:        1.393ns  (logic 0.583ns (41.855%)  route 0.810ns (58.145%))
  Logic Levels:           4  (LUT2=1 LUT3=1 LUT4=1 LUT5=1)
  Clock Path Skew:        -0.025ns (DCD - SCD + CPR)
    Destination Clock Delay (DCD):    2.267ns = ( 5.267 - 3.000 ) 
    Source Clock Delay      (SCD):    2.906ns
    Clock Pessimism Removal (CPR):    0.614ns
  Clock Uncertainty:      0.035ns  ((TSJ^2 + TIJ^2)^1/2 + DJ) / 2 + PE
    Total System Jitter     (TSJ):    0.071ns
    Total Input Jitter      (TIJ):    0.000ns
    Discrete Jitter          (DJ):    0.000ns
    Phase Error              (PE):    0.000ns
  Clock Net Delay (Source):      1.436ns (routing 0.623ns, distribution 0.813ns)
  Clock Net Delay (Destination): 1.259ns (routing 0.570ns, distribution 0.689ns)

    Location             Delay type                Incr(ns)  Path(ns)    Netlist Resource(s)
  -------------------------------------------------------------------    -------------------
                         (clock clk rise edge)        0.000     0.000 r  <hidden>
    E14                                               0.000     0.000 r  clk
                         net (fo=0)                   0.000     0.000    clk_IBUF_inst/I
    E14                  INBUF (Prop_INBUF_HDIOB_M_PAD_O)
                                                      1.238     1.238 r  clk_IBUF_inst/INBUF_INST/O
                         net (fo=1, routed)           0.000     1.238    clk_IBUF_inst/OUT
    E14                  IBUFCTRL (Prop_IBUFCTRL_HDIOB_M_I_O)
                                                      0.000     1.238 r  clk_IBUF_inst/IBUFCTRL_INST/O
                         net (fo=1, routed)           0.204     1.442    clk_IBUF
    BUFGCE_HDIO_X1Y4     BUFGCE (Prop_BUFCE_BUFGCE_HDIO_I_O)
                                                      0.028     1.470 r  clk_IBUF_BUFG_inst/O
    X1Y2 (CLOCK_ROOT)    net (fo=37, routed)          1.436     2.906    clk_IBUF_BUFG
    SLICE_X49Y145        FDRE                                         r  memreg_reg[1]/C
  -------------------------------------------------------------------    -------------------
    SLICE_X49Y145        FDRE (Prop_FFF2_SLICEM_C_Q)
                                                      0.079     2.985 r  memreg_reg[1]/Q
                         net (fo=5, routed)           0.221     3.207    p_6_in
    SLICE_X49Y144        LUT2 (Prop_D5LUT_SLICEM_I1_O)
                                                      0.110     3.317 r  alu_in[expon][4]_i_2/O
                         net (fo=4, routed)           0.184     3.501    alu_in[expon][4]_i_2_n_0
    SLICE_X48Y145        LUT3 (Prop_B5LUT_SLICEL_I2_O)
                                                      0.073     3.574 r  alu_in[frac][10]_i_3/O
                         net (fo=6, routed)           0.196     3.770    alu_in[frac][10]_i_3_n_0
    SLICE_X48Y145        LUT5 (Prop_C5LUT_SLICEL_I0_O)
                                                      0.158     3.928 r  alu_in[expon][5]_i_2/O
                         net (fo=1, routed)           0.185     4.113    alu_in[expon][5]_i_2_n_0
    SLICE_X49Y145        LUT4 (Prop_A5LUT_SLICEM_I1_O)
                                                      0.163     4.276 r  alu_in[expon][5]_i_1/O
                         net (fo=1, routed)           0.023     4.299    alu_temp[expon][5]
    SLICE_X49Y145        FDRE                                         r  alu_in_reg[expon][5]/D
  -------------------------------------------------------------------    -------------------

                         (clock clk rise edge)        3.000     3.000 r  <hidden>
    E14                                               0.000     3.000 r  clk
                         net (fo=0)                   0.000     3.000    clk_IBUF_inst/I
    E14                  INBUF (Prop_INBUF_HDIOB_M_PAD_O)
                                                      0.815     3.815 r  clk_IBUF_inst/INBUF_INST/O
                         net (fo=1, routed)           0.000     3.815    clk_IBUF_inst/OUT
    E14                  IBUFCTRL (Prop_IBUFCTRL_HDIOB_M_I_O)
                                                      0.000     3.815 r  clk_IBUF_inst/IBUFCTRL_INST/O
                         net (fo=1, routed)           0.169     3.984    clk_IBUF
    BUFGCE_HDIO_X1Y4     BUFGCE (Prop_BUFCE_BUFGCE_HDIO_I_O)
                                                      0.024     4.008 r  clk_IBUF_BUFG_inst/O
    X1Y2 (CLOCK_ROOT)    net (fo=37, routed)          1.259     5.267    clk_IBUF_BUFG
    SLICE_X49Y145        FDRE                                         r  alu_in_reg[expon][5]/C
                         clock pessimism              0.614     5.881    <hidden>
                         clock uncertainty           -0.035     5.846    <hidden>
    SLICE_X49Y145        FDRE (Setup_AFF2_SLICEM_C_D)
                                                      0.025     5.871    alu_in_reg[expon][5]
  -------------------------------------------------------------------
                         required time                          5.871    <hidden>
                         arrival time                          -4.299    <hidden>
  -------------------------------------------------------------------
                         slack                                  1.572    <hidden>

Slack (MET) :             1.642ns  (required time - arrival time)
  Source:                 memreg_reg[1]/C
                            (rising edge-triggered cell FDRE clocked by clk  {rise@0.000ns fall@1.500ns period=3.000ns})
  Destination:            alu_in_reg[expon][6]/D
                            (rising edge-triggered cell FDRE clocked by clk  {rise@0.000ns fall@1.500ns period=3.000ns})
  Path Group:             clk
  Path Type:              Setup (Max at Slow Process Corner)
  Requirement:            3.000ns  (clk rise@3.000ns - clk rise@0.000ns)
  Data Path Delay:        1.313ns  (logic 0.496ns (37.764%)  route 0.817ns (62.236%))
  Logic Levels:           4  (LUT2=1 LUT3=1 LUT4=1 LUT5=1)
  Clock Path Skew:        -0.035ns (DCD - SCD + CPR)
    Destination Clock Delay (DCD):    2.266ns = ( 5.266 - 3.000 ) 
    Source Clock Delay      (SCD):    2.906ns
    Clock Pessimism Removal (CPR):    0.606ns
  Clock Uncertainty:      0.035ns  ((TSJ^2 + TIJ^2)^1/2 + DJ) / 2 + PE
    Total System Jitter     (TSJ):    0.071ns
    Total Input Jitter      (TIJ):    0.000ns
    Discrete Jitter          (DJ):    0.000ns
    Phase Error              (PE):    0.000ns
  Clock Net Delay (Source):      1.436ns (routing 0.623ns, distribution 0.813ns)
  Clock Net Delay (Destination): 1.258ns (routing 0.570ns, distribution 0.688ns)

    Location             Delay type                Incr(ns)  Path(ns)    Netlist Resource(s)
  -------------------------------------------------------------------    -------------------
                         (clock clk rise edge)        0.000     0.000 r  <hidden>
    E14                                               0.000     0.000 r  clk
                         net (fo=0)                   0.000     0.000    clk_IBUF_inst/I
    E14                  INBUF (Prop_INBUF_HDIOB_M_PAD_O)
                                                      1.238     1.238 r  clk_IBUF_inst/INBUF_INST/O
                         net (fo=1, routed)           0.000     1.238    clk_IBUF_inst/OUT
    E14                  IBUFCTRL (Prop_IBUFCTRL_HDIOB_M_I_O)
                                                      0.000     1.238 r  clk_IBUF_inst/IBUFCTRL_INST/O
                         net (fo=1, routed)           0.204     1.442    clk_IBUF
    BUFGCE_HDIO_X1Y4     BUFGCE (Prop_BUFCE_BUFGCE_HDIO_I_O)
                                                      0.028     1.470 r  clk_IBUF_BUFG_inst/O
    X1Y2 (CLOCK_ROOT)    net (fo=37, routed)          1.436     2.906    clk_IBUF_BUFG
    SLICE_X49Y145        FDRE                                         r  memreg_reg[1]/C
  -------------------------------------------------------------------    -------------------
    SLICE_X49Y145        FDRE (Prop_FFF2_SLICEM_C_Q)
                                                      0.079     2.985 r  memreg_reg[1]/Q
                         net (fo=5, routed)           0.221     3.207    p_6_in
    SLICE_X49Y144        LUT2 (Prop_D5LUT_SLICEM_I1_O)
                                                      0.110     3.317 r  alu_in[expon][4]_i_2/O
                         net (fo=4, routed)           0.184     3.501    alu_in[expon][4]_i_2_n_0
    SLICE_X48Y145        LUT3 (Prop_B5LUT_SLICEL_I2_O)
                                                      0.073     3.574 r  alu_in[frac][10]_i_3/O
                         net (fo=6, routed)           0.196     3.770    alu_in[frac][10]_i_3_n_0
    SLICE_X48Y145        LUT5 (Prop_C6LUT_SLICEL_I4_O)
                                                      0.146     3.916 r  alu_in[znan]_i_2/O
                         net (fo=5, routed)           0.144     4.060    alu_in[znan]_i_2_n_0
    SLICE_X49Y146        LUT4 (Prop_D6LUT_SLICEM_I1_O)
                                                      0.088     4.148 r  alu_in[expon][6]_i_1/O
                         net (fo=1, routed)           0.072     4.220    alu_temp[expon][6]
    SLICE_X49Y146        FDRE                                         r  alu_in_reg[expon][6]/D
  -------------------------------------------------------------------    -------------------

                         (clock clk rise edge)        3.000     3.000 r  <hidden>
    E14                                               0.000     3.000 r  clk
                         net (fo=0)                   0.000     3.000    clk_IBUF_inst/I
    E14                  INBUF (Prop_INBUF_HDIOB_M_PAD_O)
                                                      0.815     3.815 r  clk_IBUF_inst/INBUF_INST/O
                         net (fo=1, routed)           0.000     3.815    clk_IBUF_inst/OUT
    E14                  IBUFCTRL (Prop_IBUFCTRL_HDIOB_M_I_O)
                                                      0.000     3.815 r  clk_IBUF_inst/IBUFCTRL_INST/O
                         net (fo=1, routed)           0.169     3.984    clk_IBUF
    BUFGCE_HDIO_X1Y4     BUFGCE (Prop_BUFCE_BUFGCE_HDIO_I_O)
                                                      0.024     4.008 r  clk_IBUF_BUFG_inst/O
    X1Y2 (CLOCK_ROOT)    net (fo=37, routed)          1.258     5.266    clk_IBUF_BUFG
    SLICE_X49Y146        FDRE                                         r  alu_in_reg[expon][6]/C
                         clock pessimism              0.606     5.872    <hidden>
                         clock uncertainty           -0.035     5.837    <hidden>
    SLICE_X49Y146        FDRE (Setup_DFF_SLICEM_C_D)
                                                      0.025     5.862    alu_in_reg[expon][6]
  -------------------------------------------------------------------
                         required time                          5.862    <hidden>
                         arrival time                          -4.220    <hidden>
  -------------------------------------------------------------------
                         slack                                  1.642    <hidden>

Slack (MET) :             1.643ns  (required time - arrival time)
  Source:                 memreg_reg[1]/C
                            (rising edge-triggered cell FDRE clocked by clk  {rise@0.000ns fall@1.500ns period=3.000ns})
  Destination:            alu_in_reg[frac][10]/R
                            (rising edge-triggered cell FDRE clocked by clk  {rise@0.000ns fall@1.500ns period=3.000ns})
  Path Group:             clk
  Path Type:              Setup (Max at Slow Process Corner)
  Requirement:            3.000ns  (clk rise@3.000ns - clk rise@0.000ns)
  Data Path Delay:        1.155ns  (logic 0.358ns (30.984%)  route 0.797ns (69.016%))
  Logic Levels:           3  (LUT2=1 LUT3=1 LUT5=1)
  Clock Path Skew:        -0.092ns (DCD - SCD + CPR)
    Destination Clock Delay (DCD):    2.260ns = ( 5.260 - 3.000 ) 
    Source Clock Delay      (SCD):    2.906ns
    Clock Pessimism Removal (CPR):    0.554ns
  Clock Uncertainty:      0.035ns  ((TSJ^2 + TIJ^2)^1/2 + DJ) / 2 + PE
    Total System Jitter     (TSJ):    0.071ns
    Total Input Jitter      (TIJ):    0.000ns
    Discrete Jitter          (DJ):    0.000ns
    Phase Error              (PE):    0.000ns
  Clock Net Delay (Source):      1.436ns (routing 0.623ns, distribution 0.813ns)
  Clock Net Delay (Destination): 1.252ns (routing 0.570ns, distribution 0.682ns)

    Location             Delay type                Incr(ns)  Path(ns)    Netlist Resource(s)
  -------------------------------------------------------------------    -------------------
                         (clock clk rise edge)        0.000     0.000 r  <hidden>
    E14                                               0.000     0.000 r  clk
                         net (fo=0)                   0.000     0.000    clk_IBUF_inst/I
    E14                  INBUF (Prop_INBUF_HDIOB_M_PAD_O)
                                                      1.238     1.238 r  clk_IBUF_inst/INBUF_INST/O
                         net (fo=1, routed)           0.000     1.238    clk_IBUF_inst/OUT
    E14                  IBUFCTRL (Prop_IBUFCTRL_HDIOB_M_I_O)
                                                      0.000     1.238 r  clk_IBUF_inst/IBUFCTRL_INST/O
                         net (fo=1, routed)           0.204     1.442    clk_IBUF
    BUFGCE_HDIO_X1Y4     BUFGCE (Prop_BUFCE_BUFGCE_HDIO_I_O)
                                                      0.028     1.470 r  clk_IBUF_BUFG_inst/O
    X1Y2 (CLOCK_ROOT)    net (fo=37, routed)          1.436     2.906    clk_IBUF_BUFG
    SLICE_X49Y145        FDRE                                         r  memreg_reg[1]/C
  -------------------------------------------------------------------    -------------------
    SLICE_X49Y145        FDRE (Prop_FFF2_SLICEM_C_Q)
                                                      0.079     2.985 f  memreg_reg[1]/Q
                         net (fo=5, routed)           0.221     3.207    p_6_in
    SLICE_X49Y144        LUT2 (Prop_D5LUT_SLICEM_I1_O)
                                                      0.110     3.317 f  alu_in[expon][4]_i_2/O
                         net (fo=4, routed)           0.184     3.501    alu_in[expon][4]_i_2_n_0
    SLICE_X48Y145        LUT3 (Prop_B5LUT_SLICEL_I2_O)
                                                      0.073     3.574 f  alu_in[frac][10]_i_3/O
                         net (fo=6, routed)           0.123     3.697    alu_in[frac][10]_i_3_n_0
    SLICE_X48Y146        LUT5 (Prop_H5LUT_SLICEL_I1_O)
                                                      0.096     3.793 r  alu_in[frac][10]_i_1/O
                         net (fo=1, routed)           0.269     4.062    alu_temp[frac][10]
    SLICE_X48Y146        FDRE                                         r  alu_in_reg[frac][10]/R
  -------------------------------------------------------------------    -------------------

                         (clock clk rise edge)        3.000     3.000 r  <hidden>
    E14                                               0.000     3.000 r  clk
                         net (fo=0)                   0.000     3.000    clk_IBUF_inst/I
    E14                  INBUF (Prop_INBUF_HDIOB_M_PAD_O)
                                                      0.815     3.815 r  clk_IBUF_inst/INBUF_INST/O
                         net (fo=1, routed)           0.000     3.815    clk_IBUF_inst/OUT
    E14                  IBUFCTRL (Prop_IBUFCTRL_HDIOB_M_I_O)
                                                      0.000     3.815 r  clk_IBUF_inst/IBUFCTRL_INST/O
                         net (fo=1, routed)           0.169     3.984    clk_IBUF
    BUFGCE_HDIO_X1Y4     BUFGCE (Prop_BUFCE_BUFGCE_HDIO_I_O)
                                                      0.024     4.008 r  clk_IBUF_BUFG_inst/O
    X1Y2 (CLOCK_ROOT)    net (fo=37, routed)          1.252     5.260    clk_IBUF_BUFG
    SLICE_X48Y146        FDRE                                         r  alu_in_reg[frac][10]/C
                         clock pessimism              0.554     5.814    <hidden>
                         clock uncertainty           -0.035     5.779    <hidden>
    SLICE_X48Y146        FDRE (Setup_EFF_SLICEL_C_R)
                                                     -0.074     5.705    alu_in_reg[frac][10]
  -------------------------------------------------------------------
                         required time                          5.705    <hidden>
                         arrival time                          -4.062    <hidden>
  -------------------------------------------------------------------
                         slack                                  1.643    <hidden>

Slack (MET) :             1.644ns  (required time - arrival time)
  Source:                 memreg_reg[1]/C
                            (rising edge-triggered cell FDRE clocked by clk  {rise@0.000ns fall@1.500ns period=3.000ns})
  Destination:            alu_in_reg[znan]/D
                            (rising edge-triggered cell FDRE clocked by clk  {rise@0.000ns fall@1.500ns period=3.000ns})
  Path Group:             clk
  Path Type:              Setup (Max at Slow Process Corner)
  Requirement:            3.000ns  (clk rise@3.000ns - clk rise@0.000ns)
  Data Path Delay:        1.311ns  (logic 0.508ns (38.746%)  route 0.803ns (61.254%))
  Logic Levels:           4  (LUT2=1 LUT3=1 LUT4=1 LUT5=1)
  Clock Path Skew:        -0.035ns (DCD - SCD + CPR)
    Destination Clock Delay (DCD):    2.266ns = ( 5.266 - 3.000 ) 
    Source Clock Delay      (SCD):    2.906ns
    Clock Pessimism Removal (CPR):    0.606ns
  Clock Uncertainty:      0.035ns  ((TSJ^2 + TIJ^2)^1/2 + DJ) / 2 + PE
    Total System Jitter     (TSJ):    0.071ns
    Total Input Jitter      (TIJ):    0.000ns
    Discrete Jitter          (DJ):    0.000ns
    Phase Error              (PE):    0.000ns
  Clock Net Delay (Source):      1.436ns (routing 0.623ns, distribution 0.813ns)
  Clock Net Delay (Destination): 1.258ns (routing 0.570ns, distribution 0.688ns)

    Location             Delay type                Incr(ns)  Path(ns)    Netlist Resource(s)
  -------------------------------------------------------------------    -------------------
                         (clock clk rise edge)        0.000     0.000 r  <hidden>
    E14                                               0.000     0.000 r  clk
                         net (fo=0)                   0.000     0.000    clk_IBUF_inst/I
    E14                  INBUF (Prop_INBUF_HDIOB_M_PAD_O)
                                                      1.238     1.238 r  clk_IBUF_inst/INBUF_INST/O
                         net (fo=1, routed)           0.000     1.238    clk_IBUF_inst/OUT
    E14                  IBUFCTRL (Prop_IBUFCTRL_HDIOB_M_I_O)
                                                      0.000     1.238 r  clk_IBUF_inst/IBUFCTRL_INST/O
                         net (fo=1, routed)           0.204     1.442    clk_IBUF
    BUFGCE_HDIO_X1Y4     BUFGCE (Prop_BUFCE_BUFGCE_HDIO_I_O)
                                                      0.028     1.470 r  clk_IBUF_BUFG_inst/O
    X1Y2 (CLOCK_ROOT)    net (fo=37, routed)          1.436     2.906    clk_IBUF_BUFG
    SLICE_X49Y145        FDRE                                         r  memreg_reg[1]/C
  -------------------------------------------------------------------    -------------------
    SLICE_X49Y145        FDRE (Prop_FFF2_SLICEM_C_Q)
                                                      0.079     2.985 f  memreg_reg[1]/Q
                         net (fo=5, routed)           0.221     3.207    p_6_in
    SLICE_X49Y144        LUT2 (Prop_D5LUT_SLICEM_I1_O)
                                                      0.110     3.317 f  alu_in[expon][4]_i_2/O
                         net (fo=4, routed)           0.184     3.501    alu_in[expon][4]_i_2_n_0
    SLICE_X48Y145        LUT3 (Prop_B5LUT_SLICEL_I2_O)
                                                      0.073     3.574 f  alu_in[frac][10]_i_3/O
                         net (fo=6, routed)           0.196     3.770    alu_in[frac][10]_i_3_n_0
    SLICE_X48Y145        LUT5 (Prop_C6LUT_SLICEL_I4_O)
                                                      0.146     3.916 f  alu_in[znan]_i_2/O
                         net (fo=5, routed)           0.142     4.059    alu_in[znan]_i_2_n_0
    SLICE_X49Y146        LUT4 (Prop_B6LUT_SLICEM_I0_O)
                                                      0.100     4.159 r  alu_in[znan]_i_1/O
                         net (fo=1, routed)           0.059     4.218    alu_temp[znan]
    SLICE_X49Y146        FDRE                                         r  alu_in_reg[znan]/D
  -------------------------------------------------------------------    -------------------

                         (clock clk rise edge)        3.000     3.000 r  <hidden>
    E14                                               0.000     3.000 r  clk
                         net (fo=0)                   0.000     3.000    clk_IBUF_inst/I
    E14                  INBUF (Prop_INBUF_HDIOB_M_PAD_O)
                                                      0.815     3.815 r  clk_IBUF_inst/INBUF_INST/O
                         net (fo=1, routed)           0.000     3.815    clk_IBUF_inst/OUT
    E14                  IBUFCTRL (Prop_IBUFCTRL_HDIOB_M_I_O)
                                                      0.000     3.815 r  clk_IBUF_inst/IBUFCTRL_INST/O
                         net (fo=1, routed)           0.169     3.984    clk_IBUF
    BUFGCE_HDIO_X1Y4     BUFGCE (Prop_BUFCE_BUFGCE_HDIO_I_O)
                                                      0.024     4.008 r  clk_IBUF_BUFG_inst/O
    X1Y2 (CLOCK_ROOT)    net (fo=37, routed)          1.258     5.266    clk_IBUF_BUFG
    SLICE_X49Y146        FDRE                                         r  alu_in_reg[znan]/C
                         clock pessimism              0.606     5.872    <hidden>
                         clock uncertainty           -0.035     5.837    <hidden>
    SLICE_X49Y146        FDRE (Setup_BFF_SLICEM_C_D)
                                                      0.025     5.862    alu_in_reg[znan]
  -------------------------------------------------------------------
                         required time                          5.862    <hidden>
                         arrival time                          -4.218    <hidden>
  -------------------------------------------------------------------
                         slack                                  1.644    <hidden>

Slack (MET) :             1.675ns  (required time - arrival time)
  Source:                 memreg_reg[1]/C
                            (rising edge-triggered cell FDRE clocked by clk  {rise@0.000ns fall@1.500ns period=3.000ns})
  Destination:            alu_in_reg[expon][7]/D
                            (rising edge-triggered cell FDRE clocked by clk  {rise@0.000ns fall@1.500ns period=3.000ns})
  Path Group:             clk
  Path Type:              Setup (Max at Slow Process Corner)
  Requirement:            3.000ns  (clk rise@3.000ns - clk rise@0.000ns)
  Data Path Delay:        1.280ns  (logic 0.505ns (39.440%)  route 0.775ns (60.560%))
  Logic Levels:           4  (LUT2=1 LUT3=1 LUT5=2)
  Clock Path Skew:        -0.035ns (DCD - SCD + CPR)
    Destination Clock Delay (DCD):    2.266ns = ( 5.266 - 3.000 ) 
    Source Clock Delay      (SCD):    2.906ns
    Clock Pessimism Removal (CPR):    0.606ns
  Clock Uncertainty:      0.035ns  ((TSJ^2 + TIJ^2)^1/2 + DJ) / 2 + PE
    Total System Jitter     (TSJ):    0.071ns
    Total Input Jitter      (TIJ):    0.000ns
    Discrete Jitter          (DJ):    0.000ns
    Phase Error              (PE):    0.000ns
  Clock Net Delay (Source):      1.436ns (routing 0.623ns, distribution 0.813ns)
  Clock Net Delay (Destination): 1.258ns (routing 0.570ns, distribution 0.688ns)

    Location             Delay type                Incr(ns)  Path(ns)    Netlist Resource(s)
  -------------------------------------------------------------------    -------------------
                         (clock clk rise edge)        0.000     0.000 r  <hidden>
    E14                                               0.000     0.000 r  clk
                         net (fo=0)                   0.000     0.000    clk_IBUF_inst/I
    E14                  INBUF (Prop_INBUF_HDIOB_M_PAD_O)
                                                      1.238     1.238 r  clk_IBUF_inst/INBUF_INST/O
                         net (fo=1, routed)           0.000     1.238    clk_IBUF_inst/OUT
    E14                  IBUFCTRL (Prop_IBUFCTRL_HDIOB_M_I_O)
                                                      0.000     1.238 r  clk_IBUF_inst/IBUFCTRL_INST/O
                         net (fo=1, routed)           0.204     1.442    clk_IBUF
    BUFGCE_HDIO_X1Y4     BUFGCE (Prop_BUFCE_BUFGCE_HDIO_I_O)
                                                      0.028     1.470 r  clk_IBUF_BUFG_inst/O
    X1Y2 (CLOCK_ROOT)    net (fo=37, routed)          1.436     2.906    clk_IBUF_BUFG
    SLICE_X49Y145        FDRE                                         r  memreg_reg[1]/C
  -------------------------------------------------------------------    -------------------
    SLICE_X49Y145        FDRE (Prop_FFF2_SLICEM_C_Q)
                                                      0.079     2.985 r  memreg_reg[1]/Q
                         net (fo=5, routed)           0.221     3.207    p_6_in
    SLICE_X49Y144        LUT2 (Prop_D5LUT_SLICEM_I1_O)
                                                      0.110     3.317 r  alu_in[expon][4]_i_2/O
                         net (fo=4, routed)           0.184     3.501    alu_in[expon][4]_i_2_n_0
    SLICE_X48Y145        LUT3 (Prop_B5LUT_SLICEL_I2_O)
                                                      0.073     3.574 r  alu_in[frac][10]_i_3/O
                         net (fo=6, routed)           0.196     3.770    alu_in[frac][10]_i_3_n_0
    SLICE_X48Y145        LUT5 (Prop_C6LUT_SLICEL_I4_O)
                                                      0.146     3.916 r  alu_in[znan]_i_2/O
                         net (fo=5, routed)           0.144     4.060    alu_in[znan]_i_2_n_0
    SLICE_X49Y146        LUT5 (Prop_D5LUT_SLICEM_I3_O)
                                                      0.097     4.157 r  alu_in[expon][7]_i_1/O
                         net (fo=1, routed)           0.030     4.187    alu_temp[expon][7]
    SLICE_X49Y146        FDRE                                         r  alu_in_reg[expon][7]/D
  -------------------------------------------------------------------    -------------------

                         (clock clk rise edge)        3.000     3.000 r  <hidden>
    E14                                               0.000     3.000 r  clk
                         net (fo=0)                   0.000     3.000    clk_IBUF_inst/I
    E14                  INBUF (Prop_INBUF_HDIOB_M_PAD_O)
                                                      0.815     3.815 r  clk_IBUF_inst/INBUF_INST/O
                         net (fo=1, routed)           0.000     3.815    clk_IBUF_inst/OUT
    E14                  IBUFCTRL (Prop_IBUFCTRL_HDIOB_M_I_O)
                                                      0.000     3.815 r  clk_IBUF_inst/IBUFCTRL_INST/O
                         net (fo=1, routed)           0.169     3.984    clk_IBUF
    BUFGCE_HDIO_X1Y4     BUFGCE (Prop_BUFCE_BUFGCE_HDIO_I_O)
                                                      0.024     4.008 r  clk_IBUF_BUFG_inst/O
    X1Y2 (CLOCK_ROOT)    net (fo=37, routed)          1.258     5.266    clk_IBUF_BUFG
    SLICE_X49Y146        FDRE                                         r  alu_in_reg[expon][7]/C
                         clock pessimism              0.606     5.872    <hidden>
                         clock uncertainty           -0.035     5.837    <hidden>
    SLICE_X49Y146        FDRE (Setup_DFF2_SLICEM_C_D)
                                                      0.025     5.862    alu_in_reg[expon][7]
  -------------------------------------------------------------------
                         required time                          5.862    <hidden>
                         arrival time                          -4.187    <hidden>
  -------------------------------------------------------------------
                         slack                                  1.675    <hidden>

Slack (MET) :             1.701ns  (required time - arrival time)
  Source:                 memreg_reg[1]/C
                            (rising edge-triggered cell FDRE clocked by clk  {rise@0.000ns fall@1.500ns period=3.000ns})
  Destination:            alu_in_reg[frac][7]/R
                            (rising edge-triggered cell FDRE clocked by clk  {rise@0.000ns fall@1.500ns period=3.000ns})
  Path Group:             clk
  Path Type:              Setup (Max at Slow Process Corner)
  Requirement:            3.000ns  (clk rise@3.000ns - clk rise@0.000ns)
  Data Path Delay:        1.093ns  (logic 0.312ns (28.534%)  route 0.781ns (71.466%))
  Logic Levels:           3  (LUT2=1 LUT3=2)
  Clock Path Skew:        -0.096ns (DCD - SCD + CPR)
    Destination Clock Delay (DCD):    2.256ns = ( 5.256 - 3.000 ) 
    Source Clock Delay      (SCD):    2.906ns
    Clock Pessimism Removal (CPR):    0.554ns
  Clock Uncertainty:      0.035ns  ((TSJ^2 + TIJ^2)^1/2 + DJ) / 2 + PE
    Total System Jitter     (TSJ):    0.071ns
    Total Input Jitter      (TIJ):    0.000ns
    Discrete Jitter          (DJ):    0.000ns
    Phase Error              (PE):    0.000ns
  Clock Net Delay (Source):      1.436ns (routing 0.623ns, distribution 0.813ns)
  Clock Net Delay (Destination): 1.248ns (routing 0.570ns, distribution 0.678ns)

    Location             Delay type                Incr(ns)  Path(ns)    Netlist Resource(s)
  -------------------------------------------------------------------    -------------------
                         (clock clk rise edge)        0.000     0.000 r  <hidden>
    E14                                               0.000     0.000 r  clk
                         net (fo=0)                   0.000     0.000    clk_IBUF_inst/I
    E14                  INBUF (Prop_INBUF_HDIOB_M_PAD_O)
                                                      1.238     1.238 r  clk_IBUF_inst/INBUF_INST/O
                         net (fo=1, routed)           0.000     1.238    clk_IBUF_inst/OUT
    E14                  IBUFCTRL (Prop_IBUFCTRL_HDIOB_M_I_O)
                                                      0.000     1.238 r  clk_IBUF_inst/IBUFCTRL_INST/O
                         net (fo=1, routed)           0.204     1.442    clk_IBUF
    BUFGCE_HDIO_X1Y4     BUFGCE (Prop_BUFCE_BUFGCE_HDIO_I_O)
                                                      0.028     1.470 r  clk_IBUF_BUFG_inst/O
    X1Y2 (CLOCK_ROOT)    net (fo=37, routed)          1.436     2.906    clk_IBUF_BUFG
    SLICE_X49Y145        FDRE                                         r  memreg_reg[1]/C
  -------------------------------------------------------------------    -------------------
    SLICE_X49Y145        FDRE (Prop_FFF2_SLICEM_C_Q)
                                                      0.079     2.985 f  memreg_reg[1]/Q
                         net (fo=5, routed)           0.221     3.207    p_6_in
    SLICE_X49Y144        LUT2 (Prop_D5LUT_SLICEM_I1_O)
                                                      0.110     3.317 f  alu_in[expon][4]_i_2/O
                         net (fo=4, routed)           0.184     3.501    alu_in[expon][4]_i_2_n_0
    SLICE_X48Y145        LUT3 (Prop_B5LUT_SLICEL_I2_O)
                                                      0.073     3.574 f  alu_in[frac][10]_i_3/O
                         net (fo=6, routed)           0.169     3.743    alu_in[frac][10]_i_3_n_0
    SLICE_X48Y146        LUT3 (Prop_D6LUT_SLICEL_I1_O)
                                                      0.050     3.793 r  alu_in[frac][7]_i_1/O
                         net (fo=1, routed)           0.207     4.000    alu_temp[frac][7]
    SLICE_X48Y147        FDRE                                         r  alu_in_reg[frac][7]/R
  -------------------------------------------------------------------    -------------------

                         (clock clk rise edge)        3.000     3.000 r  <hidden>
    E14                                               0.000     3.000 r  clk
                         net (fo=0)                   0.000     3.000    clk_IBUF_inst/I
    E14                  INBUF (Prop_INBUF_HDIOB_M_PAD_O)
                                                      0.815     3.815 r  clk_IBUF_inst/INBUF_INST/O
                         net (fo=1, routed)           0.000     3.815    clk_IBUF_inst/OUT
    E14                  IBUFCTRL (Prop_IBUFCTRL_HDIOB_M_I_O)
                                                      0.000     3.815 r  clk_IBUF_inst/IBUFCTRL_INST/O
                         net (fo=1, routed)           0.169     3.984    clk_IBUF
    BUFGCE_HDIO_X1Y4     BUFGCE (Prop_BUFCE_BUFGCE_HDIO_I_O)
                                                      0.024     4.008 r  clk_IBUF_BUFG_inst/O
    X1Y2 (CLOCK_ROOT)    net (fo=37, routed)          1.248     5.256    clk_IBUF_BUFG
    SLICE_X48Y147        FDRE                                         r  alu_in_reg[frac][7]/C
                         clock pessimism              0.554     5.810    <hidden>
                         clock uncertainty           -0.035     5.775    <hidden>
    SLICE_X48Y147        FDRE (Setup_AFF_SLICEL_C_R)
                                                     -0.074     5.701    alu_in_reg[frac][7]
  -------------------------------------------------------------------
                         required time                          5.701    <hidden>
                         arrival time                          -4.000    <hidden>
  -------------------------------------------------------------------
                         slack                                  1.701    <hidden>

Slack (MET) :             1.756ns  (required time - arrival time)
  Source:                 memreg_reg[1]/C
                            (rising edge-triggered cell FDRE clocked by clk  {rise@0.000ns fall@1.500ns period=3.000ns})
  Destination:            alu_in_reg[frac][8]/R
                            (rising edge-triggered cell FDRE clocked by clk  {rise@0.000ns fall@1.500ns period=3.000ns})
  Path Group:             clk
  Path Type:              Setup (Max at Slow Process Corner)
  Requirement:            3.000ns  (clk rise@3.000ns - clk rise@0.000ns)
  Data Path Delay:        1.040ns  (logic 0.352ns (33.832%)  route 0.688ns (66.168%))
  Logic Levels:           3  (LUT2=1 LUT3=1 LUT4=1)
  Clock Path Skew:        -0.094ns (DCD - SCD + CPR)
    Destination Clock Delay (DCD):    2.258ns = ( 5.258 - 3.000 ) 
    Source Clock Delay      (SCD):    2.906ns
    Clock Pessimism Removal (CPR):    0.554ns
  Clock Uncertainty:      0.035ns  ((TSJ^2 + TIJ^2)^1/2 + DJ) / 2 + PE
    Total System Jitter     (TSJ):    0.071ns
    Total Input Jitter      (TIJ):    0.000ns
    Discrete Jitter          (DJ):    0.000ns
    Phase Error              (PE):    0.000ns
  Clock Net Delay (Source):      1.436ns (routing 0.623ns, distribution 0.813ns)
  Clock Net Delay (Destination): 1.250ns (routing 0.570ns, distribution 0.680ns)

    Location             Delay type                Incr(ns)  Path(ns)    Netlist Resource(s)
  -------------------------------------------------------------------    -------------------
                         (clock clk rise edge)        0.000     0.000 r  <hidden>
    E14                                               0.000     0.000 r  clk
                         net (fo=0)                   0.000     0.000    clk_IBUF_inst/I
    E14                  INBUF (Prop_INBUF_HDIOB_M_PAD_O)
                                                      1.238     1.238 r  clk_IBUF_inst/INBUF_INST/O
                         net (fo=1, routed)           0.000     1.238    clk_IBUF_inst/OUT
    E14                  IBUFCTRL (Prop_IBUFCTRL_HDIOB_M_I_O)
                                                      0.000     1.238 r  clk_IBUF_inst/IBUFCTRL_INST/O
                         net (fo=1, routed)           0.204     1.442    clk_IBUF
    BUFGCE_HDIO_X1Y4     BUFGCE (Prop_BUFCE_BUFGCE_HDIO_I_O)
                                                      0.028     1.470 r  clk_IBUF_BUFG_inst/O
    X1Y2 (CLOCK_ROOT)    net (fo=37, routed)          1.436     2.906    clk_IBUF_BUFG
    SLICE_X49Y145        FDRE                                         r  memreg_reg[1]/C
  -------------------------------------------------------------------    -------------------
    SLICE_X49Y145        FDRE (Prop_FFF2_SLICEM_C_Q)
                                                      0.079     2.985 f  memreg_reg[1]/Q
                         net (fo=5, routed)           0.221     3.207    p_6_in
    SLICE_X49Y144        LUT2 (Prop_D5LUT_SLICEM_I1_O)
                                                      0.110     3.317 f  alu_in[expon][4]_i_2/O
                         net (fo=4, routed)           0.184     3.501    alu_in[expon][4]_i_2_n_0
    SLICE_X48Y145        LUT3 (Prop_B5LUT_SLICEL_I2_O)
                                                      0.073     3.574 f  alu_in[frac][10]_i_3/O
                         net (fo=6, routed)           0.123     3.697    alu_in[frac][10]_i_3_n_0
    SLICE_X48Y146        LUT4 (Prop_H6LUT_SLICEL_I1_O)
                                                      0.090     3.787 r  alu_in[frac][8]_i_1/O
                         net (fo=1, routed)           0.160     3.947    alu_temp[frac][8]
    SLICE_X48Y146        FDRE                                         r  alu_in_reg[frac][8]/R
  -------------------------------------------------------------------    -------------------

                         (clock clk rise edge)        3.000     3.000 r  <hidden>
    E14                                               0.000     3.000 r  clk
                         net (fo=0)                   0.000     3.000    clk_IBUF_inst/I
    E14                  INBUF (Prop_INBUF_HDIOB_M_PAD_O)
                                                      0.815     3.815 r  clk_IBUF_inst/INBUF_INST/O
                         net (fo=1, routed)           0.000     3.815    clk_IBUF_inst/OUT
    E14                  IBUFCTRL (Prop_IBUFCTRL_HDIOB_M_I_O)
                                                      0.000     3.815 r  clk_IBUF_inst/IBUFCTRL_INST/O
                         net (fo=1, routed)           0.169     3.984    clk_IBUF
    BUFGCE_HDIO_X1Y4     BUFGCE (Prop_BUFCE_BUFGCE_HDIO_I_O)
                                                      0.024     4.008 r  clk_IBUF_BUFG_inst/O
    X1Y2 (CLOCK_ROOT)    net (fo=37, routed)          1.250     5.258    clk_IBUF_BUFG
    SLICE_X48Y146        FDRE                                         r  alu_in_reg[frac][8]/C
                         clock pessimism              0.554     5.812    <hidden>
                         clock uncertainty           -0.035     5.777    <hidden>
    SLICE_X48Y146        FDRE (Setup_AFF_SLICEL_C_R)
                                                     -0.074     5.703    alu_in_reg[frac][8]
  -------------------------------------------------------------------
                         required time                          5.703    <hidden>
                         arrival time                          -3.947    <hidden>
  -------------------------------------------------------------------
                         slack                                  1.756    <hidden>

Slack (MET) :             1.760ns  (required time - arrival time)
  Source:                 memreg_reg[8]/C
                            (rising edge-triggered cell FDRE clocked by clk  {rise@0.000ns fall@1.500ns period=3.000ns})
  Destination:            alu_in_reg[expon][3]/D
                            (rising edge-triggered cell FDRE clocked by clk  {rise@0.000ns fall@1.500ns period=3.000ns})
  Path Group:             clk
  Path Type:              Setup (Max at Slow Process Corner)
  Requirement:            3.000ns  (clk rise@3.000ns - clk rise@0.000ns)
  Data Path Delay:        1.192ns  (logic 0.340ns (28.520%)  route 0.852ns (71.480%))
  Logic Levels:           3  (LUT5=1 LUT6=2)
  Clock Path Skew:        -0.038ns (DCD - SCD + CPR)
    Destination Clock Delay (DCD):    2.267ns = ( 5.267 - 3.000 ) 
    Source Clock Delay      (SCD):    2.910ns
    Clock Pessimism Removal (CPR):    0.606ns
  Clock Uncertainty:      0.035ns  ((TSJ^2 + TIJ^2)^1/2 + DJ) / 2 + PE
    Total System Jitter     (TSJ):    0.071ns
    Total Input Jitter      (TIJ):    0.000ns
    Discrete Jitter          (DJ):    0.000ns
    Phase Error              (PE):    0.000ns
  Clock Net Delay (Source):      1.440ns (routing 0.623ns, distribution 0.817ns)
  Clock Net Delay (Destination): 1.259ns (routing 0.570ns, distribution 0.689ns)

    Location             Delay type                Incr(ns)  Path(ns)    Netlist Resource(s)
  -------------------------------------------------------------------    -------------------
                         (clock clk rise edge)        0.000     0.000 r  <hidden>
    E14                                               0.000     0.000 r  clk
                         net (fo=0)                   0.000     0.000    clk_IBUF_inst/I
    E14                  INBUF (Prop_INBUF_HDIOB_M_PAD_O)
                                                      1.238     1.238 r  clk_IBUF_inst/INBUF_INST/O
                         net (fo=1, routed)           0.000     1.238    clk_IBUF_inst/OUT
    E14                  IBUFCTRL (Prop_IBUFCTRL_HDIOB_M_I_O)
                                                      0.000     1.238 r  clk_IBUF_inst/IBUFCTRL_INST/O
                         net (fo=1, routed)           0.204     1.442    clk_IBUF
    BUFGCE_HDIO_X1Y4     BUFGCE (Prop_BUFCE_BUFGCE_HDIO_I_O)
                                                      0.028     1.470 r  clk_IBUF_BUFG_inst/O
    X1Y2 (CLOCK_ROOT)    net (fo=37, routed)          1.440     2.910    clk_IBUF_BUFG
    SLICE_X49Y143        FDRE                                         r  memreg_reg[8]/C
  -------------------------------------------------------------------    -------------------
    SLICE_X49Y143        FDRE (Prop_BFF2_SLICEM_C_Q)
                                                      0.080     2.990 r  memreg_reg[8]/Q
                         net (fo=6, routed)           0.415     3.406    memreg_reg_n_0_[8]
    SLICE_X48Y145        LUT6 (Prop_H6LUT_SLICEL_I2_O)
                                                      0.124     3.530 r  alu_in[expon][3]_i_4/O
                         net (fo=1, routed)           0.204     3.734    alu_in[expon][3]_i_4_n_0
    SLICE_X49Y145        LUT5 (Prop_C5LUT_SLICEM_I4_O)
                                                      0.099     3.833 r  alu_in[expon][3]_i_3/O
                         net (fo=1, routed)           0.174     4.007    alu_in[expon][3]_i_3_n_0
    SLICE_X49Y145        LUT6 (Prop_B6LUT_SLICEM_I5_O)
                                                      0.037     4.044 r  alu_in[expon][3]_i_1/O
                         net (fo=1, routed)           0.059     4.103    alu_temp[expon][3]
    SLICE_X49Y145        FDRE                                         r  alu_in_reg[expon][3]/D
  -------------------------------------------------------------------    -------------------

                         (clock clk rise edge)        3.000     3.000 r  <hidden>
    E14                                               0.000     3.000 r  clk
                         net (fo=0)                   0.000     3.000    clk_IBUF_inst/I
    E14                  INBUF (Prop_INBUF_HDIOB_M_PAD_O)
                                                      0.815     3.815 r  clk_IBUF_inst/INBUF_INST/O
                         net (fo=1, routed)           0.000     3.815    clk_IBUF_inst/OUT
    E14                  IBUFCTRL (Prop_IBUFCTRL_HDIOB_M_I_O)
                                                      0.000     3.815 r  clk_IBUF_inst/IBUFCTRL_INST/O
                         net (fo=1, routed)           0.169     3.984    clk_IBUF
    BUFGCE_HDIO_X1Y4     BUFGCE (Prop_BUFCE_BUFGCE_HDIO_I_O)
                                                      0.024     4.008 r  clk_IBUF_BUFG_inst/O
    X1Y2 (CLOCK_ROOT)    net (fo=37, routed)          1.259     5.267    clk_IBUF_BUFG
    SLICE_X49Y145        FDRE                                         r  alu_in_reg[expon][3]/C
                         clock pessimism              0.606     5.873    <hidden>
                         clock uncertainty           -0.035     5.837    <hidden>
    SLICE_X49Y145        FDRE (Setup_BFF_SLICEM_C_D)
                                                      0.025     5.862    alu_in_reg[expon][3]
  -------------------------------------------------------------------
                         required time                          5.862    <hidden>
                         arrival time                          -4.103    <hidden>
  -------------------------------------------------------------------
                         slack                                  1.760    <hidden>





Min Delay Paths
--------------------------------------------------------------------------------------
Slack (MET) :             0.047ns  (arrival time - required time)
  Source:                 memreg_reg[7]/C
                            (rising edge-triggered cell FDRE clocked by clk  {rise@0.000ns fall@1.500ns period=3.000ns})
  Destination:            alu_in_reg[frac][10]/D
                            (rising edge-triggered cell FDRE clocked by clk  {rise@0.000ns fall@1.500ns period=3.000ns})
  Path Group:             clk
  Path Type:              Hold (Min at Fast Process Corner)
  Requirement:            0.000ns  (clk rise@0.000ns - clk rise@0.000ns)
  Data Path Delay:        0.110ns  (logic 0.040ns (36.469%)  route 0.070ns (63.531%))
  Logic Levels:           0  
  Clock Path Skew:        0.017ns (DCD - SCD - CPR)
    Destination Clock Delay (DCD):    2.083ns
    Source Clock Delay      (SCD):    1.713ns
    Clock Pessimism Removal (CPR):    0.353ns
  Clock Net Delay (Source):      0.790ns (routing 0.339ns, distribution 0.451ns)
  Clock Net Delay (Destination): 0.892ns (routing 0.373ns, distribution 0.519ns)

    Location             Delay type                Incr(ns)  Path(ns)    Netlist Resource(s)
  -------------------------------------------------------------------    -------------------
                         (clock clk rise edge)        0.000     0.000 r  <hidden>
    E14                                               0.000     0.000 r  clk
                         net (fo=0)                   0.000     0.000    clk_IBUF_inst/I
    E14                  INBUF (Prop_INBUF_HDIOB_M_PAD_O)
                                                      0.815     0.815 r  clk_IBUF_inst/INBUF_INST/O
                         net (fo=1, routed)           0.000     0.815    clk_IBUF_inst/OUT
    E14                  IBUFCTRL (Prop_IBUFCTRL_HDIOB_M_I_O)
                                                      0.000     0.815 r  clk_IBUF_inst/IBUFCTRL_INST/O
                         net (fo=1, routed)           0.091     0.906    clk_IBUF
    BUFGCE_HDIO_X1Y4     BUFGCE (Prop_BUFCE_BUFGCE_HDIO_I_O)
                                                      0.017     0.923 r  clk_IBUF_BUFG_inst/O
    X1Y2 (CLOCK_ROOT)    net (fo=37, routed)          0.790     1.713    clk_IBUF_BUFG
    SLICE_X48Y145        FDRE                                         r  memreg_reg[7]/C
  -------------------------------------------------------------------    -------------------
    SLICE_X48Y145        FDRE (Prop_BFF2_SLICEL_C_Q)
                                                      0.040     1.753 r  memreg_reg[7]/Q
                         net (fo=7, routed)           0.070     1.823    memreg_reg_n_0_[7]
    SLICE_X48Y146        FDRE                                         r  alu_in_reg[frac][10]/D
  -------------------------------------------------------------------    -------------------

                         (clock clk rise edge)        0.000     0.000 r  <hidden>
    E14                                               0.000     0.000 r  clk
                         net (fo=0)                   0.000     0.000    clk_IBUF_inst/I
    E14                  INBUF (Prop_INBUF_HDIOB_M_PAD_O)
                                                      1.059     1.059 r  clk_IBUF_inst/INBUF_INST/O
                         net (fo=1, routed)           0.000     1.059    clk_IBUF_inst/OUT
    E14                  IBUFCTRL (Prop_IBUFCTRL_HDIOB_M_I_O)
                                                      0.000     1.059 r  clk_IBUF_inst/IBUFCTRL_INST/O
                         net (fo=1, routed)           0.113     1.172    clk_IBUF
    BUFGCE_HDIO_X1Y4     BUFGCE (Prop_BUFCE_BUFGCE_HDIO_I_O)
                                                      0.019     1.191 r  clk_IBUF_BUFG_inst/O
    X1Y2 (CLOCK_ROOT)    net (fo=37, routed)          0.892     2.083    clk_IBUF_BUFG
    SLICE_X48Y146        FDRE                                         r  alu_in_reg[frac][10]/C
                         clock pessimism             -0.353     1.730    <hidden>
    SLICE_X48Y146        FDRE (Hold_EFF_SLICEL_C_D)
                                                      0.046     1.776    alu_in_reg[frac][10]
  -------------------------------------------------------------------
                         required time                         -1.776    <hidden>
                         arrival time                           1.823    <hidden>
  -------------------------------------------------------------------
                         slack                                  0.047    <hidden>

Slack (MET) :             0.061ns  (arrival time - required time)
  Source:                 memreg_reg[15]/C
                            (rising edge-triggered cell FDRE clocked by clk  {rise@0.000ns fall@1.500ns period=3.000ns})
  Destination:            alu_in_reg[sign]/D
                            (rising edge-triggered cell FDRE clocked by clk  {rise@0.000ns fall@1.500ns period=3.000ns})
  Path Group:             clk
  Path Type:              Hold (Min at Fast Process Corner)
  Requirement:            0.000ns  (clk rise@0.000ns - clk rise@0.000ns)
  Data Path Delay:        0.113ns  (logic 0.038ns (33.628%)  route 0.075ns (66.372%))
  Logic Levels:           0  
  Clock Path Skew:        0.006ns (DCD - SCD - CPR)
    Destination Clock Delay (DCD):    2.089ns
    Source Clock Delay      (SCD):    1.717ns
    Clock Pessimism Removal (CPR):    0.367ns
  Clock Net Delay (Source):      0.794ns (routing 0.339ns, distribution 0.455ns)
  Clock Net Delay (Destination): 0.898ns (routing 0.373ns, distribution 0.525ns)

    Location             Delay type                Incr(ns)  Path(ns)    Netlist Resource(s)
  -------------------------------------------------------------------    -------------------
                         (clock clk rise edge)        0.000     0.000 r  <hidden>
    E14                                               0.000     0.000 r  clk
                         net (fo=0)                   0.000     0.000    clk_IBUF_inst/I
    E14                  INBUF (Prop_INBUF_HDIOB_M_PAD_O)
                                                      0.815     0.815 r  clk_IBUF_inst/INBUF_INST/O
                         net (fo=1, routed)           0.000     0.815    clk_IBUF_inst/OUT
    E14                  IBUFCTRL (Prop_IBUFCTRL_HDIOB_M_I_O)
                                                      0.000     0.815 r  clk_IBUF_inst/IBUFCTRL_INST/O
                         net (fo=1, routed)           0.091     0.906    clk_IBUF
    BUFGCE_HDIO_X1Y4     BUFGCE (Prop_BUFCE_BUFGCE_HDIO_I_O)
                                                      0.017     0.923 r  clk_IBUF_BUFG_inst/O
    X1Y2 (CLOCK_ROOT)    net (fo=37, routed)          0.794     1.717    clk_IBUF_BUFG
    SLICE_X49Y143        FDRE                                         r  memreg_reg[15]/C
  -------------------------------------------------------------------    -------------------
    SLICE_X49Y143        FDRE (Prop_BFF_SLICEM_C_Q)
                                                      0.038     1.755 r  memreg_reg[15]/Q
                         net (fo=1, routed)           0.075     1.830    mem_sign
    SLICE_X49Y143        FDRE                                         r  alu_in_reg[sign]/D
  -------------------------------------------------------------------    -------------------

                         (clock clk rise edge)        0.000     0.000 r  <hidden>
    E14                                               0.000     0.000 r  clk
                         net (fo=0)                   0.000     0.000    clk_IBUF_inst/I
    E14                  INBUF (Prop_INBUF_HDIOB_M_PAD_O)
                                                      1.059     1.059 r  clk_IBUF_inst/INBUF_INST/O
                         net (fo=1, routed)           0.000     1.059    clk_IBUF_inst/OUT
    E14                  IBUFCTRL (Prop_IBUFCTRL_HDIOB_M_I_O)
                                                      0.000     1.059 r  clk_IBUF_inst/IBUFCTRL_INST/O
                         net (fo=1, routed)           0.113     1.172    clk_IBUF
    BUFGCE_HDIO_X1Y4     BUFGCE (Prop_BUFCE_BUFGCE_HDIO_I_O)
                                                      0.019     1.191 r  clk_IBUF_BUFG_inst/O
    X1Y2 (CLOCK_ROOT)    net (fo=37, routed)          0.898     2.089    clk_IBUF_BUFG
    SLICE_X49Y143        FDRE                                         r  alu_in_reg[sign]/C
                         clock pessimism             -0.367     1.723    <hidden>
    SLICE_X49Y143        FDRE (Hold_AFF_SLICEM_C_D)
                                                      0.046     1.769    alu_in_reg[sign]
  -------------------------------------------------------------------
                         required time                         -1.769    <hidden>
                         arrival time                           1.830    <hidden>
  -------------------------------------------------------------------
                         slack                                  0.061    <hidden>

Slack (MET) :             0.063ns  (arrival time - required time)
  Source:                 memreg_reg[5]/C
                            (rising edge-triggered cell FDRE clocked by clk  {rise@0.000ns fall@1.500ns period=3.000ns})
  Destination:            alu_in_reg[frac][8]/D
                            (rising edge-triggered cell FDRE clocked by clk  {rise@0.000ns fall@1.500ns period=3.000ns})
  Path Group:             clk
  Path Type:              Hold (Min at Slow Process Corner)
  Requirement:            0.000ns  (clk rise@0.000ns - clk rise@0.000ns)
  Data Path Delay:        0.197ns  (logic 0.058ns (29.510%)  route 0.139ns (70.490%))
  Logic Levels:           0  
  Clock Path Skew:        0.073ns (DCD - SCD - CPR)
    Destination Clock Delay (DCD):    2.893ns
    Source Clock Delay      (SCD):    2.266ns
    Clock Pessimism Removal (CPR):    0.554ns
  Clock Net Delay (Source):      1.258ns (routing 0.570ns, distribution 0.688ns)
  Clock Net Delay (Destination): 1.423ns (routing 0.623ns, distribution 0.800ns)

    Location             Delay type                Incr(ns)  Path(ns)    Netlist Resource(s)
  -------------------------------------------------------------------    -------------------
                         (clock clk rise edge)        0.000     0.000 r  <hidden>
    E14                                               0.000     0.000 r  clk
                         net (fo=0)                   0.000     0.000    clk_IBUF_inst/I
    E14                  INBUF (Prop_INBUF_HDIOB_M_PAD_O)
                                                      0.815     0.815 r  clk_IBUF_inst/INBUF_INST/O
                         net (fo=1, routed)           0.000     0.815    clk_IBUF_inst/OUT
    E14                  IBUFCTRL (Prop_IBUFCTRL_HDIOB_M_I_O)
                                                      0.000     0.815 r  clk_IBUF_inst/IBUFCTRL_INST/O
                         net (fo=1, routed)           0.169     0.984    clk_IBUF
    BUFGCE_HDIO_X1Y4     BUFGCE (Prop_BUFCE_BUFGCE_HDIO_I_O)
                                                      0.024     1.008 r  clk_IBUF_BUFG_inst/O
    X1Y2 (CLOCK_ROOT)    net (fo=37, routed)          1.258     2.266    clk_IBUF_BUFG
    SLICE_X49Y145        FDRE                                         r  memreg_reg[5]/C
  -------------------------------------------------------------------    -------------------
    SLICE_X49Y145        FDRE (Prop_GFF_SLICEM_C_Q)
                                                      0.058     2.324 r  memreg_reg[5]/Q
                         net (fo=10, routed)          0.139     2.463    p_2_in
    SLICE_X48Y146        FDRE                                         r  alu_in_reg[frac][8]/D
  -------------------------------------------------------------------    -------------------

                         (clock clk rise edge)        0.000     0.000 r  <hidden>
    E14                                               0.000     0.000 r  clk
                         net (fo=0)                   0.000     0.000    clk_IBUF_inst/I
    E14                  INBUF (Prop_INBUF_HDIOB_M_PAD_O)
                                                      1.238     1.238 r  clk_IBUF_inst/INBUF_INST/O
                         net (fo=1, routed)           0.000     1.238    clk_IBUF_inst/OUT
    E14                  IBUFCTRL (Prop_IBUFCTRL_HDIOB_M_I_O)
                                                      0.000     1.238 r  clk_IBUF_inst/IBUFCTRL_INST/O
                         net (fo=1, routed)           0.204     1.442    clk_IBUF
    BUFGCE_HDIO_X1Y4     BUFGCE (Prop_BUFCE_BUFGCE_HDIO_I_O)
                                                      0.028     1.470 r  clk_IBUF_BUFG_inst/O
    X1Y2 (CLOCK_ROOT)    net (fo=37, routed)          1.423     2.893    clk_IBUF_BUFG
    SLICE_X48Y146        FDRE                                         r  alu_in_reg[frac][8]/C
                         clock pessimism             -0.554     2.339    <hidden>
    SLICE_X48Y146        FDRE (Hold_AFF_SLICEL_C_D)
                                                      0.060     2.399    alu_in_reg[frac][8]
  -------------------------------------------------------------------
                         required time                         -2.399    <hidden>
                         arrival time                           2.463    <hidden>
  -------------------------------------------------------------------
                         slack                                  0.063    <hidden>

Slack (MET) :             0.081ns  (arrival time - required time)
  Source:                 memreg_reg[0]/C
                            (rising edge-triggered cell FDRE clocked by clk  {rise@0.000ns fall@1.500ns period=3.000ns})
  Destination:            alu_in_reg[expon][3]/D
                            (rising edge-triggered cell FDRE clocked by clk  {rise@0.000ns fall@1.500ns period=3.000ns})
  Path Group:             clk
  Path Type:              Hold (Min at Fast Process Corner)
  Requirement:            0.000ns  (clk rise@0.000ns - clk rise@0.000ns)
  Data Path Delay:        0.142ns  (logic 0.087ns (61.405%)  route 0.055ns (38.595%))
  Logic Levels:           1  (LUT6=1)
  Clock Path Skew:        0.015ns (DCD - SCD - CPR)
    Destination Clock Delay (DCD):    2.087ns
    Source Clock Delay      (SCD):    1.715ns
    Clock Pessimism Removal (CPR):    0.358ns
  Clock Net Delay (Source):      0.792ns (routing 0.339ns, distribution 0.453ns)
  Clock Net Delay (Destination): 0.896ns (routing 0.373ns, distribution 0.523ns)

    Location             Delay type                Incr(ns)  Path(ns)    Netlist Resource(s)
  -------------------------------------------------------------------    -------------------
                         (clock clk rise edge)        0.000     0.000 r  <hidden>
    E14                                               0.000     0.000 r  clk
                         net (fo=0)                   0.000     0.000    clk_IBUF_inst/I
    E14                  INBUF (Prop_INBUF_HDIOB_M_PAD_O)
                                                      0.815     0.815 r  clk_IBUF_inst/INBUF_INST/O
                         net (fo=1, routed)           0.000     0.815    clk_IBUF_inst/OUT
    E14                  IBUFCTRL (Prop_IBUFCTRL_HDIOB_M_I_O)
                                                      0.000     0.815 r  clk_IBUF_inst/IBUFCTRL_INST/O
                         net (fo=1, routed)           0.091     0.906    clk_IBUF
    BUFGCE_HDIO_X1Y4     BUFGCE (Prop_BUFCE_BUFGCE_HDIO_I_O)
                                                      0.017     0.923 r  clk_IBUF_BUFG_inst/O
    X1Y2 (CLOCK_ROOT)    net (fo=37, routed)          0.792     1.715    clk_IBUF_BUFG
    SLICE_X49Y145        FDRE                                         r  memreg_reg[0]/C
  -------------------------------------------------------------------    -------------------
    SLICE_X49Y145        FDRE (Prop_FFF_SLICEM_C_Q)
                                                      0.037     1.752 r  memreg_reg[0]/Q
                         net (fo=5, routed)           0.034     1.786    memreg_reg_n_0_[0]
    SLICE_X49Y145        LUT6 (Prop_B6LUT_SLICEM_I0_O)
                                                      0.050     1.836 r  alu_in[expon][3]_i_1/O
                         net (fo=1, routed)           0.021     1.857    alu_temp[expon][3]
    SLICE_X49Y145        FDRE                                         r  alu_in_reg[expon][3]/D
  -------------------------------------------------------------------    -------------------

                         (clock clk rise edge)        0.000     0.000 r  <hidden>
    E14                                               0.000     0.000 r  clk
                         net (fo=0)                   0.000     0.000    clk_IBUF_inst/I
    E14                  INBUF (Prop_INBUF_HDIOB_M_PAD_O)
                                                      1.059     1.059 r  clk_IBUF_inst/INBUF_INST/O
                         net (fo=1, routed)           0.000     1.059    clk_IBUF_inst/OUT
    E14                  IBUFCTRL (Prop_IBUFCTRL_HDIOB_M_I_O)
                                                      0.000     1.059 r  clk_IBUF_inst/IBUFCTRL_INST/O
                         net (fo=1, routed)           0.113     1.172    clk_IBUF
    BUFGCE_HDIO_X1Y4     BUFGCE (Prop_BUFCE_BUFGCE_HDIO_I_O)
                                                      0.019     1.191 r  clk_IBUF_BUFG_inst/O
    X1Y2 (CLOCK_ROOT)    net (fo=37, routed)          0.896     2.087    clk_IBUF_BUFG
    SLICE_X49Y145        FDRE                                         r  alu_in_reg[expon][3]/C
                         clock pessimism             -0.358     1.730    <hidden>
    SLICE_X49Y145        FDRE (Hold_BFF_SLICEM_C_D)
                                                      0.046     1.776    alu_in_reg[expon][3]
  -------------------------------------------------------------------
                         required time                         -1.776    <hidden>
                         arrival time                           1.857    <hidden>
  -------------------------------------------------------------------
                         slack                                  0.081    <hidden>

Slack (MET) :             0.085ns  (arrival time - required time)
  Source:                 memreg_reg[14]/C
                            (rising edge-triggered cell FDRE clocked by clk  {rise@0.000ns fall@1.500ns period=3.000ns})
  Destination:            alu_in_reg[expon][5]/D
                            (rising edge-triggered cell FDRE clocked by clk  {rise@0.000ns fall@1.500ns period=3.000ns})
  Path Group:             clk
  Path Type:              Hold (Min at Fast Process Corner)
  Requirement:            0.000ns  (clk rise@0.000ns - clk rise@0.000ns)
  Data Path Delay:        0.151ns  (logic 0.060ns (39.776%)  route 0.091ns (60.224%))
  Logic Levels:           1  (LUT4=1)
  Clock Path Skew:        0.019ns (DCD - SCD - CPR)
    Destination Clock Delay (DCD):    2.087ns
    Source Clock Delay      (SCD):    1.716ns
    Clock Pessimism Removal (CPR):    0.353ns
  Clock Net Delay (Source):      0.793ns (routing 0.339ns, distribution 0.454ns)
  Clock Net Delay (Destination): 0.896ns (routing 0.373ns, distribution 0.523ns)

    Location             Delay type                Incr(ns)  Path(ns)    Netlist Resource(s)
  -------------------------------------------------------------------    -------------------
                         (clock clk rise edge)        0.000     0.000 r  <hidden>
    E14                                               0.000     0.000 r  clk
                         net (fo=0)                   0.000     0.000    clk_IBUF_inst/I
    E14                  INBUF (Prop_INBUF_HDIOB_M_PAD_O)
                                                      0.815     0.815 r  clk_IBUF_inst/INBUF_INST/O
                         net (fo=1, routed)           0.000     0.815    clk_IBUF_inst/OUT
    E14                  IBUFCTRL (Prop_IBUFCTRL_HDIOB_M_I_O)
                                                      0.000     0.815 r  clk_IBUF_inst/IBUFCTRL_INST/O
                         net (fo=1, routed)           0.091     0.906    clk_IBUF
    BUFGCE_HDIO_X1Y4     BUFGCE (Prop_BUFCE_BUFGCE_HDIO_I_O)
                                                      0.017     0.923 r  clk_IBUF_BUFG_inst/O
    X1Y2 (CLOCK_ROOT)    net (fo=37, routed)          0.793     1.716    clk_IBUF_BUFG
    SLICE_X49Y143        FDRE                                         r  memreg_reg[14]/C
  -------------------------------------------------------------------    -------------------
    SLICE_X49Y143        FDRE (Prop_HFF_SLICEM_C_Q)
                                                      0.039     1.755 f  memreg_reg[14]/Q
                         net (fo=12, routed)          0.084     1.839    memreg_reg_n_0_[14]
    SLICE_X49Y145        LUT4 (Prop_A5LUT_SLICEM_I0_O)
                                                      0.021     1.860 r  alu_in[expon][5]_i_1/O
                         net (fo=1, routed)           0.007     1.867    alu_temp[expon][5]
    SLICE_X49Y145        FDRE                                         r  alu_in_reg[expon][5]/D
  -------------------------------------------------------------------    -------------------

                         (clock clk rise edge)        0.000     0.000 r  <hidden>
    E14                                               0.000     0.000 r  clk
                         net (fo=0)                   0.000     0.000    clk_IBUF_inst/I
    E14                  INBUF (Prop_INBUF_HDIOB_M_PAD_O)
                                                      1.059     1.059 r  clk_IBUF_inst/INBUF_INST/O
                         net (fo=1, routed)           0.000     1.059    clk_IBUF_inst/OUT
    E14                  IBUFCTRL (Prop_IBUFCTRL_HDIOB_M_I_O)
                                                      0.000     1.059 r  clk_IBUF_inst/IBUFCTRL_INST/O
                         net (fo=1, routed)           0.113     1.172    clk_IBUF
    BUFGCE_HDIO_X1Y4     BUFGCE (Prop_BUFCE_BUFGCE_HDIO_I_O)
                                                      0.019     1.191 r  clk_IBUF_BUFG_inst/O
    X1Y2 (CLOCK_ROOT)    net (fo=37, routed)          0.896     2.087    clk_IBUF_BUFG
    SLICE_X49Y145        FDRE                                         r  alu_in_reg[expon][5]/C
                         clock pessimism             -0.353     1.735    <hidden>
    SLICE_X49Y145        FDRE (Hold_AFF2_SLICEM_C_D)
                                                      0.047     1.782    alu_in_reg[expon][5]
  -------------------------------------------------------------------
                         required time                         -1.782    <hidden>
                         arrival time                           1.867    <hidden>
  -------------------------------------------------------------------
                         slack                                  0.085    <hidden>

Slack (MET) :             0.087ns  (arrival time - required time)
  Source:                 memreg_reg[6]/C
                            (rising edge-triggered cell FDRE clocked by clk  {rise@0.000ns fall@1.500ns period=3.000ns})
  Destination:            alu_in_reg[frac][9]/D
                            (rising edge-triggered cell FDRE clocked by clk  {rise@0.000ns fall@1.500ns period=3.000ns})
  Path Group:             clk
  Path Type:              Hold (Min at Fast Process Corner)
  Requirement:            0.000ns  (clk rise@0.000ns - clk rise@0.000ns)
  Data Path Delay:        0.149ns  (logic 0.039ns (26.144%)  route 0.110ns (73.856%))
  Logic Levels:           0  
  Clock Path Skew:        0.016ns (DCD - SCD - CPR)
    Destination Clock Delay (DCD):    2.088ns
    Source Clock Delay      (SCD):    1.713ns
    Clock Pessimism Removal (CPR):    0.358ns
  Clock Net Delay (Source):      0.790ns (routing 0.339ns, distribution 0.451ns)
  Clock Net Delay (Destination): 0.896ns (routing 0.373ns, distribution 0.523ns)

    Location             Delay type                Incr(ns)  Path(ns)    Netlist Resource(s)
  -------------------------------------------------------------------    -------------------
                         (clock clk rise edge)        0.000     0.000 r  <hidden>
    E14                                               0.000     0.000 r  clk
                         net (fo=0)                   0.000     0.000    clk_IBUF_inst/I
    E14                  INBUF (Prop_INBUF_HDIOB_M_PAD_O)
                                                      0.815     0.815 r  clk_IBUF_inst/INBUF_INST/O
                         net (fo=1, routed)           0.000     0.815    clk_IBUF_inst/OUT
    E14                  IBUFCTRL (Prop_IBUFCTRL_HDIOB_M_I_O)
                                                      0.000     0.815 r  clk_IBUF_inst/IBUFCTRL_INST/O
                         net (fo=1, routed)           0.091     0.906    clk_IBUF
    BUFGCE_HDIO_X1Y4     BUFGCE (Prop_BUFCE_BUFGCE_HDIO_I_O)
                                                      0.017     0.923 r  clk_IBUF_BUFG_inst/O
    X1Y2 (CLOCK_ROOT)    net (fo=37, routed)          0.790     1.713    clk_IBUF_BUFG
    SLICE_X48Y145        FDRE                                         r  memreg_reg[6]/C
  -------------------------------------------------------------------    -------------------
    SLICE_X48Y145        FDRE (Prop_BFF_SLICEL_C_Q)
                                                      0.039     1.752 r  memreg_reg[6]/Q
                         net (fo=8, routed)           0.110     1.863    p_1_in
    SLICE_X48Y145        FDRE                                         r  alu_in_reg[frac][9]/D
  -------------------------------------------------------------------    -------------------

                         (clock clk rise edge)        0.000     0.000 r  <hidden>
    E14                                               0.000     0.000 r  clk
                         net (fo=0)                   0.000     0.000    clk_IBUF_inst/I
    E14                  INBUF (Prop_INBUF_HDIOB_M_PAD_O)
                                                      1.059     1.059 r  clk_IBUF_inst/INBUF_INST/O
                         net (fo=1, routed)           0.000     1.059    clk_IBUF_inst/OUT
    E14                  IBUFCTRL (Prop_IBUFCTRL_HDIOB_M_I_O)
                                                      0.000     1.059 r  clk_IBUF_inst/IBUFCTRL_INST/O
                         net (fo=1, routed)           0.113     1.172    clk_IBUF
    BUFGCE_HDIO_X1Y4     BUFGCE (Prop_BUFCE_BUFGCE_HDIO_I_O)
                                                      0.019     1.191 r  clk_IBUF_BUFG_inst/O
    X1Y2 (CLOCK_ROOT)    net (fo=37, routed)          0.896     2.088    clk_IBUF_BUFG
    SLICE_X48Y145        FDRE                                         r  alu_in_reg[frac][9]/C
                         clock pessimism             -0.358     1.730    <hidden>
    SLICE_X48Y145        FDRE (Hold_EFF_SLICEL_C_D)
                                                      0.046     1.776    alu_in_reg[frac][9]
  -------------------------------------------------------------------
                         required time                         -1.776    <hidden>
                         arrival time                           1.863    <hidden>
  -------------------------------------------------------------------
                         slack                                  0.087    <hidden>

Slack (MET) :             0.088ns  (arrival time - required time)
  Source:                 memreg_reg[9]/C
                            (rising edge-triggered cell FDRE clocked by clk  {rise@0.000ns fall@1.500ns period=3.000ns})
  Destination:            alu_in_reg[expon][0]/D
                            (rising edge-triggered cell FDRE clocked by clk  {rise@0.000ns fall@1.500ns period=3.000ns})
  Path Group:             clk
  Path Type:              Hold (Min at Fast Process Corner)
  Requirement:            0.000ns  (clk rise@0.000ns - clk rise@0.000ns)
  Data Path Delay:        0.140ns  (logic 0.039ns (27.857%)  route 0.101ns (72.143%))
  Logic Levels:           0  
  Clock Path Skew:        0.006ns (DCD - SCD - CPR)
    Destination Clock Delay (DCD):    2.088ns
    Source Clock Delay      (SCD):    1.716ns
    Clock Pessimism Removal (CPR):    0.367ns
  Clock Net Delay (Source):      0.793ns (routing 0.339ns, distribution 0.454ns)
  Clock Net Delay (Destination): 0.897ns (routing 0.373ns, distribution 0.524ns)

    Location             Delay type                Incr(ns)  Path(ns)    Netlist Resource(s)
  -------------------------------------------------------------------    -------------------
                         (clock clk rise edge)        0.000     0.000 r  <hidden>
    E14                                               0.000     0.000 r  clk
                         net (fo=0)                   0.000     0.000    clk_IBUF_inst/I
    E14                  INBUF (Prop_INBUF_HDIOB_M_PAD_O)
                                                      0.815     0.815 r  clk_IBUF_inst/INBUF_INST/O
                         net (fo=1, routed)           0.000     0.815    clk_IBUF_inst/OUT
    E14                  IBUFCTRL (Prop_IBUFCTRL_HDIOB_M_I_O)
                                                      0.000     0.815 r  clk_IBUF_inst/IBUFCTRL_INST/O
                         net (fo=1, routed)           0.091     0.906    clk_IBUF
    BUFGCE_HDIO_X1Y4     BUFGCE (Prop_BUFCE_BUFGCE_HDIO_I_O)
                                                      0.017     0.923 r  clk_IBUF_BUFG_inst/O
    X1Y2 (CLOCK_ROOT)    net (fo=37, routed)          0.793     1.716    clk_IBUF_BUFG
    SLICE_X49Y143        FDRE                                         r  memreg_reg[9]/C
  -------------------------------------------------------------------    -------------------
    SLICE_X49Y143        FDRE (Prop_HFF2_SLICEM_C_Q)
                                                      0.039     1.755 r  memreg_reg[9]/Q
                         net (fo=2, routed)           0.101     1.856    p_0_in[0]
    SLICE_X49Y143        FDRE                                         r  alu_in_reg[expon][0]/D
  -------------------------------------------------------------------    -------------------

                         (clock clk rise edge)        0.000     0.000 r  <hidden>
    E14                                               0.000     0.000 r  clk
                         net (fo=0)                   0.000     0.000    clk_IBUF_inst/I
    E14                  INBUF (Prop_INBUF_HDIOB_M_PAD_O)
                                                      1.059     1.059 r  clk_IBUF_inst/INBUF_INST/O
                         net (fo=1, routed)           0.000     1.059    clk_IBUF_inst/OUT
    E14                  IBUFCTRL (Prop_IBUFCTRL_HDIOB_M_I_O)
                                                      0.000     1.059 r  clk_IBUF_inst/IBUFCTRL_INST/O
                         net (fo=1, routed)           0.113     1.172    clk_IBUF
    BUFGCE_HDIO_X1Y4     BUFGCE (Prop_BUFCE_BUFGCE_HDIO_I_O)
                                                      0.019     1.191 r  clk_IBUF_BUFG_inst/O
    X1Y2 (CLOCK_ROOT)    net (fo=37, routed)          0.897     2.088    clk_IBUF_BUFG
    SLICE_X49Y143        FDRE                                         r  alu_in_reg[expon][0]/C
                         clock pessimism             -0.367     1.722    <hidden>
    SLICE_X49Y143        FDRE (Hold_EFF_SLICEM_C_D)
                                                      0.046     1.768    alu_in_reg[expon][0]
  -------------------------------------------------------------------
                         required time                         -1.768    <hidden>
                         arrival time                           1.856    <hidden>
  -------------------------------------------------------------------
                         slack                                  0.088    <hidden>

Slack (MET) :             0.090ns  (arrival time - required time)
  Source:                 memreg_reg[3]/C
                            (rising edge-triggered cell FDRE clocked by clk  {rise@0.000ns fall@1.500ns period=3.000ns})
  Destination:            alu_in_reg[frac][6]/D
                            (rising edge-triggered cell FDRE clocked by clk  {rise@0.000ns fall@1.500ns period=3.000ns})
  Path Group:             clk
  Path Type:              Hold (Min at Fast Process Corner)
  Requirement:            0.000ns  (clk rise@0.000ns - clk rise@0.000ns)
  Data Path Delay:        0.155ns  (logic 0.039ns (25.132%)  route 0.116ns (74.868%))
  Logic Levels:           0  
  Clock Path Skew:        0.019ns (DCD - SCD - CPR)
    Destination Clock Delay (DCD):    2.091ns
    Source Clock Delay      (SCD):    1.713ns
    Clock Pessimism Removal (CPR):    0.358ns
  Clock Net Delay (Source):      0.790ns (routing 0.339ns, distribution 0.451ns)
  Clock Net Delay (Destination): 0.899ns (routing 0.373ns, distribution 0.526ns)

    Location             Delay type                Incr(ns)  Path(ns)    Netlist Resource(s)
  -------------------------------------------------------------------    -------------------
                         (clock clk rise edge)        0.000     0.000 r  <hidden>
    E14                                               0.000     0.000 r  clk
                         net (fo=0)                   0.000     0.000    clk_IBUF_inst/I
    E14                  INBUF (Prop_INBUF_HDIOB_M_PAD_O)
                                                      0.815     0.815 r  clk_IBUF_inst/INBUF_INST/O
                         net (fo=1, routed)           0.000     0.815    clk_IBUF_inst/OUT
    E14                  IBUFCTRL (Prop_IBUFCTRL_HDIOB_M_I_O)
                                                      0.000     0.815 r  clk_IBUF_inst/IBUFCTRL_INST/O
                         net (fo=1, routed)           0.091     0.906    clk_IBUF
    BUFGCE_HDIO_X1Y4     BUFGCE (Prop_BUFCE_BUFGCE_HDIO_I_O)
                                                      0.017     0.923 r  clk_IBUF_BUFG_inst/O
    X1Y2 (CLOCK_ROOT)    net (fo=37, routed)          0.790     1.713    clk_IBUF_BUFG
    SLICE_X48Y145        FDRE                                         r  memreg_reg[3]/C
  -------------------------------------------------------------------    -------------------
    SLICE_X48Y145        FDRE (Prop_AFF_SLICEL_C_Q)
                                                      0.039     1.752 r  memreg_reg[3]/Q
                         net (fo=7, routed)           0.116     1.869    p_4_in
    SLICE_X47Y145        FDRE                                         r  alu_in_reg[frac][6]/D
  -------------------------------------------------------------------    -------------------

                         (clock clk rise edge)        0.000     0.000 r  <hidden>
    E14                                               0.000     0.000 r  clk
                         net (fo=0)                   0.000     0.000    clk_IBUF_inst/I
    E14                  INBUF (Prop_INBUF_HDIOB_M_PAD_O)
                                                      1.059     1.059 r  clk_IBUF_inst/INBUF_INST/O
                         net (fo=1, routed)           0.000     1.059    clk_IBUF_inst/OUT
    E14                  IBUFCTRL (Prop_IBUFCTRL_HDIOB_M_I_O)
                                                      0.000     1.059 r  clk_IBUF_inst/IBUFCTRL_INST/O
                         net (fo=1, routed)           0.113     1.172    clk_IBUF
    BUFGCE_HDIO_X1Y4     BUFGCE (Prop_BUFCE_BUFGCE_HDIO_I_O)
                                                      0.019     1.191 r  clk_IBUF_BUFG_inst/O
    X1Y2 (CLOCK_ROOT)    net (fo=37, routed)          0.899     2.091    clk_IBUF_BUFG
    SLICE_X47Y145        FDRE                                         r  alu_in_reg[frac][6]/C
                         clock pessimism             -0.358     1.733    <hidden>
    SLICE_X47Y145        FDRE (Hold_EFF_SLICEM_C_D)
                                                      0.046     1.779    alu_in_reg[frac][6]
  -------------------------------------------------------------------
                         required time                         -1.779    <hidden>
                         arrival time                           1.869    <hidden>
  -------------------------------------------------------------------
                         slack                                  0.090    <hidden>

Slack (MET) :             0.091ns  (arrival time - required time)
  Source:                 memreg_reg[14]/C
                            (rising edge-triggered cell FDRE clocked by clk  {rise@0.000ns fall@1.500ns period=3.000ns})
  Destination:            alu_in_reg[expon][7]/D
                            (rising edge-triggered cell FDRE clocked by clk  {rise@0.000ns fall@1.500ns period=3.000ns})
  Path Group:             clk
  Path Type:              Hold (Min at Fast Process Corner)
  Requirement:            0.000ns  (clk rise@0.000ns - clk rise@0.000ns)
  Data Path Delay:        0.157ns  (logic 0.081ns (51.744%)  route 0.076ns (48.256%))
  Logic Levels:           1  (LUT5=1)
  Clock Path Skew:        0.019ns (DCD - SCD - CPR)
    Destination Clock Delay (DCD):    2.087ns
    Source Clock Delay      (SCD):    1.716ns
    Clock Pessimism Removal (CPR):    0.353ns
  Clock Net Delay (Source):      0.793ns (routing 0.339ns, distribution 0.454ns)
  Clock Net Delay (Destination): 0.896ns (routing 0.373ns, distribution 0.523ns)

    Location             Delay type                Incr(ns)  Path(ns)    Netlist Resource(s)
  -------------------------------------------------------------------    -------------------
                         (clock clk rise edge)        0.000     0.000 r  <hidden>
    E14                                               0.000     0.000 r  clk
                         net (fo=0)                   0.000     0.000    clk_IBUF_inst/I
    E14                  INBUF (Prop_INBUF_HDIOB_M_PAD_O)
                                                      0.815     0.815 r  clk_IBUF_inst/INBUF_INST/O
                         net (fo=1, routed)           0.000     0.815    clk_IBUF_inst/OUT
    E14                  IBUFCTRL (Prop_IBUFCTRL_HDIOB_M_I_O)
                                                      0.000     0.815 r  clk_IBUF_inst/IBUFCTRL_INST/O
                         net (fo=1, routed)           0.091     0.906    clk_IBUF
    BUFGCE_HDIO_X1Y4     BUFGCE (Prop_BUFCE_BUFGCE_HDIO_I_O)
                                                      0.017     0.923 r  clk_IBUF_BUFG_inst/O
    X1Y2 (CLOCK_ROOT)    net (fo=37, routed)          0.793     1.716    clk_IBUF_BUFG
    SLICE_X49Y143        FDRE                                         r  memreg_reg[14]/C
  -------------------------------------------------------------------    -------------------
    SLICE_X49Y143        FDRE (Prop_HFF_SLICEM_C_Q)
                                                      0.039     1.755 f  memreg_reg[14]/Q
                         net (fo=12, routed)          0.067     1.821    memreg_reg_n_0_[14]
    SLICE_X49Y146        LUT5 (Prop_D5LUT_SLICEM_I2_O)
                                                      0.042     1.863 r  alu_in[expon][7]_i_1/O
                         net (fo=1, routed)           0.009     1.872    alu_temp[expon][7]
    SLICE_X49Y146        FDRE                                         r  alu_in_reg[expon][7]/D
  -------------------------------------------------------------------    -------------------

                         (clock clk rise edge)        0.000     0.000 r  <hidden>
    E14                                               0.000     0.000 r  clk
                         net (fo=0)                   0.000     0.000    clk_IBUF_inst/I
    E14                  INBUF (Prop_INBUF_HDIOB_M_PAD_O)
                                                      1.059     1.059 r  clk_IBUF_inst/INBUF_INST/O
                         net (fo=1, routed)           0.000     1.059    clk_IBUF_inst/OUT
    E14                  IBUFCTRL (Prop_IBUFCTRL_HDIOB_M_I_O)
                                                      0.000     1.059 r  clk_IBUF_inst/IBUFCTRL_INST/O
                         net (fo=1, routed)           0.113     1.172    clk_IBUF
    BUFGCE_HDIO_X1Y4     BUFGCE (Prop_BUFCE_BUFGCE_HDIO_I_O)
                                                      0.019     1.191 r  clk_IBUF_BUFG_inst/O
    X1Y2 (CLOCK_ROOT)    net (fo=37, routed)          0.896     2.087    clk_IBUF_BUFG
    SLICE_X49Y146        FDRE                                         r  alu_in_reg[expon][7]/C
                         clock pessimism             -0.353     1.735    <hidden>
    SLICE_X49Y146        FDRE (Hold_DFF2_SLICEM_C_D)
                                                      0.047     1.782    alu_in_reg[expon][7]
  -------------------------------------------------------------------
                         required time                         -1.782    <hidden>
                         arrival time                           1.872    <hidden>
  -------------------------------------------------------------------
                         slack                                  0.091    <hidden>

Slack (MET) :             0.092ns  (arrival time - required time)
  Source:                 memreg_reg[2]/C
                            (rising edge-triggered cell FDRE clocked by clk  {rise@0.000ns fall@1.500ns period=3.000ns})
  Destination:            alu_in_reg[frac][5]/D
                            (rising edge-triggered cell FDRE clocked by clk  {rise@0.000ns fall@1.500ns period=3.000ns})
  Path Group:             clk
  Path Type:              Hold (Min at Fast Process Corner)
  Requirement:            0.000ns  (clk rise@0.000ns - clk rise@0.000ns)
  Data Path Delay:        0.188ns  (logic 0.038ns (20.265%)  route 0.150ns (79.735%))
  Logic Levels:           0  
  Clock Path Skew:        0.049ns (DCD - SCD - CPR)
    Destination Clock Delay (DCD):    2.082ns
    Source Clock Delay      (SCD):    1.709ns
    Clock Pessimism Removal (CPR):    0.324ns
  Clock Net Delay (Source):      0.786ns (routing 0.339ns, distribution 0.447ns)
  Clock Net Delay (Destination): 0.891ns (routing 0.373ns, distribution 0.518ns)

    Location             Delay type                Incr(ns)  Path(ns)    Netlist Resource(s)
  -------------------------------------------------------------------    -------------------
                         (clock clk rise edge)        0.000     0.000 r  <hidden>
    E14                                               0.000     0.000 r  clk
                         net (fo=0)                   0.000     0.000    clk_IBUF_inst/I
    E14                  INBUF (Prop_INBUF_HDIOB_M_PAD_O)
                                                      0.815     0.815 r  clk_IBUF_inst/INBUF_INST/O
                         net (fo=1, routed)           0.000     0.815    clk_IBUF_inst/OUT
    E14                  IBUFCTRL (Prop_IBUFCTRL_HDIOB_M_I_O)
                                                      0.000     0.815 r  clk_IBUF_inst/IBUFCTRL_INST/O
                         net (fo=1, routed)           0.091     0.906    clk_IBUF
    BUFGCE_HDIO_X1Y4     BUFGCE (Prop_BUFCE_BUFGCE_HDIO_I_O)
                                                      0.017     0.923 r  clk_IBUF_BUFG_inst/O
    X1Y2 (CLOCK_ROOT)    net (fo=37, routed)          0.786     1.709    clk_IBUF_BUFG
    SLICE_X49Y147        FDRE                                         r  memreg_reg[2]/C
  -------------------------------------------------------------------    -------------------
    SLICE_X49Y147        FDRE (Prop_EFF_SLICEM_C_Q)
                                                      0.038     1.747 r  memreg_reg[2]/Q
                         net (fo=8, routed)           0.150     1.897    p_5_in
    SLICE_X48Y147        FDRE                                         r  alu_in_reg[frac][5]/D
  -------------------------------------------------------------------    -------------------

                         (clock clk rise edge)        0.000     0.000 r  <hidden>
    E14                                               0.000     0.000 r  clk
                         net (fo=0)                   0.000     0.000    clk_IBUF_inst/I
    E14                  INBUF (Prop_INBUF_HDIOB_M_PAD_O)
                                                      1.059     1.059 r  clk_IBUF_inst/INBUF_INST/O
                         net (fo=1, routed)           0.000     1.059    clk_IBUF_inst/OUT
    E14                  IBUFCTRL (Prop_IBUFCTRL_HDIOB_M_I_O)
                                                      0.000     1.059 r  clk_IBUF_inst/IBUFCTRL_INST/O
                         net (fo=1, routed)           0.113     1.172    clk_IBUF
    BUFGCE_HDIO_X1Y4     BUFGCE (Prop_BUFCE_BUFGCE_HDIO_I_O)
                                                      0.019     1.191 r  clk_IBUF_BUFG_inst/O
    X1Y2 (CLOCK_ROOT)    net (fo=37, routed)          0.891     2.082    clk_IBUF_BUFG
    SLICE_X48Y147        FDRE                                         r  alu_in_reg[frac][5]/C
                         clock pessimism             -0.324     1.758    <hidden>
    SLICE_X48Y147        FDRE (Hold_EFF_SLICEL_C_D)
                                                      0.046     1.804    alu_in_reg[frac][5]
  -------------------------------------------------------------------
                         required time                         -1.804    <hidden>
                         arrival time                           1.897    <hidden>
  -------------------------------------------------------------------
                         slack                                  0.092    <hidden>





Pulse Width Checks
--------------------------------------------------------------------------------------
Clock Name:         clk
Waveform(ns):       { 0.000 1.500 }
Period(ns):         3.000
Sources:            { clk }

Check Type        Corner  Lib Pin   Reference Pin  Required(ns)  Actual(ns)  Slack(ns)  Location          Pin
Min Period        n/a     BUFGCE/I  n/a            1.290         3.000       1.710      BUFGCE_HDIO_X1Y4  clk_IBUF_BUFG_inst/I
Min Period        n/a     FDRE/C    n/a            0.550         3.000       2.450      SLICE_X49Y143     alu_in_reg[expon][0]/C
Min Period        n/a     FDRE/C    n/a            0.550         3.000       2.450      SLICE_X49Y143     alu_in_reg[expon][1]/C
Min Period        n/a     FDRE/C    n/a            0.550         3.000       2.450      SLICE_X49Y143     alu_in_reg[expon][2]/C
Min Period        n/a     FDRE/C    n/a            0.550         3.000       2.450      SLICE_X49Y145     alu_in_reg[expon][3]/C
Min Period        n/a     FDRE/C    n/a            0.550         3.000       2.450      SLICE_X49Y145     alu_in_reg[expon][4]/C
Min Period        n/a     FDRE/C    n/a            0.550         3.000       2.450      SLICE_X49Y145     alu_in_reg[expon][5]/C
Min Period        n/a     FDRE/C    n/a            0.550         3.000       2.450      SLICE_X49Y146     alu_in_reg[expon][6]/C
Min Period        n/a     FDRE/C    n/a            0.550         3.000       2.450      SLICE_X49Y146     alu_in_reg[expon][7]/C
Min Period        n/a     FDRE/C    n/a            0.550         3.000       2.450      SLICE_X49Y145     alu_in_reg[expon][9]/C
Low Pulse Width   Slow    FDRE/C    n/a            0.275         1.500       1.225      SLICE_X49Y143     alu_in_reg[expon][0]/C
Low Pulse Width   Fast    FDRE/C    n/a            0.275         1.500       1.225      SLICE_X49Y143     alu_in_reg[expon][0]/C
Low Pulse Width   Slow    FDRE/C    n/a            0.275         1.500       1.225      SLICE_X49Y143     alu_in_reg[expon][1]/C
Low Pulse Width   Fast    FDRE/C    n/a            0.275         1.500       1.225      SLICE_X49Y143     alu_in_reg[expon][1]/C
Low Pulse Width   Slow    FDRE/C    n/a            0.275         1.500       1.225      SLICE_X49Y143     alu_in_reg[expon][2]/C
Low Pulse Width   Fast    FDRE/C    n/a            0.275         1.500       1.225      SLICE_X49Y143     alu_in_reg[expon][2]/C
Low Pulse Width   Slow    FDRE/C    n/a            0.275         1.500       1.225      SLICE_X49Y145     alu_in_reg[expon][3]/C
Low Pulse Width   Fast    FDRE/C    n/a            0.275         1.500       1.225      SLICE_X49Y145     alu_in_reg[expon][3]/C
Low Pulse Width   Slow    FDRE/C    n/a            0.275         1.500       1.225      SLICE_X49Y145     alu_in_reg[expon][4]/C
Low Pulse Width   Fast    FDRE/C    n/a            0.275         1.500       1.225      SLICE_X49Y145     alu_in_reg[expon][4]/C
High Pulse Width  Slow    FDRE/C    n/a            0.275         1.500       1.225      SLICE_X49Y143     alu_in_reg[expon][0]/C
High Pulse Width  Fast    FDRE/C    n/a            0.275         1.500       1.225      SLICE_X49Y143     alu_in_reg[expon][0]/C
High Pulse Width  Slow    FDRE/C    n/a            0.275         1.500       1.225      SLICE_X49Y143     alu_in_reg[expon][1]/C
High Pulse Width  Fast    FDRE/C    n/a            0.275         1.500       1.225      SLICE_X49Y143     alu_in_reg[expon][1]/C
High Pulse Width  Slow    FDRE/C    n/a            0.275         1.500       1.225      SLICE_X49Y143     alu_in_reg[expon][2]/C
High Pulse Width  Fast    FDRE/C    n/a            0.275         1.500       1.225      SLICE_X49Y143     alu_in_reg[expon][2]/C
High Pulse Width  Slow    FDRE/C    n/a            0.275         1.500       1.225      SLICE_X49Y145     alu_in_reg[expon][3]/C
High Pulse Width  Fast    FDRE/C    n/a            0.275         1.500       1.225      SLICE_X49Y145     alu_in_reg[expon][3]/C
High Pulse Width  Slow    FDRE/C    n/a            0.275         1.500       1.225      SLICE_X49Y145     alu_in_reg[expon][4]/C
High Pulse Width  Fast    FDRE/C    n/a            0.275         1.500       1.225      SLICE_X49Y145     alu_in_reg[expon][4]/C



--------------------------------------------------------------------------------------
Path Group:  (none)
From Clock:  clk
  To Clock:  

Max Delay            21 Endpoints
Min Delay            21 Endpoints
--------------------------------------------------------------------------------------


Max Delay Paths
--------------------------------------------------------------------------------------
Slack:                    inf
  Source:                 alu_in_reg[frac][5]/C
                            (rising edge-triggered cell FDRE clocked by clk  {rise@0.000ns fall@1.500ns period=3.000ns})
  Destination:            alu_in[frac][5]
                            (output port)
  Path Group:             (none)
  Path Type:              Max at Slow Process Corner
  Data Path Delay:        2.273ns  (logic 0.959ns (42.181%)  route 1.314ns (57.819%))
  Logic Levels:           1  (OBUF=1)
  Clock Uncertainty:      0.025ns  ((TSJ^2 + TIJ^2)^1/2 + DJ) / 2 + PE
    Total System Jitter     (TSJ):    0.050ns
    Total Input Jitter      (TIJ):    0.000ns
    Discrete Jitter          (DJ):    0.000ns
    Phase Error              (PE):    0.000ns
  Clock Net Delay (Source):      1.427ns (routing 0.623ns, distribution 0.804ns)

    Location             Delay type                Incr(ns)  Path(ns)    Netlist Resource(s)
  -------------------------------------------------------------------    -------------------
                         (clock clk rise edge)        0.000     0.000 r  <hidden>
    E14                                               0.000     0.000 r  clk
                         net (fo=0)                   0.000     0.000    clk_IBUF_inst/I
    E14                  INBUF (Prop_INBUF_HDIOB_M_PAD_O)
                                                      1.238     1.238 r  clk_IBUF_inst/INBUF_INST/O
                         net (fo=1, routed)           0.000     1.238    clk_IBUF_inst/OUT
    E14                  IBUFCTRL (Prop_IBUFCTRL_HDIOB_M_I_O)
                                                      0.000     1.238 r  clk_IBUF_inst/IBUFCTRL_INST/O
                         net (fo=1, routed)           0.204     1.442    clk_IBUF
    BUFGCE_HDIO_X1Y4     BUFGCE (Prop_BUFCE_BUFGCE_HDIO_I_O)
                                                      0.028     1.470 r  clk_IBUF_BUFG_inst/O
    X1Y2 (CLOCK_ROOT)    net (fo=37, routed)          1.427     2.897    clk_IBUF_BUFG
    SLICE_X48Y147        FDRE                                         r  alu_in_reg[frac][5]/C
  -------------------------------------------------------------------    -------------------
    SLICE_X48Y147        FDRE (Prop_EFF_SLICEL_C_Q)
                                                      0.079     2.976 r  alu_in_reg[frac][5]/Q
                         net (fo=1, routed)           1.314     4.290    alu_in[frac]_OBUF[5]
    C6                   OBUF (Prop_OUTBUF_HPIOB_S_I_O)
                                                      0.880     5.170 r  alu_in[frac][5]_INST_0/O
                         net (fo=0)                   0.000     5.170    alu_in[frac][5]
    C6                                                                r  alu_in[frac][5]
  -------------------------------------------------------------------    -------------------

Slack:                    inf
  Source:                 alu_in_reg[frac][6]/C
                            (rising edge-triggered cell FDRE clocked by clk  {rise@0.000ns fall@1.500ns period=3.000ns})
  Destination:            alu_in[frac][6]
                            (output port)
  Path Group:             (none)
  Path Type:              Max at Slow Process Corner
  Data Path Delay:        2.245ns  (logic 0.943ns (42.014%)  route 1.302ns (57.986%))
  Logic Levels:           1  (OBUF=1)
  Clock Uncertainty:      0.025ns  ((TSJ^2 + TIJ^2)^1/2 + DJ) / 2 + PE
    Total System Jitter     (TSJ):    0.050ns
    Total Input Jitter      (TIJ):    0.000ns
    Discrete Jitter          (DJ):    0.000ns
    Phase Error              (PE):    0.000ns
  Clock Net Delay (Source):      1.447ns (routing 0.623ns, distribution 0.824ns)

    Location             Delay type                Incr(ns)  Path(ns)    Netlist Resource(s)
  -------------------------------------------------------------------    -------------------
                         (clock clk rise edge)        0.000     0.000 r  <hidden>
    E14                                               0.000     0.000 r  clk
                         net (fo=0)                   0.000     0.000    clk_IBUF_inst/I
    E14                  INBUF (Prop_INBUF_HDIOB_M_PAD_O)
                                                      1.238     1.238 r  clk_IBUF_inst/INBUF_INST/O
                         net (fo=1, routed)           0.000     1.238    clk_IBUF_inst/OUT
    E14                  IBUFCTRL (Prop_IBUFCTRL_HDIOB_M_I_O)
                                                      0.000     1.238 r  clk_IBUF_inst/IBUFCTRL_INST/O
                         net (fo=1, routed)           0.204     1.442    clk_IBUF
    BUFGCE_HDIO_X1Y4     BUFGCE (Prop_BUFCE_BUFGCE_HDIO_I_O)
                                                      0.028     1.470 r  clk_IBUF_BUFG_inst/O
    X1Y2 (CLOCK_ROOT)    net (fo=37, routed)          1.447     2.917    clk_IBUF_BUFG
    SLICE_X47Y145        FDRE                                         r  alu_in_reg[frac][6]/C
  -------------------------------------------------------------------    -------------------
    SLICE_X47Y145        FDRE (Prop_EFF_SLICEM_C_Q)
                                                      0.076     2.993 r  alu_in_reg[frac][6]/Q
                         net (fo=1, routed)           1.302     4.295    alu_in[frac]_OBUF[6]
    E5                   OBUF (Prop_OUTBUF_HPIOB_M_I_O)
                                                      0.867     5.162 r  alu_in[frac][6]_INST_0/O
                         net (fo=0)                   0.000     5.162    alu_in[frac][6]
    E5                                                                r  alu_in[frac][6]
  -------------------------------------------------------------------    -------------------

Slack:                    inf
  Source:                 alu_in_reg[frac][9]/C
                            (rising edge-triggered cell FDRE clocked by clk  {rise@0.000ns fall@1.500ns period=3.000ns})
  Destination:            alu_in[frac][9]
                            (output port)
  Path Group:             (none)
  Path Type:              Max at Slow Process Corner
  Data Path Delay:        2.212ns  (logic 0.962ns (43.492%)  route 1.250ns (56.508%))
  Logic Levels:           1  (OBUF=1)
  Clock Uncertainty:      0.025ns  ((TSJ^2 + TIJ^2)^1/2 + DJ) / 2 + PE
    Total System Jitter     (TSJ):    0.050ns
    Total Input Jitter      (TIJ):    0.000ns
    Discrete Jitter          (DJ):    0.000ns
    Phase Error              (PE):    0.000ns
  Clock Net Delay (Source):      1.442ns (routing 0.623ns, distribution 0.819ns)

    Location             Delay type                Incr(ns)  Path(ns)    Netlist Resource(s)
  -------------------------------------------------------------------    -------------------
                         (clock clk rise edge)        0.000     0.000 r  <hidden>
    E14                                               0.000     0.000 r  clk
                         net (fo=0)                   0.000     0.000    clk_IBUF_inst/I
    E14                  INBUF (Prop_INBUF_HDIOB_M_PAD_O)
                                                      1.238     1.238 r  clk_IBUF_inst/INBUF_INST/O
                         net (fo=1, routed)           0.000     1.238    clk_IBUF_inst/OUT
    E14                  IBUFCTRL (Prop_IBUFCTRL_HDIOB_M_I_O)
                                                      0.000     1.238 r  clk_IBUF_inst/IBUFCTRL_INST/O
                         net (fo=1, routed)           0.204     1.442    clk_IBUF
    BUFGCE_HDIO_X1Y4     BUFGCE (Prop_BUFCE_BUFGCE_HDIO_I_O)
                                                      0.028     1.470 r  clk_IBUF_BUFG_inst/O
    X1Y2 (CLOCK_ROOT)    net (fo=37, routed)          1.442     2.912    clk_IBUF_BUFG
    SLICE_X48Y145        FDRE                                         r  alu_in_reg[frac][9]/C
  -------------------------------------------------------------------    -------------------
    SLICE_X48Y145        FDRE (Prop_EFF_SLICEL_C_Q)
                                                      0.079     2.991 r  alu_in_reg[frac][9]/Q
                         net (fo=1, routed)           1.250     4.241    alu_in[frac]_OBUF[9]
    B5                   OBUF (Prop_OUTBUF_HPIOB_S_I_O)
                                                      0.883     5.124 r  alu_in[frac][9]_INST_0/O
                         net (fo=0)                   0.000     5.124    alu_in[frac][9]
    B5                                                                r  alu_in[frac][9]
  -------------------------------------------------------------------    -------------------

Slack:                    inf
  Source:                 alu_in_reg[frac][8]/C
                            (rising edge-triggered cell FDRE clocked by clk  {rise@0.000ns fall@1.500ns period=3.000ns})
  Destination:            alu_in[frac][8]
                            (output port)
  Path Group:             (none)
  Path Type:              Max at Slow Process Corner
  Data Path Delay:        2.217ns  (logic 0.966ns (43.579%)  route 1.251ns (56.421%))
  Logic Levels:           1  (OBUF=1)
  Clock Uncertainty:      0.025ns  ((TSJ^2 + TIJ^2)^1/2 + DJ) / 2 + PE
    Total System Jitter     (TSJ):    0.050ns
    Total Input Jitter      (TIJ):    0.000ns
    Discrete Jitter          (DJ):    0.000ns
    Phase Error              (PE):    0.000ns
  Clock Net Delay (Source):      1.423ns (routing 0.623ns, distribution 0.800ns)

    Location             Delay type                Incr(ns)  Path(ns)    Netlist Resource(s)
  -------------------------------------------------------------------    -------------------
                         (clock clk rise edge)        0.000     0.000 r  <hidden>
    E14                                               0.000     0.000 r  clk
                         net (fo=0)                   0.000     0.000    clk_IBUF_inst/I
    E14                  INBUF (Prop_INBUF_HDIOB_M_PAD_O)
                                                      1.238     1.238 r  clk_IBUF_inst/INBUF_INST/O
                         net (fo=1, routed)           0.000     1.238    clk_IBUF_inst/OUT
    E14                  IBUFCTRL (Prop_IBUFCTRL_HDIOB_M_I_O)
                                                      0.000     1.238 r  clk_IBUF_inst/IBUFCTRL_INST/O
                         net (fo=1, routed)           0.204     1.442    clk_IBUF
    BUFGCE_HDIO_X1Y4     BUFGCE (Prop_BUFCE_BUFGCE_HDIO_I_O)
                                                      0.028     1.470 r  clk_IBUF_BUFG_inst/O
    X1Y2 (CLOCK_ROOT)    net (fo=37, routed)          1.423     2.893    clk_IBUF_BUFG
    SLICE_X48Y146        FDRE                                         r  alu_in_reg[frac][8]/C
  -------------------------------------------------------------------    -------------------
    SLICE_X48Y146        FDRE (Prop_AFF_SLICEL_C_Q)
                                                      0.079     2.972 r  alu_in_reg[frac][8]/Q
                         net (fo=1, routed)           1.251     4.223    alu_in[frac]_OBUF[8]
    B6                   OBUF (Prop_OUTBUF_HPIOB_M_I_O)
                                                      0.887     5.111 r  alu_in[frac][8]_INST_0/O
                         net (fo=0)                   0.000     5.111    alu_in[frac][8]
    B6                                                                r  alu_in[frac][8]
  -------------------------------------------------------------------    -------------------

Slack:                    inf
  Source:                 alu_in_reg[frac][10]/C
                            (rising edge-triggered cell FDRE clocked by clk  {rise@0.000ns fall@1.500ns period=3.000ns})
  Destination:            alu_in[frac][10]
                            (output port)
  Path Group:             (none)
  Path Type:              Max at Slow Process Corner
  Data Path Delay:        2.200ns  (logic 0.969ns (44.053%)  route 1.231ns (55.947%))
  Logic Levels:           1  (OBUF=1)
  Clock Uncertainty:      0.025ns  ((TSJ^2 + TIJ^2)^1/2 + DJ) / 2 + PE
    Total System Jitter     (TSJ):    0.050ns
    Total Input Jitter      (TIJ):    0.000ns
    Discrete Jitter          (DJ):    0.000ns
    Phase Error              (PE):    0.000ns
  Clock Net Delay (Source):      1.428ns (routing 0.623ns, distribution 0.805ns)

    Location             Delay type                Incr(ns)  Path(ns)    Netlist Resource(s)
  -------------------------------------------------------------------    -------------------
                         (clock clk rise edge)        0.000     0.000 r  <hidden>
    E14                                               0.000     0.000 r  clk
                         net (fo=0)                   0.000     0.000    clk_IBUF_inst/I
    E14                  INBUF (Prop_INBUF_HDIOB_M_PAD_O)
                                                      1.238     1.238 r  clk_IBUF_inst/INBUF_INST/O
                         net (fo=1, routed)           0.000     1.238    clk_IBUF_inst/OUT
    E14                  IBUFCTRL (Prop_IBUFCTRL_HDIOB_M_I_O)
                                                      0.000     1.238 r  clk_IBUF_inst/IBUFCTRL_INST/O
                         net (fo=1, routed)           0.204     1.442    clk_IBUF
    BUFGCE_HDIO_X1Y4     BUFGCE (Prop_BUFCE_BUFGCE_HDIO_I_O)
                                                      0.028     1.470 r  clk_IBUF_BUFG_inst/O
    X1Y2 (CLOCK_ROOT)    net (fo=37, routed)          1.428     2.898    clk_IBUF_BUFG
    SLICE_X48Y146        FDRE                                         r  alu_in_reg[frac][10]/C
  -------------------------------------------------------------------    -------------------
    SLICE_X48Y146        FDRE (Prop_EFF_SLICEL_C_Q)
                                                      0.079     2.977 r  alu_in_reg[frac][10]/Q
                         net (fo=1, routed)           1.231     4.208    alu_in[frac]_OBUF[10]
    A6                   OBUF (Prop_OUTBUF_HPIOB_M_I_O)
                                                      0.890     5.099 r  alu_in[frac][10]_INST_0/O
                         net (fo=0)                   0.000     5.099    alu_in[frac][10]
    A6                                                                r  alu_in[frac][10]
  -------------------------------------------------------------------    -------------------

Slack:                    inf
  Source:                 alu_in_reg[frac][3]/C
                            (rising edge-triggered cell FDRE clocked by clk  {rise@0.000ns fall@1.500ns period=3.000ns})
  Destination:            alu_in[frac][3]
                            (output port)
  Path Group:             (none)
  Path Type:              Max at Slow Process Corner
  Data Path Delay:        2.185ns  (logic 0.944ns (43.215%)  route 1.241ns (56.785%))
  Logic Levels:           1  (OBUF=1)
  Clock Uncertainty:      0.025ns  ((TSJ^2 + TIJ^2)^1/2 + DJ) / 2 + PE
    Total System Jitter     (TSJ):    0.050ns
    Total Input Jitter      (TIJ):    0.000ns
    Discrete Jitter          (DJ):    0.000ns
    Phase Error              (PE):    0.000ns
  Clock Net Delay (Source):      1.437ns (routing 0.623ns, distribution 0.814ns)

    Location             Delay type                Incr(ns)  Path(ns)    Netlist Resource(s)
  -------------------------------------------------------------------    -------------------
                         (clock clk rise edge)        0.000     0.000 r  <hidden>
    E14                                               0.000     0.000 r  clk
                         net (fo=0)                   0.000     0.000    clk_IBUF_inst/I
    E14                  INBUF (Prop_INBUF_HDIOB_M_PAD_O)
                                                      1.238     1.238 r  clk_IBUF_inst/INBUF_INST/O
                         net (fo=1, routed)           0.000     1.238    clk_IBUF_inst/OUT
    E14                  IBUFCTRL (Prop_IBUFCTRL_HDIOB_M_I_O)
                                                      0.000     1.238 r  clk_IBUF_inst/IBUFCTRL_INST/O
                         net (fo=1, routed)           0.204     1.442    clk_IBUF
    BUFGCE_HDIO_X1Y4     BUFGCE (Prop_BUFCE_BUFGCE_HDIO_I_O)
                                                      0.028     1.470 r  clk_IBUF_BUFG_inst/O
    X1Y2 (CLOCK_ROOT)    net (fo=37, routed)          1.437     2.907    clk_IBUF_BUFG
    SLICE_X49Y144        FDRE                                         r  alu_in_reg[frac][3]/C
  -------------------------------------------------------------------    -------------------
    SLICE_X49Y144        FDRE (Prop_EFF_SLICEM_C_Q)
                                                      0.076     2.983 r  alu_in_reg[frac][3]/Q
                         net (fo=1, routed)           1.241     4.224    alu_in[frac]_OBUF[3]
    D6                   OBUF (Prop_OUTBUF_HPIOB_S_I_O)
                                                      0.868     5.093 r  alu_in[frac][3]_INST_0/O
                         net (fo=0)                   0.000     5.093    alu_in[frac][3]
    D6                                                                r  alu_in[frac][3]
  -------------------------------------------------------------------    -------------------

Slack:                    inf
  Source:                 alu_in_reg[frac][4]/C
                            (rising edge-triggered cell FDRE clocked by clk  {rise@0.000ns fall@1.500ns period=3.000ns})
  Destination:            alu_in[frac][4]
                            (output port)
  Path Group:             (none)
  Path Type:              Max at Slow Process Corner
  Data Path Delay:        2.184ns  (logic 0.956ns (43.783%)  route 1.228ns (56.217%))
  Logic Levels:           1  (OBUF=1)
  Clock Uncertainty:      0.025ns  ((TSJ^2 + TIJ^2)^1/2 + DJ) / 2 + PE
    Total System Jitter     (TSJ):    0.050ns
    Total Input Jitter      (TIJ):    0.000ns
    Discrete Jitter          (DJ):    0.000ns
    Phase Error              (PE):    0.000ns
  Clock Net Delay (Source):      1.438ns (routing 0.623ns, distribution 0.815ns)

    Location             Delay type                Incr(ns)  Path(ns)    Netlist Resource(s)
  -------------------------------------------------------------------    -------------------
                         (clock clk rise edge)        0.000     0.000 r  <hidden>
    E14                                               0.000     0.000 r  clk
                         net (fo=0)                   0.000     0.000    clk_IBUF_inst/I
    E14                  INBUF (Prop_INBUF_HDIOB_M_PAD_O)
                                                      1.238     1.238 r  clk_IBUF_inst/INBUF_INST/O
                         net (fo=1, routed)           0.000     1.238    clk_IBUF_inst/OUT
    E14                  IBUFCTRL (Prop_IBUFCTRL_HDIOB_M_I_O)
                                                      0.000     1.238 r  clk_IBUF_inst/IBUFCTRL_INST/O
                         net (fo=1, routed)           0.204     1.442    clk_IBUF
    BUFGCE_HDIO_X1Y4     BUFGCE (Prop_BUFCE_BUFGCE_HDIO_I_O)
                                                      0.028     1.470 r  clk_IBUF_BUFG_inst/O
    X1Y2 (CLOCK_ROOT)    net (fo=37, routed)          1.438     2.908    clk_IBUF_BUFG
    SLICE_X49Y144        FDRE                                         r  alu_in_reg[frac][4]/C
  -------------------------------------------------------------------    -------------------
    SLICE_X49Y144        FDRE (Prop_AFF_SLICEM_C_Q)
                                                      0.077     2.985 r  alu_in_reg[frac][4]/Q
                         net (fo=1, routed)           1.228     4.213    alu_in[frac]_OBUF[4]
    D7                   OBUF (Prop_OUTBUF_HPIOB_M_I_O)
                                                      0.879     5.093 r  alu_in[frac][4]_INST_0/O
                         net (fo=0)                   0.000     5.093    alu_in[frac][4]
    D7                                                                r  alu_in[frac][4]
  -------------------------------------------------------------------    -------------------

Slack:                    inf
  Source:                 alu_in_reg[expon][5]/C
                            (rising edge-triggered cell FDRE clocked by clk  {rise@0.000ns fall@1.500ns period=3.000ns})
  Destination:            alu_in[expon][5]
                            (output port)
  Path Group:             (none)
  Path Type:              Max at Slow Process Corner
  Data Path Delay:        2.181ns  (logic 0.936ns (42.913%)  route 1.245ns (57.087%))
  Logic Levels:           1  (OBUF=1)
  Clock Uncertainty:      0.025ns  ((TSJ^2 + TIJ^2)^1/2 + DJ) / 2 + PE
    Total System Jitter     (TSJ):    0.050ns
    Total Input Jitter      (TIJ):    0.000ns
    Discrete Jitter          (DJ):    0.000ns
    Phase Error              (PE):    0.000ns
  Clock Net Delay (Source):      1.437ns (routing 0.623ns, distribution 0.814ns)

    Location             Delay type                Incr(ns)  Path(ns)    Netlist Resource(s)
  -------------------------------------------------------------------    -------------------
                         (clock clk rise edge)        0.000     0.000 r  <hidden>
    E14                                               0.000     0.000 r  clk
                         net (fo=0)                   0.000     0.000    clk_IBUF_inst/I
    E14                  INBUF (Prop_INBUF_HDIOB_M_PAD_O)
                                                      1.238     1.238 r  clk_IBUF_inst/INBUF_INST/O
                         net (fo=1, routed)           0.000     1.238    clk_IBUF_inst/OUT
    E14                  IBUFCTRL (Prop_IBUFCTRL_HDIOB_M_I_O)
                                                      0.000     1.238 r  clk_IBUF_inst/IBUFCTRL_INST/O
                         net (fo=1, routed)           0.204     1.442    clk_IBUF
    BUFGCE_HDIO_X1Y4     BUFGCE (Prop_BUFCE_BUFGCE_HDIO_I_O)
                                                      0.028     1.470 r  clk_IBUF_BUFG_inst/O
    X1Y2 (CLOCK_ROOT)    net (fo=37, routed)          1.437     2.907    clk_IBUF_BUFG
    SLICE_X49Y145        FDRE                                         r  alu_in_reg[expon][5]/C
  -------------------------------------------------------------------    -------------------
    SLICE_X49Y145        FDRE (Prop_AFF2_SLICEM_C_Q)
                                                      0.080     2.987 r  alu_in_reg[expon][5]/Q
                         net (fo=1, routed)           1.245     4.232    alu_in[expon]_OBUF[5]
    H7                   OBUF (Prop_OUTBUF_HPIOB_M_I_O)
                                                      0.856     5.088 r  alu_in[expon][5]_INST_0/O
                         net (fo=0)                   0.000     5.088    alu_in[expon][5]
    H7                                                                r  alu_in[expon][5]
  -------------------------------------------------------------------    -------------------

Slack:                    inf
  Source:                 alu_in_reg[frac][7]/C
                            (rising edge-triggered cell FDRE clocked by clk  {rise@0.000ns fall@1.500ns period=3.000ns})
  Destination:            alu_in[frac][7]
                            (output port)
  Path Group:             (none)
  Path Type:              Max at Slow Process Corner
  Data Path Delay:        2.191ns  (logic 0.945ns (43.131%)  route 1.246ns (56.869%))
  Logic Levels:           1  (OBUF=1)
  Clock Uncertainty:      0.025ns  ((TSJ^2 + TIJ^2)^1/2 + DJ) / 2 + PE
    Total System Jitter     (TSJ):    0.050ns
    Total Input Jitter      (TIJ):    0.000ns
    Discrete Jitter          (DJ):    0.000ns
    Phase Error              (PE):    0.000ns
  Clock Net Delay (Source):      1.422ns (routing 0.623ns, distribution 0.799ns)

    Location             Delay type                Incr(ns)  Path(ns)    Netlist Resource(s)
  -------------------------------------------------------------------    -------------------
                         (clock clk rise edge)        0.000     0.000 r  <hidden>
    E14                                               0.000     0.000 r  clk
                         net (fo=0)                   0.000     0.000    clk_IBUF_inst/I
    E14                  INBUF (Prop_INBUF_HDIOB_M_PAD_O)
                                                      1.238     1.238 r  clk_IBUF_inst/INBUF_INST/O
                         net (fo=1, routed)           0.000     1.238    clk_IBUF_inst/OUT
    E14                  IBUFCTRL (Prop_IBUFCTRL_HDIOB_M_I_O)
                                                      0.000     1.238 r  clk_IBUF_inst/IBUFCTRL_INST/O
                         net (fo=1, routed)           0.204     1.442    clk_IBUF
    BUFGCE_HDIO_X1Y4     BUFGCE (Prop_BUFCE_BUFGCE_HDIO_I_O)
                                                      0.028     1.470 r  clk_IBUF_BUFG_inst/O
    X1Y2 (CLOCK_ROOT)    net (fo=37, routed)          1.422     2.892    clk_IBUF_BUFG
    SLICE_X48Y147        FDRE                                         r  alu_in_reg[frac][7]/C
  -------------------------------------------------------------------    -------------------
    SLICE_X48Y147        FDRE (Prop_AFF_SLICEL_C_Q)
                                                      0.079     2.971 r  alu_in_reg[frac][7]/Q
                         net (fo=1, routed)           1.246     4.217    alu_in[frac]_OBUF[7]
    D4                   OBUF (Prop_OUTBUF_HPIOB_S_I_O)
                                                      0.866     5.083 r  alu_in[frac][7]_INST_0/O
                         net (fo=0)                   0.000     5.083    alu_in[frac][7]
    D4                                                                r  alu_in[frac][7]
  -------------------------------------------------------------------    -------------------

Slack:                    inf
  Source:                 alu_in_reg[expon][9]_lopt_replica/C
                            (rising edge-triggered cell FDRE clocked by clk  {rise@0.000ns fall@1.500ns period=3.000ns})
  Destination:            alu_in[expon][8]
                            (output port)
  Path Group:             (none)
  Path Type:              Max at Slow Process Corner
  Data Path Delay:        2.173ns  (logic 0.943ns (43.394%)  route 1.230ns (56.606%))
  Logic Levels:           1  (OBUF=1)
  Clock Uncertainty:      0.025ns  ((TSJ^2 + TIJ^2)^1/2 + DJ) / 2 + PE
    Total System Jitter     (TSJ):    0.050ns
    Total Input Jitter      (TIJ):    0.000ns
    Discrete Jitter          (DJ):    0.000ns
    Phase Error              (PE):    0.000ns
  Clock Net Delay (Source):      1.436ns (routing 0.623ns, distribution 0.813ns)

    Location             Delay type                Incr(ns)  Path(ns)    Netlist Resource(s)
  -------------------------------------------------------------------    -------------------
                         (clock clk rise edge)        0.000     0.000 r  <hidden>
    E14                                               0.000     0.000 r  clk
                         net (fo=0)                   0.000     0.000    clk_IBUF_inst/I
    E14                  INBUF (Prop_INBUF_HDIOB_M_PAD_O)
                                                      1.238     1.238 r  clk_IBUF_inst/INBUF_INST/O
                         net (fo=1, routed)           0.000     1.238    clk_IBUF_inst/OUT
    E14                  IBUFCTRL (Prop_IBUFCTRL_HDIOB_M_I_O)
                                                      0.000     1.238 r  clk_IBUF_inst/IBUFCTRL_INST/O
                         net (fo=1, routed)           0.204     1.442    clk_IBUF
    BUFGCE_HDIO_X1Y4     BUFGCE (Prop_BUFCE_BUFGCE_HDIO_I_O)
                                                      0.028     1.470 r  clk_IBUF_BUFG_inst/O
    X1Y2 (CLOCK_ROOT)    net (fo=37, routed)          1.436     2.906    clk_IBUF_BUFG
    SLICE_X49Y145        FDRE                                         r  alu_in_reg[expon][9]_lopt_replica/C
  -------------------------------------------------------------------    -------------------
    SLICE_X49Y145        FDRE (Prop_EFF2_SLICEM_C_Q)
                                                      0.079     2.985 r  alu_in_reg[expon][9]_lopt_replica/Q
                         net (fo=1, routed)           1.230     4.215    alu_in_reg[expon][9]_lopt_replica_1
    G4                   OBUF (Prop_OUTBUF_HPIOB_S_I_O)
                                                      0.864     5.079 r  alu_in[expon][8]_INST_0/O
                         net (fo=0)                   0.000     5.079    alu_in[expon][8]
    G4                                                                r  alu_in[expon][8]
  -------------------------------------------------------------------    -------------------





Min Delay Paths
--------------------------------------------------------------------------------------
Slack:                    inf
  Source:                 alu_in_reg[znan]/C
                            (rising edge-triggered cell FDRE clocked by clk  {rise@0.000ns fall@1.500ns period=3.000ns})
  Destination:            alu_in[znan]
                            (output port)
  Path Group:             (none)
  Path Type:              Min at Fast Process Corner
  Data Path Delay:        0.854ns  (logic 0.413ns (48.375%)  route 0.441ns (51.625%))
  Logic Levels:           1  (OBUF=1)
  Clock Uncertainty:      0.025ns  ((TSJ^2 + TIJ^2)^1/2 + DJ) / 2 + PE
    Total System Jitter     (TSJ):    0.050ns
    Total Input Jitter      (TIJ):    0.000ns
    Discrete Jitter          (DJ):    0.000ns
    Phase Error              (PE):    0.000ns
  Clock Net Delay (Source):      0.792ns (routing 0.339ns, distribution 0.453ns)

    Location             Delay type                Incr(ns)  Path(ns)    Netlist Resource(s)
  -------------------------------------------------------------------    -------------------
                         (clock clk rise edge)        0.000     0.000 r  <hidden>
    E14                                               0.000     0.000 r  clk
                         net (fo=0)                   0.000     0.000    clk_IBUF_inst/I
    E14                  INBUF (Prop_INBUF_HDIOB_M_PAD_O)
                                                      0.815     0.815 r  clk_IBUF_inst/INBUF_INST/O
                         net (fo=1, routed)           0.000     0.815    clk_IBUF_inst/OUT
    E14                  IBUFCTRL (Prop_IBUFCTRL_HDIOB_M_I_O)
                                                      0.000     0.815 r  clk_IBUF_inst/IBUFCTRL_INST/O
                         net (fo=1, routed)           0.091     0.906    clk_IBUF
    BUFGCE_HDIO_X1Y4     BUFGCE (Prop_BUFCE_BUFGCE_HDIO_I_O)
                                                      0.017     0.923 r  clk_IBUF_BUFG_inst/O
    X1Y2 (CLOCK_ROOT)    net (fo=37, routed)          0.792     1.715    clk_IBUF_BUFG
    SLICE_X49Y146        FDRE                                         r  alu_in_reg[znan]/C
  -------------------------------------------------------------------    -------------------
    SLICE_X49Y146        FDRE (Prop_BFF_SLICEM_C_Q)
                                                      0.038     1.753 r  alu_in_reg[znan]/Q
                         net (fo=1, routed)           0.441     2.194    alu_in_reg[znan_n_0_]
    E4                   OBUF (Prop_OUTBUF_HPIOB_M_I_O)
                                                      0.375     2.569 r  alu_in[znan]_INST_0/O
                         net (fo=0)                   0.000     2.569    alu_in[znan]
    E4                                                                r  alu_in[znan]
  -------------------------------------------------------------------    -------------------

Slack:                    inf
  Source:                 alu_in_reg[expon][4]/C
                            (rising edge-triggered cell FDRE clocked by clk  {rise@0.000ns fall@1.500ns period=3.000ns})
  Destination:            alu_in[expon][4]
                            (output port)
  Path Group:             (none)
  Path Type:              Min at Fast Process Corner
  Data Path Delay:        0.867ns  (logic 0.384ns (44.305%)  route 0.483ns (55.695%))
  Logic Levels:           1  (OBUF=1)
  Clock Uncertainty:      0.025ns  ((TSJ^2 + TIJ^2)^1/2 + DJ) / 2 + PE
    Total System Jitter     (TSJ):    0.050ns
    Total Input Jitter      (TIJ):    0.000ns
    Discrete Jitter          (DJ):    0.000ns
    Phase Error              (PE):    0.000ns
  Clock Net Delay (Source):      0.793ns (routing 0.339ns, distribution 0.454ns)

    Location             Delay type                Incr(ns)  Path(ns)    Netlist Resource(s)
  -------------------------------------------------------------------    -------------------
                         (clock clk rise edge)        0.000     0.000 r  <hidden>
    E14                                               0.000     0.000 r  clk
                         net (fo=0)                   0.000     0.000    clk_IBUF_inst/I
    E14                  INBUF (Prop_INBUF_HDIOB_M_PAD_O)
                                                      0.815     0.815 r  clk_IBUF_inst/INBUF_INST/O
                         net (fo=1, routed)           0.000     0.815    clk_IBUF_inst/OUT
    E14                  IBUFCTRL (Prop_IBUFCTRL_HDIOB_M_I_O)
                                                      0.000     0.815 r  clk_IBUF_inst/IBUFCTRL_INST/O
                         net (fo=1, routed)           0.091     0.906    clk_IBUF
    BUFGCE_HDIO_X1Y4     BUFGCE (Prop_BUFCE_BUFGCE_HDIO_I_O)
                                                      0.017     0.923 r  clk_IBUF_BUFG_inst/O
    X1Y2 (CLOCK_ROOT)    net (fo=37, routed)          0.793     1.716    clk_IBUF_BUFG
    SLICE_X49Y145        FDRE                                         r  alu_in_reg[expon][4]/C
  -------------------------------------------------------------------    -------------------
    SLICE_X49Y145        FDRE (Prop_DFF_SLICEM_C_Q)
                                                      0.039     1.755 r  alu_in_reg[expon][4]/Q
                         net (fo=1, routed)           0.483     2.238    alu_in[expon]_OBUF[4]
    H4                   OBUF (Prop_OUTBUF_HPIOB_S_I_O)
                                                      0.345     2.583 r  alu_in[expon][4]_INST_0/O
                         net (fo=0)                   0.000     2.583    alu_in[expon][4]
    H4                                                                r  alu_in[expon][4]
  -------------------------------------------------------------------    -------------------

Slack:                    inf
  Source:                 alu_in_reg[expon][2]/C
                            (rising edge-triggered cell FDRE clocked by clk  {rise@0.000ns fall@1.500ns period=3.000ns})
  Destination:            alu_in[expon][2]
                            (output port)
  Path Group:             (none)
  Path Type:              Min at Fast Process Corner
  Data Path Delay:        0.876ns  (logic 0.394ns (44.954%)  route 0.482ns (55.046%))
  Logic Levels:           1  (OBUF=1)
  Clock Uncertainty:      0.025ns  ((TSJ^2 + TIJ^2)^1/2 + DJ) / 2 + PE
    Total System Jitter     (TSJ):    0.050ns
    Total Input Jitter      (TIJ):    0.000ns
    Discrete Jitter          (DJ):    0.000ns
    Phase Error              (PE):    0.000ns
  Clock Net Delay (Source):      0.793ns (routing 0.339ns, distribution 0.454ns)

    Location             Delay type                Incr(ns)  Path(ns)    Netlist Resource(s)
  -------------------------------------------------------------------    -------------------
                         (clock clk rise edge)        0.000     0.000 r  <hidden>
    E14                                               0.000     0.000 r  clk
                         net (fo=0)                   0.000     0.000    clk_IBUF_inst/I
    E14                  INBUF (Prop_INBUF_HDIOB_M_PAD_O)
                                                      0.815     0.815 r  clk_IBUF_inst/INBUF_INST/O
                         net (fo=1, routed)           0.000     0.815    clk_IBUF_inst/OUT
    E14                  IBUFCTRL (Prop_IBUFCTRL_HDIOB_M_I_O)
                                                      0.000     0.815 r  clk_IBUF_inst/IBUFCTRL_INST/O
                         net (fo=1, routed)           0.091     0.906    clk_IBUF
    BUFGCE_HDIO_X1Y4     BUFGCE (Prop_BUFCE_BUFGCE_HDIO_I_O)
                                                      0.017     0.923 r  clk_IBUF_BUFG_inst/O
    X1Y2 (CLOCK_ROOT)    net (fo=37, routed)          0.793     1.716    clk_IBUF_BUFG
    SLICE_X49Y143        FDRE                                         r  alu_in_reg[expon][2]/C
  -------------------------------------------------------------------    -------------------
    SLICE_X49Y143        FDRE (Prop_FFF_SLICEM_C_Q)
                                                      0.037     1.753 r  alu_in_reg[expon][2]/Q
                         net (fo=1, routed)           0.482     2.235    alu_in[expon]_OBUF[2]
    K4                   OBUF (Prop_OUTBUF_HPIOB_S_I_O)
                                                      0.357     2.591 r  alu_in[expon][2]_INST_0/O
                         net (fo=0)                   0.000     2.591    alu_in[expon][2]
    K4                                                                r  alu_in[expon][2]
  -------------------------------------------------------------------    -------------------

Slack:                    inf
  Source:                 alu_in_reg[expon][7]/C
                            (rising edge-triggered cell FDRE clocked by clk  {rise@0.000ns fall@1.500ns period=3.000ns})
  Destination:            alu_in[expon][7]
                            (output port)
  Path Group:             (none)
  Path Type:              Min at Fast Process Corner
  Data Path Delay:        0.883ns  (logic 0.398ns (45.082%)  route 0.485ns (54.918%))
  Logic Levels:           1  (OBUF=1)
  Clock Uncertainty:      0.025ns  ((TSJ^2 + TIJ^2)^1/2 + DJ) / 2 + PE
    Total System Jitter     (TSJ):    0.050ns
    Total Input Jitter      (TIJ):    0.000ns
    Discrete Jitter          (DJ):    0.000ns
    Phase Error              (PE):    0.000ns
  Clock Net Delay (Source):      0.792ns (routing 0.339ns, distribution 0.453ns)

    Location             Delay type                Incr(ns)  Path(ns)    Netlist Resource(s)
  -------------------------------------------------------------------    -------------------
                         (clock clk rise edge)        0.000     0.000 r  <hidden>
    E14                                               0.000     0.000 r  clk
                         net (fo=0)                   0.000     0.000    clk_IBUF_inst/I
    E14                  INBUF (Prop_INBUF_HDIOB_M_PAD_O)
                                                      0.815     0.815 r  clk_IBUF_inst/INBUF_INST/O
                         net (fo=1, routed)           0.000     0.815    clk_IBUF_inst/OUT
    E14                  IBUFCTRL (Prop_IBUFCTRL_HDIOB_M_I_O)
                                                      0.000     0.815 r  clk_IBUF_inst/IBUFCTRL_INST/O
                         net (fo=1, routed)           0.091     0.906    clk_IBUF
    BUFGCE_HDIO_X1Y4     BUFGCE (Prop_BUFCE_BUFGCE_HDIO_I_O)
                                                      0.017     0.923 r  clk_IBUF_BUFG_inst/O
    X1Y2 (CLOCK_ROOT)    net (fo=37, routed)          0.792     1.715    clk_IBUF_BUFG
    SLICE_X49Y146        FDRE                                         r  alu_in_reg[expon][7]/C
  -------------------------------------------------------------------    -------------------
    SLICE_X49Y146        FDRE (Prop_DFF2_SLICEM_C_Q)
                                                      0.041     1.756 r  alu_in_reg[expon][7]/Q
                         net (fo=1, routed)           0.485     2.241    alu_in[expon]_OBUF[7]
    G5                   OBUF (Prop_OUTBUF_HPIOB_M_I_O)
                                                      0.357     2.598 r  alu_in[expon][7]_INST_0/O
                         net (fo=0)                   0.000     2.598    alu_in[expon][7]
    G5                                                                r  alu_in[expon][7]
  -------------------------------------------------------------------    -------------------

Slack:                    inf
  Source:                 alu_in_reg[expon][0]/C
                            (rising edge-triggered cell FDRE clocked by clk  {rise@0.000ns fall@1.500ns period=3.000ns})
  Destination:            alu_in[expon][0]
                            (output port)
  Path Group:             (none)
  Path Type:              Min at Fast Process Corner
  Data Path Delay:        0.884ns  (logic 0.373ns (42.201%)  route 0.511ns (57.799%))
  Logic Levels:           1  (OBUF=1)
  Clock Uncertainty:      0.025ns  ((TSJ^2 + TIJ^2)^1/2 + DJ) / 2 + PE
    Total System Jitter     (TSJ):    0.050ns
    Total Input Jitter      (TIJ):    0.000ns
    Discrete Jitter          (DJ):    0.000ns
    Phase Error              (PE):    0.000ns
  Clock Net Delay (Source):      0.793ns (routing 0.339ns, distribution 0.454ns)

    Location             Delay type                Incr(ns)  Path(ns)    Netlist Resource(s)
  -------------------------------------------------------------------    -------------------
                         (clock clk rise edge)        0.000     0.000 r  <hidden>
    E14                                               0.000     0.000 r  clk
                         net (fo=0)                   0.000     0.000    clk_IBUF_inst/I
    E14                  INBUF (Prop_INBUF_HDIOB_M_PAD_O)
                                                      0.815     0.815 r  clk_IBUF_inst/INBUF_INST/O
                         net (fo=1, routed)           0.000     0.815    clk_IBUF_inst/OUT
    E14                  IBUFCTRL (Prop_IBUFCTRL_HDIOB_M_I_O)
                                                      0.000     0.815 r  clk_IBUF_inst/IBUFCTRL_INST/O
                         net (fo=1, routed)           0.091     0.906    clk_IBUF
    BUFGCE_HDIO_X1Y4     BUFGCE (Prop_BUFCE_BUFGCE_HDIO_I_O)
                                                      0.017     0.923 r  clk_IBUF_BUFG_inst/O
    X1Y2 (CLOCK_ROOT)    net (fo=37, routed)          0.793     1.716    clk_IBUF_BUFG
    SLICE_X49Y143        FDRE                                         r  alu_in_reg[expon][0]/C
  -------------------------------------------------------------------    -------------------
    SLICE_X49Y143        FDRE (Prop_EFF_SLICEM_C_Q)
                                                      0.038     1.754 r  alu_in_reg[expon][0]/Q
                         net (fo=1, routed)           0.511     2.265    alu_in[expon]_OBUF[0]
    K5                   OBUF (Prop_OUTBUF_HPIOB_S_I_O)
                                                      0.335     2.600 r  alu_in[expon][0]_INST_0/O
                         net (fo=0)                   0.000     2.600    alu_in[expon][0]
    K5                                                                r  alu_in[expon][0]
  -------------------------------------------------------------------    -------------------

Slack:                    inf
  Source:                 alu_in_reg[expon][6]/C
                            (rising edge-triggered cell FDRE clocked by clk  {rise@0.000ns fall@1.500ns period=3.000ns})
  Destination:            alu_in[expon][6]
                            (output port)
  Path Group:             (none)
  Path Type:              Min at Fast Process Corner
  Data Path Delay:        0.888ns  (logic 0.378ns (42.592%)  route 0.510ns (57.408%))
  Logic Levels:           1  (OBUF=1)
  Clock Uncertainty:      0.025ns  ((TSJ^2 + TIJ^2)^1/2 + DJ) / 2 + PE
    Total System Jitter     (TSJ):    0.050ns
    Total Input Jitter      (TIJ):    0.000ns
    Discrete Jitter          (DJ):    0.000ns
    Phase Error              (PE):    0.000ns
  Clock Net Delay (Source):      0.792ns (routing 0.339ns, distribution 0.453ns)

    Location             Delay type                Incr(ns)  Path(ns)    Netlist Resource(s)
  -------------------------------------------------------------------    -------------------
                         (clock clk rise edge)        0.000     0.000 r  <hidden>
    E14                                               0.000     0.000 r  clk
                         net (fo=0)                   0.000     0.000    clk_IBUF_inst/I
    E14                  INBUF (Prop_INBUF_HDIOB_M_PAD_O)
                                                      0.815     0.815 r  clk_IBUF_inst/INBUF_INST/O
                         net (fo=1, routed)           0.000     0.815    clk_IBUF_inst/OUT
    E14                  IBUFCTRL (Prop_IBUFCTRL_HDIOB_M_I_O)
                                                      0.000     0.815 r  clk_IBUF_inst/IBUFCTRL_INST/O
                         net (fo=1, routed)           0.091     0.906    clk_IBUF
    BUFGCE_HDIO_X1Y4     BUFGCE (Prop_BUFCE_BUFGCE_HDIO_I_O)
                                                      0.017     0.923 r  clk_IBUF_BUFG_inst/O
    X1Y2 (CLOCK_ROOT)    net (fo=37, routed)          0.792     1.715    clk_IBUF_BUFG
    SLICE_X49Y146        FDRE                                         r  alu_in_reg[expon][6]/C
  -------------------------------------------------------------------    -------------------
    SLICE_X49Y146        FDRE (Prop_DFF_SLICEM_C_Q)
                                                      0.039     1.754 r  alu_in_reg[expon][6]/Q
                         net (fo=1, routed)           0.510     2.264    alu_in[expon]_OBUF[6]
    H6                   OBUF (Prop_OUTBUF_HPIOB_S_I_O)
                                                      0.339     2.603 r  alu_in[expon][6]_INST_0/O
                         net (fo=0)                   0.000     2.603    alu_in[expon][6]
    H6                                                                r  alu_in[expon][6]
  -------------------------------------------------------------------    -------------------

Slack:                    inf
  Source:                 alu_in_reg[sign]/C
                            (rising edge-triggered cell FDRE clocked by clk  {rise@0.000ns fall@1.500ns period=3.000ns})
  Destination:            alu_in[sign]
                            (output port)
  Path Group:             (none)
  Path Type:              Min at Fast Process Corner
  Data Path Delay:        0.888ns  (logic 0.399ns (44.963%)  route 0.489ns (55.037%))
  Logic Levels:           1  (OBUF=1)
  Clock Uncertainty:      0.025ns  ((TSJ^2 + TIJ^2)^1/2 + DJ) / 2 + PE
    Total System Jitter     (TSJ):    0.050ns
    Total Input Jitter      (TIJ):    0.000ns
    Discrete Jitter          (DJ):    0.000ns
    Phase Error              (PE):    0.000ns
  Clock Net Delay (Source):      0.794ns (routing 0.339ns, distribution 0.455ns)

    Location             Delay type                Incr(ns)  Path(ns)    Netlist Resource(s)
  -------------------------------------------------------------------    -------------------
                         (clock clk rise edge)        0.000     0.000 r  <hidden>
    E14                                               0.000     0.000 r  clk
                         net (fo=0)                   0.000     0.000    clk_IBUF_inst/I
    E14                  INBUF (Prop_INBUF_HDIOB_M_PAD_O)
                                                      0.815     0.815 r  clk_IBUF_inst/INBUF_INST/O
                         net (fo=1, routed)           0.000     0.815    clk_IBUF_inst/OUT
    E14                  IBUFCTRL (Prop_IBUFCTRL_HDIOB_M_I_O)
                                                      0.000     0.815 r  clk_IBUF_inst/IBUFCTRL_INST/O
                         net (fo=1, routed)           0.091     0.906    clk_IBUF
    BUFGCE_HDIO_X1Y4     BUFGCE (Prop_BUFCE_BUFGCE_HDIO_I_O)
                                                      0.017     0.923 r  clk_IBUF_BUFG_inst/O
    X1Y2 (CLOCK_ROOT)    net (fo=37, routed)          0.794     1.717    clk_IBUF_BUFG
    SLICE_X49Y143        FDRE                                         r  alu_in_reg[sign]/C
  -------------------------------------------------------------------    -------------------
    SLICE_X49Y143        FDRE (Prop_AFF_SLICEM_C_Q)
                                                      0.038     1.755 r  alu_in_reg[sign]/Q
                         net (fo=1, routed)           0.489     2.244    alu_in_reg[sign_n_0_]
    F5                   OBUF (Prop_OUTBUF_HPIOB_S_I_O)
                                                      0.361     2.605 r  alu_in[sign]_INST_0/O
                         net (fo=0)                   0.000     2.605    alu_in[sign]
    F5                                                                r  alu_in[sign]
  -------------------------------------------------------------------    -------------------

Slack:                    inf
  Source:                 alu_in_reg[expon][1]/C
                            (rising edge-triggered cell FDRE clocked by clk  {rise@0.000ns fall@1.500ns period=3.000ns})
  Destination:            alu_in[expon][1]
                            (output port)
  Path Group:             (none)
  Path Type:              Min at Fast Process Corner
  Data Path Delay:        0.903ns  (logic 0.396ns (43.833%)  route 0.507ns (56.167%))
  Logic Levels:           1  (OBUF=1)
  Clock Uncertainty:      0.025ns  ((TSJ^2 + TIJ^2)^1/2 + DJ) / 2 + PE
    Total System Jitter     (TSJ):    0.050ns
    Total Input Jitter      (TIJ):    0.000ns
    Discrete Jitter          (DJ):    0.000ns
    Phase Error              (PE):    0.000ns
  Clock Net Delay (Source):      0.793ns (routing 0.339ns, distribution 0.454ns)

    Location             Delay type                Incr(ns)  Path(ns)    Netlist Resource(s)
  -------------------------------------------------------------------    -------------------
                         (clock clk rise edge)        0.000     0.000 r  <hidden>
    E14                                               0.000     0.000 r  clk
                         net (fo=0)                   0.000     0.000    clk_IBUF_inst/I
    E14                  INBUF (Prop_INBUF_HDIOB_M_PAD_O)
                                                      0.815     0.815 r  clk_IBUF_inst/INBUF_INST/O
                         net (fo=1, routed)           0.000     0.815    clk_IBUF_inst/OUT
    E14                  IBUFCTRL (Prop_IBUFCTRL_HDIOB_M_I_O)
                                                      0.000     0.815 r  clk_IBUF_inst/IBUFCTRL_INST/O
                         net (fo=1, routed)           0.091     0.906    clk_IBUF
    BUFGCE_HDIO_X1Y4     BUFGCE (Prop_BUFCE_BUFGCE_HDIO_I_O)
                                                      0.017     0.923 r  clk_IBUF_BUFG_inst/O
    X1Y2 (CLOCK_ROOT)    net (fo=37, routed)          0.793     1.716    clk_IBUF_BUFG
    SLICE_X49Y143        FDRE                                         r  alu_in_reg[expon][1]/C
  -------------------------------------------------------------------    -------------------
    SLICE_X49Y143        FDRE (Prop_EFF2_SLICEM_C_Q)
                                                      0.039     1.755 r  alu_in_reg[expon][1]/Q
                         net (fo=1, routed)           0.507     2.262    alu_in[expon]_OBUF[1]
    L4                   OBUF (Prop_OUTBUF_HPIOB_M_I_O)
                                                      0.357     2.619 r  alu_in[expon][1]_INST_0/O
                         net (fo=0)                   0.000     2.619    alu_in[expon][1]
    L4                                                                r  alu_in[expon][1]
  -------------------------------------------------------------------    -------------------

Slack:                    inf
  Source:                 alu_in_reg[expon][9]/C
                            (rising edge-triggered cell FDRE clocked by clk  {rise@0.000ns fall@1.500ns period=3.000ns})
  Destination:            alu_in[expon][9]
                            (output port)
  Path Group:             (none)
  Path Type:              Min at Fast Process Corner
  Data Path Delay:        0.906ns  (logic 0.400ns (44.128%)  route 0.506ns (55.872%))
  Logic Levels:           1  (OBUF=1)
  Clock Uncertainty:      0.025ns  ((TSJ^2 + TIJ^2)^1/2 + DJ) / 2 + PE
    Total System Jitter     (TSJ):    0.050ns
    Total Input Jitter      (TIJ):    0.000ns
    Discrete Jitter          (DJ):    0.000ns
    Phase Error              (PE):    0.000ns
  Clock Net Delay (Source):      0.792ns (routing 0.339ns, distribution 0.453ns)

    Location             Delay type                Incr(ns)  Path(ns)    Netlist Resource(s)
  -------------------------------------------------------------------    -------------------
                         (clock clk rise edge)        0.000     0.000 r  <hidden>
    E14                                               0.000     0.000 r  clk
                         net (fo=0)                   0.000     0.000    clk_IBUF_inst/I
    E14                  INBUF (Prop_INBUF_HDIOB_M_PAD_O)
                                                      0.815     0.815 r  clk_IBUF_inst/INBUF_INST/O
                         net (fo=1, routed)           0.000     0.815    clk_IBUF_inst/OUT
    E14                  IBUFCTRL (Prop_IBUFCTRL_HDIOB_M_I_O)
                                                      0.000     0.815 r  clk_IBUF_inst/IBUFCTRL_INST/O
                         net (fo=1, routed)           0.091     0.906    clk_IBUF
    BUFGCE_HDIO_X1Y4     BUFGCE (Prop_BUFCE_BUFGCE_HDIO_I_O)
                                                      0.017     0.923 r  clk_IBUF_BUFG_inst/O
    X1Y2 (CLOCK_ROOT)    net (fo=37, routed)          0.792     1.715    clk_IBUF_BUFG
    SLICE_X49Y145        FDRE                                         r  alu_in_reg[expon][9]/C
  -------------------------------------------------------------------    -------------------
    SLICE_X49Y145        FDRE (Prop_EFF_SLICEM_C_Q)
                                                      0.038     1.753 r  alu_in_reg[expon][9]/Q
                         net (fo=1, routed)           0.506     2.259    alu_in[expon]_OBUF[8]
    G6                   OBUF (Prop_OUTBUF_HPIOB_M_I_O)
                                                      0.362     2.620 r  alu_in[expon][9]_INST_0/O
                         net (fo=0)                   0.000     2.620    alu_in[expon][9]
    G6                                                                r  alu_in[expon][9]
  -------------------------------------------------------------------    -------------------

Slack:                    inf
  Source:                 alu_in_reg[expon][3]/C
                            (rising edge-triggered cell FDRE clocked by clk  {rise@0.000ns fall@1.500ns period=3.000ns})
  Destination:            alu_in[expon][3]
                            (output port)
  Path Group:             (none)
  Path Type:              Min at Fast Process Corner
  Data Path Delay:        0.905ns  (logic 0.382ns (42.216%)  route 0.523ns (57.784%))
  Logic Levels:           1  (OBUF=1)
  Clock Uncertainty:      0.025ns  ((TSJ^2 + TIJ^2)^1/2 + DJ) / 2 + PE
    Total System Jitter     (TSJ):    0.050ns
    Total Input Jitter      (TIJ):    0.000ns
    Discrete Jitter          (DJ):    0.000ns
    Phase Error              (PE):    0.000ns
  Clock Net Delay (Source):      0.793ns (routing 0.339ns, distribution 0.454ns)

    Location             Delay type                Incr(ns)  Path(ns)    Netlist Resource(s)
  -------------------------------------------------------------------    -------------------
                         (clock clk rise edge)        0.000     0.000 r  <hidden>
    E14                                               0.000     0.000 r  clk
                         net (fo=0)                   0.000     0.000    clk_IBUF_inst/I
    E14                  INBUF (Prop_INBUF_HDIOB_M_PAD_O)
                                                      0.815     0.815 r  clk_IBUF_inst/INBUF_INST/O
                         net (fo=1, routed)           0.000     0.815    clk_IBUF_inst/OUT
    E14                  IBUFCTRL (Prop_IBUFCTRL_HDIOB_M_I_O)
                                                      0.000     0.815 r  clk_IBUF_inst/IBUFCTRL_INST/O
                         net (fo=1, routed)           0.091     0.906    clk_IBUF
    BUFGCE_HDIO_X1Y4     BUFGCE (Prop_BUFCE_BUFGCE_HDIO_I_O)
                                                      0.017     0.923 r  clk_IBUF_BUFG_inst/O
    X1Y2 (CLOCK_ROOT)    net (fo=37, routed)          0.793     1.716    clk_IBUF_BUFG
    SLICE_X49Y145        FDRE                                         r  alu_in_reg[expon][3]/C
  -------------------------------------------------------------------    -------------------
    SLICE_X49Y145        FDRE (Prop_BFF_SLICEM_C_Q)
                                                      0.038     1.754 r  alu_in_reg[expon][3]/Q
                         net (fo=1, routed)           0.523     2.277    alu_in[expon]_OBUF[3]
    J4                   OBUF (Prop_OUTBUF_HPIOB_M_I_O)
                                                      0.344     2.621 r  alu_in[expon][3]_INST_0/O
                         net (fo=0)                   0.000     2.621    alu_in[expon][3]
    J4                                                                r  alu_in[expon][3]
  -------------------------------------------------------------------    -------------------





--------------------------------------------------------------------------------------
Path Group:  (none)
From Clock:  
  To Clock:  clk

Max Delay            16 Endpoints
Min Delay            16 Endpoints
--------------------------------------------------------------------------------------


Max Delay Paths
--------------------------------------------------------------------------------------
Slack:                    inf
  Source:                 mem_out[15]
                            (input port)
  Destination:            memreg_reg[15]/D
                            (rising edge-triggered cell FDRE clocked by clk  {rise@0.000ns fall@1.500ns period=3.000ns})
  Path Group:             (none)
  Path Type:              Setup (Max at Slow Process Corner)
  Data Path Delay:        1.661ns  (logic 0.504ns (30.356%)  route 1.157ns (69.644%))
  Logic Levels:           2  (IBUFCTRL=1 INBUF=1)
  Clock Path Skew:        2.270ns (DCD - SCD + CPR)
    Destination Clock Delay (DCD):    2.270ns
    Source Clock Delay      (SCD):    0.000ns
    Clock Pessimism Removal (CPR):    0.000ns
  Clock Uncertainty:      0.025ns  ((TSJ^2 + TIJ^2)^1/2 + DJ) / 2 + PE
    Total System Jitter     (TSJ):    0.050ns
    Total Input Jitter      (TIJ):    0.000ns
    Discrete Jitter          (DJ):    0.000ns
    Phase Error              (PE):    0.000ns
  Clock Net Delay (Destination): 1.262ns (routing 0.570ns, distribution 0.692ns)

    Location             Delay type                Incr(ns)  Path(ns)    Netlist Resource(s)
  -------------------------------------------------------------------    -------------------
    H1                                                0.000     0.000 r  mem_out[15]
                         net (fo=0)                   0.000     0.000    mem_out_IBUF[15]_inst/I
    H1                   INBUF (Prop_INBUF_HPIOB_M_PAD_O)
                                                      0.504     0.504 r  mem_out_IBUF[15]_inst/INBUF_INST/O
                         net (fo=1, routed)           0.000     0.504    mem_out_IBUF[15]_inst/OUT
    H1                   IBUFCTRL (Prop_IBUFCTRL_HPIOB_M_I_O)
                                                      0.000     0.504 r  mem_out_IBUF[15]_inst/IBUFCTRL_INST/O
                         net (fo=1, routed)           1.157     1.661    mem_out_IBUF[15]
    SLICE_X49Y143        FDRE                                         r  memreg_reg[15]/D
  -------------------------------------------------------------------    -------------------

                         (clock clk rise edge)        0.000     0.000 r  <hidden>
    E14                                               0.000     0.000 r  clk
                         net (fo=0)                   0.000     0.000    clk_IBUF_inst/I
    E14                  INBUF (Prop_INBUF_HDIOB_M_PAD_O)
                                                      0.815     0.815 r  clk_IBUF_inst/INBUF_INST/O
                         net (fo=1, routed)           0.000     0.815    clk_IBUF_inst/OUT
    E14                  IBUFCTRL (Prop_IBUFCTRL_HDIOB_M_I_O)
                                                      0.000     0.815 r  clk_IBUF_inst/IBUFCTRL_INST/O
                         net (fo=1, routed)           0.169     0.984    clk_IBUF
    BUFGCE_HDIO_X1Y4     BUFGCE (Prop_BUFCE_BUFGCE_HDIO_I_O)
                                                      0.024     1.008 r  clk_IBUF_BUFG_inst/O
    X1Y2 (CLOCK_ROOT)    net (fo=37, routed)          1.262     2.270    clk_IBUF_BUFG
    SLICE_X49Y143        FDRE                                         r  memreg_reg[15]/C

Slack:                    inf
  Source:                 mem_out[7]
                            (input port)
  Destination:            memreg_reg[7]/D
                            (rising edge-triggered cell FDRE clocked by clk  {rise@0.000ns fall@1.500ns period=3.000ns})
  Path Group:             (none)
  Path Type:              Setup (Max at Slow Process Corner)
  Data Path Delay:        1.603ns  (logic 0.519ns (32.358%)  route 1.084ns (67.642%))
  Logic Levels:           2  (IBUFCTRL=1 INBUF=1)
  Clock Path Skew:        2.264ns (DCD - SCD + CPR)
    Destination Clock Delay (DCD):    2.264ns
    Source Clock Delay      (SCD):    0.000ns
    Clock Pessimism Removal (CPR):    0.000ns
  Clock Uncertainty:      0.025ns  ((TSJ^2 + TIJ^2)^1/2 + DJ) / 2 + PE
    Total System Jitter     (TSJ):    0.050ns
    Total Input Jitter      (TIJ):    0.000ns
    Discrete Jitter          (DJ):    0.000ns
    Phase Error              (PE):    0.000ns
  Clock Net Delay (Destination): 1.256ns (routing 0.570ns, distribution 0.686ns)

    Location             Delay type                Incr(ns)  Path(ns)    Netlist Resource(s)
  -------------------------------------------------------------------    -------------------
    D2                                                0.000     0.000 r  mem_out[7]
                         net (fo=0)                   0.000     0.000    mem_out_IBUF[7]_inst/I
    D2                   INBUF (Prop_INBUF_HPIOB_M_PAD_O)
                                                      0.519     0.519 r  mem_out_IBUF[7]_inst/INBUF_INST/O
                         net (fo=1, routed)           0.000     0.519    mem_out_IBUF[7]_inst/OUT
    D2                   IBUFCTRL (Prop_IBUFCTRL_HPIOB_M_I_O)
                                                      0.000     0.519 r  mem_out_IBUF[7]_inst/IBUFCTRL_INST/O
                         net (fo=1, routed)           1.084     1.603    mem_out_IBUF[7]
    SLICE_X48Y145        FDRE                                         r  memreg_reg[7]/D
  -------------------------------------------------------------------    -------------------

                         (clock clk rise edge)        0.000     0.000 r  <hidden>
    E14                                               0.000     0.000 r  clk
                         net (fo=0)                   0.000     0.000    clk_IBUF_inst/I
    E14                  INBUF (Prop_INBUF_HDIOB_M_PAD_O)
                                                      0.815     0.815 r  clk_IBUF_inst/INBUF_INST/O
                         net (fo=1, routed)           0.000     0.815    clk_IBUF_inst/OUT
    E14                  IBUFCTRL (Prop_IBUFCTRL_HDIOB_M_I_O)
                                                      0.000     0.815 r  clk_IBUF_inst/IBUFCTRL_INST/O
                         net (fo=1, routed)           0.169     0.984    clk_IBUF
    BUFGCE_HDIO_X1Y4     BUFGCE (Prop_BUFCE_BUFGCE_HDIO_I_O)
                                                      0.024     1.008 r  clk_IBUF_BUFG_inst/O
    X1Y2 (CLOCK_ROOT)    net (fo=37, routed)          1.256     2.264    clk_IBUF_BUFG
    SLICE_X48Y145        FDRE                                         r  memreg_reg[7]/C

Slack:                    inf
  Source:                 mem_out[9]
                            (input port)
  Destination:            memreg_reg[9]/D
                            (rising edge-triggered cell FDRE clocked by clk  {rise@0.000ns fall@1.500ns period=3.000ns})
  Path Group:             (none)
  Path Type:              Setup (Max at Slow Process Corner)
  Data Path Delay:        1.601ns  (logic 0.532ns (33.233%)  route 1.069ns (66.767%))
  Logic Levels:           2  (IBUFCTRL=1 INBUF=1)
  Clock Path Skew:        2.269ns (DCD - SCD + CPR)
    Destination Clock Delay (DCD):    2.269ns
    Source Clock Delay      (SCD):    0.000ns
    Clock Pessimism Removal (CPR):    0.000ns
  Clock Uncertainty:      0.025ns  ((TSJ^2 + TIJ^2)^1/2 + DJ) / 2 + PE
    Total System Jitter     (TSJ):    0.050ns
    Total Input Jitter      (TIJ):    0.000ns
    Discrete Jitter          (DJ):    0.000ns
    Phase Error              (PE):    0.000ns
  Clock Net Delay (Destination): 1.261ns (routing 0.570ns, distribution 0.691ns)

    Location             Delay type                Incr(ns)  Path(ns)    Netlist Resource(s)
  -------------------------------------------------------------------    -------------------
    C1                                                0.000     0.000 r  mem_out[9]
                         net (fo=0)                   0.000     0.000    mem_out_IBUF[9]_inst/I
    C1                   INBUF (Prop_INBUF_HPIOB_M_PAD_O)
                                                      0.532     0.532 r  mem_out_IBUF[9]_inst/INBUF_INST/O
                         net (fo=1, routed)           0.000     0.532    mem_out_IBUF[9]_inst/OUT
    C1                   IBUFCTRL (Prop_IBUFCTRL_HPIOB_M_I_O)
                                                      0.000     0.532 r  mem_out_IBUF[9]_inst/IBUFCTRL_INST/O
                         net (fo=1, routed)           1.069     1.601    mem_out_IBUF[9]
    SLICE_X49Y143        FDRE                                         r  memreg_reg[9]/D
  -------------------------------------------------------------------    -------------------

                         (clock clk rise edge)        0.000     0.000 r  <hidden>
    E14                                               0.000     0.000 r  clk
                         net (fo=0)                   0.000     0.000    clk_IBUF_inst/I
    E14                  INBUF (Prop_INBUF_HDIOB_M_PAD_O)
                                                      0.815     0.815 r  clk_IBUF_inst/INBUF_INST/O
                         net (fo=1, routed)           0.000     0.815    clk_IBUF_inst/OUT
    E14                  IBUFCTRL (Prop_IBUFCTRL_HDIOB_M_I_O)
                                                      0.000     0.815 r  clk_IBUF_inst/IBUFCTRL_INST/O
                         net (fo=1, routed)           0.169     0.984    clk_IBUF
    BUFGCE_HDIO_X1Y4     BUFGCE (Prop_BUFCE_BUFGCE_HDIO_I_O)
                                                      0.024     1.008 r  clk_IBUF_BUFG_inst/O
    X1Y2 (CLOCK_ROOT)    net (fo=37, routed)          1.261     2.269    clk_IBUF_BUFG
    SLICE_X49Y143        FDRE                                         r  memreg_reg[9]/C

Slack:                    inf
  Source:                 mem_out[6]
                            (input port)
  Destination:            memreg_reg[6]/D
                            (rising edge-triggered cell FDRE clocked by clk  {rise@0.000ns fall@1.500ns period=3.000ns})
  Path Group:             (none)
  Path Type:              Setup (Max at Slow Process Corner)
  Data Path Delay:        1.600ns  (logic 0.528ns (33.005%)  route 1.072ns (66.995%))
  Logic Levels:           2  (IBUFCTRL=1 INBUF=1)
  Clock Path Skew:        2.264ns (DCD - SCD + CPR)
    Destination Clock Delay (DCD):    2.264ns
    Source Clock Delay      (SCD):    0.000ns
    Clock Pessimism Removal (CPR):    0.000ns
  Clock Uncertainty:      0.025ns  ((TSJ^2 + TIJ^2)^1/2 + DJ) / 2 + PE
    Total System Jitter     (TSJ):    0.050ns
    Total Input Jitter      (TIJ):    0.000ns
    Discrete Jitter          (DJ):    0.000ns
    Phase Error              (PE):    0.000ns
  Clock Net Delay (Destination): 1.256ns (routing 0.570ns, distribution 0.686ns)

    Location             Delay type                Incr(ns)  Path(ns)    Netlist Resource(s)
  -------------------------------------------------------------------    -------------------
    A2                                                0.000     0.000 r  mem_out[6]
                         net (fo=0)                   0.000     0.000    mem_out_IBUF[6]_inst/I
    A2                   INBUF (Prop_INBUF_HPIOB_S_PAD_O)
                                                      0.528     0.528 r  mem_out_IBUF[6]_inst/INBUF_INST/O
                         net (fo=1, routed)           0.000     0.528    mem_out_IBUF[6]_inst/OUT
    A2                   IBUFCTRL (Prop_IBUFCTRL_HPIOB_S_I_O)
                                                      0.000     0.528 r  mem_out_IBUF[6]_inst/IBUFCTRL_INST/O
                         net (fo=1, routed)           1.072     1.600    mem_out_IBUF[6]
    SLICE_X48Y145        FDRE                                         r  memreg_reg[6]/D
  -------------------------------------------------------------------    -------------------

                         (clock clk rise edge)        0.000     0.000 r  <hidden>
    E14                                               0.000     0.000 r  clk
                         net (fo=0)                   0.000     0.000    clk_IBUF_inst/I
    E14                  INBUF (Prop_INBUF_HDIOB_M_PAD_O)
                                                      0.815     0.815 r  clk_IBUF_inst/INBUF_INST/O
                         net (fo=1, routed)           0.000     0.815    clk_IBUF_inst/OUT
    E14                  IBUFCTRL (Prop_IBUFCTRL_HDIOB_M_I_O)
                                                      0.000     0.815 r  clk_IBUF_inst/IBUFCTRL_INST/O
                         net (fo=1, routed)           0.169     0.984    clk_IBUF
    BUFGCE_HDIO_X1Y4     BUFGCE (Prop_BUFCE_BUFGCE_HDIO_I_O)
                                                      0.024     1.008 r  clk_IBUF_BUFG_inst/O
    X1Y2 (CLOCK_ROOT)    net (fo=37, routed)          1.256     2.264    clk_IBUF_BUFG
    SLICE_X48Y145        FDRE                                         r  memreg_reg[6]/C

Slack:                    inf
  Source:                 mem_out[14]
                            (input port)
  Destination:            memreg_reg[14]/D
                            (rising edge-triggered cell FDRE clocked by clk  {rise@0.000ns fall@1.500ns period=3.000ns})
  Path Group:             (none)
  Path Type:              Setup (Max at Slow Process Corner)
  Data Path Delay:        1.597ns  (logic 0.500ns (31.313%)  route 1.097ns (68.687%))
  Logic Levels:           2  (IBUFCTRL=1 INBUF=1)
  Clock Path Skew:        2.269ns (DCD - SCD + CPR)
    Destination Clock Delay (DCD):    2.269ns
    Source Clock Delay      (SCD):    0.000ns
    Clock Pessimism Removal (CPR):    0.000ns
  Clock Uncertainty:      0.025ns  ((TSJ^2 + TIJ^2)^1/2 + DJ) / 2 + PE
    Total System Jitter     (TSJ):    0.050ns
    Total Input Jitter      (TIJ):    0.000ns
    Discrete Jitter          (DJ):    0.000ns
    Phase Error              (PE):    0.000ns
  Clock Net Delay (Destination): 1.261ns (routing 0.570ns, distribution 0.691ns)

    Location             Delay type                Incr(ns)  Path(ns)    Netlist Resource(s)
  -------------------------------------------------------------------    -------------------
    J1                                                0.000     0.000 r  mem_out[14]
                         net (fo=0)                   0.000     0.000    mem_out_IBUF[14]_inst/I
    J1                   INBUF (Prop_INBUF_HPIOB_S_PAD_O)
                                                      0.500     0.500 r  mem_out_IBUF[14]_inst/INBUF_INST/O
                         net (fo=1, routed)           0.000     0.500    mem_out_IBUF[14]_inst/OUT
    J1                   IBUFCTRL (Prop_IBUFCTRL_HPIOB_S_I_O)
                                                      0.000     0.500 r  mem_out_IBUF[14]_inst/IBUFCTRL_INST/O
                         net (fo=1, routed)           1.097     1.597    mem_out_IBUF[14]
    SLICE_X49Y143        FDRE                                         r  memreg_reg[14]/D
  -------------------------------------------------------------------    -------------------

                         (clock clk rise edge)        0.000     0.000 r  <hidden>
    E14                                               0.000     0.000 r  clk
                         net (fo=0)                   0.000     0.000    clk_IBUF_inst/I
    E14                  INBUF (Prop_INBUF_HDIOB_M_PAD_O)
                                                      0.815     0.815 r  clk_IBUF_inst/INBUF_INST/O
                         net (fo=1, routed)           0.000     0.815    clk_IBUF_inst/OUT
    E14                  IBUFCTRL (Prop_IBUFCTRL_HDIOB_M_I_O)
                                                      0.000     0.815 r  clk_IBUF_inst/IBUFCTRL_INST/O
                         net (fo=1, routed)           0.169     0.984    clk_IBUF
    BUFGCE_HDIO_X1Y4     BUFGCE (Prop_BUFCE_BUFGCE_HDIO_I_O)
                                                      0.024     1.008 r  clk_IBUF_BUFG_inst/O
    X1Y2 (CLOCK_ROOT)    net (fo=37, routed)          1.261     2.269    clk_IBUF_BUFG
    SLICE_X49Y143        FDRE                                         r  memreg_reg[14]/C

Slack:                    inf
  Source:                 mem_out[8]
                            (input port)
  Destination:            memreg_reg[8]/D
                            (rising edge-triggered cell FDRE clocked by clk  {rise@0.000ns fall@1.500ns period=3.000ns})
  Path Group:             (none)
  Path Type:              Setup (Max at Slow Process Corner)
  Data Path Delay:        1.593ns  (logic 0.520ns (32.627%)  route 1.073ns (67.373%))
  Logic Levels:           2  (IBUFCTRL=1 INBUF=1)
  Clock Path Skew:        2.270ns (DCD - SCD + CPR)
    Destination Clock Delay (DCD):    2.270ns
    Source Clock Delay      (SCD):    0.000ns
    Clock Pessimism Removal (CPR):    0.000ns
  Clock Uncertainty:      0.025ns  ((TSJ^2 + TIJ^2)^1/2 + DJ) / 2 + PE
    Total System Jitter     (TSJ):    0.050ns
    Total Input Jitter      (TIJ):    0.000ns
    Discrete Jitter          (DJ):    0.000ns
    Phase Error              (PE):    0.000ns
  Clock Net Delay (Destination): 1.262ns (routing 0.570ns, distribution 0.692ns)

    Location             Delay type                Incr(ns)  Path(ns)    Netlist Resource(s)
  -------------------------------------------------------------------    -------------------
    D1                                                0.000     0.000 r  mem_out[8]
                         net (fo=0)                   0.000     0.000    mem_out_IBUF[8]_inst/I
    D1                   INBUF (Prop_INBUF_HPIOB_S_PAD_O)
                                                      0.520     0.520 r  mem_out_IBUF[8]_inst/INBUF_INST/O
                         net (fo=1, routed)           0.000     0.520    mem_out_IBUF[8]_inst/OUT
    D1                   IBUFCTRL (Prop_IBUFCTRL_HPIOB_S_I_O)
                                                      0.000     0.520 r  mem_out_IBUF[8]_inst/IBUFCTRL_INST/O
                         net (fo=1, routed)           1.073     1.593    mem_out_IBUF[8]
    SLICE_X49Y143        FDRE                                         r  memreg_reg[8]/D
  -------------------------------------------------------------------    -------------------

                         (clock clk rise edge)        0.000     0.000 r  <hidden>
    E14                                               0.000     0.000 r  clk
                         net (fo=0)                   0.000     0.000    clk_IBUF_inst/I
    E14                  INBUF (Prop_INBUF_HDIOB_M_PAD_O)
                                                      0.815     0.815 r  clk_IBUF_inst/INBUF_INST/O
                         net (fo=1, routed)           0.000     0.815    clk_IBUF_inst/OUT
    E14                  IBUFCTRL (Prop_IBUFCTRL_HDIOB_M_I_O)
                                                      0.000     0.815 r  clk_IBUF_inst/IBUFCTRL_INST/O
                         net (fo=1, routed)           0.169     0.984    clk_IBUF
    BUFGCE_HDIO_X1Y4     BUFGCE (Prop_BUFCE_BUFGCE_HDIO_I_O)
                                                      0.024     1.008 r  clk_IBUF_BUFG_inst/O
    X1Y2 (CLOCK_ROOT)    net (fo=37, routed)          1.262     2.270    clk_IBUF_BUFG
    SLICE_X49Y143        FDRE                                         r  memreg_reg[8]/C

Slack:                    inf
  Source:                 mem_out[11]
                            (input port)
  Destination:            memreg_reg[11]/D
                            (rising edge-triggered cell FDRE clocked by clk  {rise@0.000ns fall@1.500ns period=3.000ns})
  Path Group:             (none)
  Path Type:              Setup (Max at Slow Process Corner)
  Data Path Delay:        1.582ns  (logic 0.501ns (31.648%)  route 1.081ns (68.352%))
  Logic Levels:           2  (IBUFCTRL=1 INBUF=1)
  Clock Path Skew:        2.269ns (DCD - SCD + CPR)
    Destination Clock Delay (DCD):    2.269ns
    Source Clock Delay      (SCD):    0.000ns
    Clock Pessimism Removal (CPR):    0.000ns
  Clock Uncertainty:      0.025ns  ((TSJ^2 + TIJ^2)^1/2 + DJ) / 2 + PE
    Total System Jitter     (TSJ):    0.050ns
    Total Input Jitter      (TIJ):    0.000ns
    Discrete Jitter          (DJ):    0.000ns
    Phase Error              (PE):    0.000ns
  Clock Net Delay (Destination): 1.261ns (routing 0.570ns, distribution 0.691ns)

    Location             Delay type                Incr(ns)  Path(ns)    Netlist Resource(s)
  -------------------------------------------------------------------    -------------------
    K3                                                0.000     0.000 r  mem_out[11]
                         net (fo=0)                   0.000     0.000    mem_out_IBUF[11]_inst/I
    K3                   INBUF (Prop_INBUF_HPIOB_M_PAD_O)
                                                      0.501     0.501 r  mem_out_IBUF[11]_inst/INBUF_INST/O
                         net (fo=1, routed)           0.000     0.501    mem_out_IBUF[11]_inst/OUT
    K3                   IBUFCTRL (Prop_IBUFCTRL_HPIOB_M_I_O)
                                                      0.000     0.501 r  mem_out_IBUF[11]_inst/IBUFCTRL_INST/O
                         net (fo=1, routed)           1.081     1.582    mem_out_IBUF[11]
    SLICE_X49Y143        FDRE                                         r  memreg_reg[11]/D
  -------------------------------------------------------------------    -------------------

                         (clock clk rise edge)        0.000     0.000 r  <hidden>
    E14                                               0.000     0.000 r  clk
                         net (fo=0)                   0.000     0.000    clk_IBUF_inst/I
    E14                  INBUF (Prop_INBUF_HDIOB_M_PAD_O)
                                                      0.815     0.815 r  clk_IBUF_inst/INBUF_INST/O
                         net (fo=1, routed)           0.000     0.815    clk_IBUF_inst/OUT
    E14                  IBUFCTRL (Prop_IBUFCTRL_HDIOB_M_I_O)
                                                      0.000     0.815 r  clk_IBUF_inst/IBUFCTRL_INST/O
                         net (fo=1, routed)           0.169     0.984    clk_IBUF
    BUFGCE_HDIO_X1Y4     BUFGCE (Prop_BUFCE_BUFGCE_HDIO_I_O)
                                                      0.024     1.008 r  clk_IBUF_BUFG_inst/O
    X1Y2 (CLOCK_ROOT)    net (fo=37, routed)          1.261     2.269    clk_IBUF_BUFG
    SLICE_X49Y143        FDRE                                         r  memreg_reg[11]/C

Slack:                    inf
  Source:                 mem_out[13]
                            (input port)
  Destination:            memreg_reg[13]/D
                            (rising edge-triggered cell FDRE clocked by clk  {rise@0.000ns fall@1.500ns period=3.000ns})
  Path Group:             (none)
  Path Type:              Setup (Max at Slow Process Corner)
  Data Path Delay:        1.578ns  (logic 0.504ns (31.945%)  route 1.074ns (68.055%))
  Logic Levels:           2  (IBUFCTRL=1 INBUF=1)
  Clock Path Skew:        2.270ns (DCD - SCD + CPR)
    Destination Clock Delay (DCD):    2.270ns
    Source Clock Delay      (SCD):    0.000ns
    Clock Pessimism Removal (CPR):    0.000ns
  Clock Uncertainty:      0.025ns  ((TSJ^2 + TIJ^2)^1/2 + DJ) / 2 + PE
    Total System Jitter     (TSJ):    0.050ns
    Total Input Jitter      (TIJ):    0.000ns
    Discrete Jitter          (DJ):    0.000ns
    Phase Error              (PE):    0.000ns
  Clock Net Delay (Destination): 1.262ns (routing 0.570ns, distribution 0.692ns)

    Location             Delay type                Incr(ns)  Path(ns)    Netlist Resource(s)
  -------------------------------------------------------------------    -------------------
    J2                                                0.000     0.000 r  mem_out[13]
                         net (fo=0)                   0.000     0.000    mem_out_IBUF[13]_inst/I
    J2                   INBUF (Prop_INBUF_HPIOB_M_PAD_O)
                                                      0.504     0.504 r  mem_out_IBUF[13]_inst/INBUF_INST/O
                         net (fo=1, routed)           0.000     0.504    mem_out_IBUF[13]_inst/OUT
    J2                   IBUFCTRL (Prop_IBUFCTRL_HPIOB_M_I_O)
                                                      0.000     0.504 r  mem_out_IBUF[13]_inst/IBUFCTRL_INST/O
                         net (fo=1, routed)           1.074     1.578    mem_out_IBUF[13]
    SLICE_X49Y143        FDRE                                         r  memreg_reg[13]/D
  -------------------------------------------------------------------    -------------------

                         (clock clk rise edge)        0.000     0.000 r  <hidden>
    E14                                               0.000     0.000 r  clk
                         net (fo=0)                   0.000     0.000    clk_IBUF_inst/I
    E14                  INBUF (Prop_INBUF_HDIOB_M_PAD_O)
                                                      0.815     0.815 r  clk_IBUF_inst/INBUF_INST/O
                         net (fo=1, routed)           0.000     0.815    clk_IBUF_inst/OUT
    E14                  IBUFCTRL (Prop_IBUFCTRL_HDIOB_M_I_O)
                                                      0.000     0.815 r  clk_IBUF_inst/IBUFCTRL_INST/O
                         net (fo=1, routed)           0.169     0.984    clk_IBUF
    BUFGCE_HDIO_X1Y4     BUFGCE (Prop_BUFCE_BUFGCE_HDIO_I_O)
                                                      0.024     1.008 r  clk_IBUF_BUFG_inst/O
    X1Y2 (CLOCK_ROOT)    net (fo=37, routed)          1.262     2.270    clk_IBUF_BUFG
    SLICE_X49Y143        FDRE                                         r  memreg_reg[13]/C

Slack:                    inf
  Source:                 mem_out[10]
                            (input port)
  Destination:            memreg_reg[10]/D
                            (rising edge-triggered cell FDRE clocked by clk  {rise@0.000ns fall@1.500ns period=3.000ns})
  Path Group:             (none)
  Path Type:              Setup (Max at Slow Process Corner)
  Data Path Delay:        1.566ns  (logic 0.531ns (33.905%)  route 1.035ns (66.095%))
  Logic Levels:           2  (IBUFCTRL=1 INBUF=1)
  Clock Path Skew:        2.269ns (DCD - SCD + CPR)
    Destination Clock Delay (DCD):    2.269ns
    Source Clock Delay      (SCD):    0.000ns
    Clock Pessimism Removal (CPR):    0.000ns
  Clock Uncertainty:      0.025ns  ((TSJ^2 + TIJ^2)^1/2 + DJ) / 2 + PE
    Total System Jitter     (TSJ):    0.050ns
    Total Input Jitter      (TIJ):    0.000ns
    Discrete Jitter          (DJ):    0.000ns
    Phase Error              (PE):    0.000ns
  Clock Net Delay (Destination): 1.261ns (routing 0.570ns, distribution 0.691ns)

    Location             Delay type                Incr(ns)  Path(ns)    Netlist Resource(s)
  -------------------------------------------------------------------    -------------------
    B1                                                0.000     0.000 r  mem_out[10]
                         net (fo=0)                   0.000     0.000    mem_out_IBUF[10]_inst/I
    B1                   INBUF (Prop_INBUF_HPIOB_S_PAD_O)
                                                      0.531     0.531 r  mem_out_IBUF[10]_inst/INBUF_INST/O
                         net (fo=1, routed)           0.000     0.531    mem_out_IBUF[10]_inst/OUT
    B1                   IBUFCTRL (Prop_IBUFCTRL_HPIOB_S_I_O)
                                                      0.000     0.531 r  mem_out_IBUF[10]_inst/IBUFCTRL_INST/O
                         net (fo=1, routed)           1.035     1.566    mem_out_IBUF[10]
    SLICE_X49Y143        FDRE                                         r  memreg_reg[10]/D
  -------------------------------------------------------------------    -------------------

                         (clock clk rise edge)        0.000     0.000 r  <hidden>
    E14                                               0.000     0.000 r  clk
                         net (fo=0)                   0.000     0.000    clk_IBUF_inst/I
    E14                  INBUF (Prop_INBUF_HDIOB_M_PAD_O)
                                                      0.815     0.815 r  clk_IBUF_inst/INBUF_INST/O
                         net (fo=1, routed)           0.000     0.815    clk_IBUF_inst/OUT
    E14                  IBUFCTRL (Prop_IBUFCTRL_HDIOB_M_I_O)
                                                      0.000     0.815 r  clk_IBUF_inst/IBUFCTRL_INST/O
                         net (fo=1, routed)           0.169     0.984    clk_IBUF
    BUFGCE_HDIO_X1Y4     BUFGCE (Prop_BUFCE_BUFGCE_HDIO_I_O)
                                                      0.024     1.008 r  clk_IBUF_BUFG_inst/O
    X1Y2 (CLOCK_ROOT)    net (fo=37, routed)          1.261     2.269    clk_IBUF_BUFG
    SLICE_X49Y143        FDRE                                         r  memreg_reg[10]/C

Slack:                    inf
  Source:                 mem_out[12]
                            (input port)
  Destination:            memreg_reg[12]/D
                            (rising edge-triggered cell FDRE clocked by clk  {rise@0.000ns fall@1.500ns period=3.000ns})
  Path Group:             (none)
  Path Type:              Setup (Max at Slow Process Corner)
  Data Path Delay:        1.548ns  (logic 0.501ns (32.343%)  route 1.047ns (67.657%))
  Logic Levels:           2  (IBUFCTRL=1 INBUF=1)
  Clock Path Skew:        2.269ns (DCD - SCD + CPR)
    Destination Clock Delay (DCD):    2.269ns
    Source Clock Delay      (SCD):    0.000ns
    Clock Pessimism Removal (CPR):    0.000ns
  Clock Uncertainty:      0.025ns  ((TSJ^2 + TIJ^2)^1/2 + DJ) / 2 + PE
    Total System Jitter     (TSJ):    0.050ns
    Total Input Jitter      (TIJ):    0.000ns
    Discrete Jitter          (DJ):    0.000ns
    Phase Error              (PE):    0.000ns
  Clock Net Delay (Destination): 1.261ns (routing 0.570ns, distribution 0.691ns)

    Location             Delay type                Incr(ns)  Path(ns)    Netlist Resource(s)
  -------------------------------------------------------------------    -------------------
    K2                                                0.000     0.000 r  mem_out[12]
                         net (fo=0)                   0.000     0.000    mem_out_IBUF[12]_inst/I
    K2                   INBUF (Prop_INBUF_HPIOB_S_PAD_O)
                                                      0.501     0.501 r  mem_out_IBUF[12]_inst/INBUF_INST/O
                         net (fo=1, routed)           0.000     0.501    mem_out_IBUF[12]_inst/OUT
    K2                   IBUFCTRL (Prop_IBUFCTRL_HPIOB_S_I_O)
                                                      0.000     0.501 r  mem_out_IBUF[12]_inst/IBUFCTRL_INST/O
                         net (fo=1, routed)           1.047     1.548    mem_out_IBUF[12]
    SLICE_X49Y143        FDRE                                         r  memreg_reg[12]/D
  -------------------------------------------------------------------    -------------------

                         (clock clk rise edge)        0.000     0.000 r  <hidden>
    E14                                               0.000     0.000 r  clk
                         net (fo=0)                   0.000     0.000    clk_IBUF_inst/I
    E14                  INBUF (Prop_INBUF_HDIOB_M_PAD_O)
                                                      0.815     0.815 r  clk_IBUF_inst/INBUF_INST/O
                         net (fo=1, routed)           0.000     0.815    clk_IBUF_inst/OUT
    E14                  IBUFCTRL (Prop_IBUFCTRL_HDIOB_M_I_O)
                                                      0.000     0.815 r  clk_IBUF_inst/IBUFCTRL_INST/O
                         net (fo=1, routed)           0.169     0.984    clk_IBUF
    BUFGCE_HDIO_X1Y4     BUFGCE (Prop_BUFCE_BUFGCE_HDIO_I_O)
                                                      0.024     1.008 r  clk_IBUF_BUFG_inst/O
    X1Y2 (CLOCK_ROOT)    net (fo=37, routed)          1.261     2.269    clk_IBUF_BUFG
    SLICE_X49Y143        FDRE                                         r  memreg_reg[12]/C





Min Delay Paths
--------------------------------------------------------------------------------------
Slack:                    inf
  Source:                 mem_out[1]
                            (input port)
  Destination:            memreg_reg[1]/D
                            (rising edge-triggered cell FDRE clocked by clk  {rise@0.000ns fall@1.500ns period=3.000ns})
  Path Group:             (none)
  Path Type:              Hold (Min at Fast Process Corner)
  Data Path Delay:        0.478ns  (logic 0.148ns (30.911%)  route 0.330ns (69.089%))
  Logic Levels:           2  (IBUFCTRL=1 INBUF=1)
  Clock Path Skew:        2.086ns (DCD - SCD - CPR)
    Destination Clock Delay (DCD):    2.086ns
    Source Clock Delay      (SCD):    0.000ns
    Clock Pessimism Removal (CPR):    -0.000ns
  Clock Net Delay (Destination): 0.895ns (routing 0.373ns, distribution 0.522ns)

    Location             Delay type                Incr(ns)  Path(ns)    Netlist Resource(s)
  -------------------------------------------------------------------    -------------------
    C4                                                0.000     0.000 r  mem_out[1]
                         net (fo=0)                   0.000     0.000    mem_out_IBUF[1]_inst/I
    C4                   INBUF (Prop_INBUF_HPIOB_M_PAD_O)
                                                      0.148     0.148 r  mem_out_IBUF[1]_inst/INBUF_INST/O
                         net (fo=1, routed)           0.000     0.148    mem_out_IBUF[1]_inst/OUT
    C4                   IBUFCTRL (Prop_IBUFCTRL_HPIOB_M_I_O)
                                                      0.000     0.148 r  mem_out_IBUF[1]_inst/IBUFCTRL_INST/O
                         net (fo=1, routed)           0.330     0.478    mem_out_IBUF[1]
    SLICE_X49Y145        FDRE                                         r  memreg_reg[1]/D
  -------------------------------------------------------------------    -------------------

                         (clock clk rise edge)        0.000     0.000 r  <hidden>
    E14                                               0.000     0.000 r  clk
                         net (fo=0)                   0.000     0.000    clk_IBUF_inst/I
    E14                  INBUF (Prop_INBUF_HDIOB_M_PAD_O)
                                                      1.059     1.059 r  clk_IBUF_inst/INBUF_INST/O
                         net (fo=1, routed)           0.000     1.059    clk_IBUF_inst/OUT
    E14                  IBUFCTRL (Prop_IBUFCTRL_HDIOB_M_I_O)
                                                      0.000     1.059 r  clk_IBUF_inst/IBUFCTRL_INST/O
                         net (fo=1, routed)           0.113     1.172    clk_IBUF
    BUFGCE_HDIO_X1Y4     BUFGCE (Prop_BUFCE_BUFGCE_HDIO_I_O)
                                                      0.019     1.191 r  clk_IBUF_BUFG_inst/O
    X1Y2 (CLOCK_ROOT)    net (fo=37, routed)          0.895     2.086    clk_IBUF_BUFG
    SLICE_X49Y145        FDRE                                         r  memreg_reg[1]/C

Slack:                    inf
  Source:                 mem_out[2]
                            (input port)
  Destination:            memreg_reg[2]/D
                            (rising edge-triggered cell FDRE clocked by clk  {rise@0.000ns fall@1.500ns period=3.000ns})
  Path Group:             (none)
  Path Type:              Hold (Min at Fast Process Corner)
  Data Path Delay:        0.484ns  (logic 0.148ns (30.533%)  route 0.336ns (69.467%))
  Logic Levels:           2  (IBUFCTRL=1 INBUF=1)
  Clock Path Skew:        2.081ns (DCD - SCD - CPR)
    Destination Clock Delay (DCD):    2.081ns
    Source Clock Delay      (SCD):    0.000ns
    Clock Pessimism Removal (CPR):    -0.000ns
  Clock Net Delay (Destination): 0.890ns (routing 0.373ns, distribution 0.517ns)

    Location             Delay type                Incr(ns)  Path(ns)    Netlist Resource(s)
  -------------------------------------------------------------------    -------------------
    C3                                                0.000     0.000 r  mem_out[2]
                         net (fo=0)                   0.000     0.000    mem_out_IBUF[2]_inst/I
    C3                   INBUF (Prop_INBUF_HPIOB_S_PAD_O)
                                                      0.148     0.148 r  mem_out_IBUF[2]_inst/INBUF_INST/O
                         net (fo=1, routed)           0.000     0.148    mem_out_IBUF[2]_inst/OUT
    C3                   IBUFCTRL (Prop_IBUFCTRL_HPIOB_S_I_O)
                                                      0.000     0.148 r  mem_out_IBUF[2]_inst/IBUFCTRL_INST/O
                         net (fo=1, routed)           0.336     0.484    mem_out_IBUF[2]
    SLICE_X49Y147        FDRE                                         r  memreg_reg[2]/D
  -------------------------------------------------------------------    -------------------

                         (clock clk rise edge)        0.000     0.000 r  <hidden>
    E14                                               0.000     0.000 r  clk
                         net (fo=0)                   0.000     0.000    clk_IBUF_inst/I
    E14                  INBUF (Prop_INBUF_HDIOB_M_PAD_O)
                                                      1.059     1.059 r  clk_IBUF_inst/INBUF_INST/O
                         net (fo=1, routed)           0.000     1.059    clk_IBUF_inst/OUT
    E14                  IBUFCTRL (Prop_IBUFCTRL_HDIOB_M_I_O)
                                                      0.000     1.059 r  clk_IBUF_inst/IBUFCTRL_INST/O
                         net (fo=1, routed)           0.113     1.172    clk_IBUF
    BUFGCE_HDIO_X1Y4     BUFGCE (Prop_BUFCE_BUFGCE_HDIO_I_O)
                                                      0.019     1.191 r  clk_IBUF_BUFG_inst/O
    X1Y2 (CLOCK_ROOT)    net (fo=37, routed)          0.890     2.081    clk_IBUF_BUFG
    SLICE_X49Y147        FDRE                                         r  memreg_reg[2]/C

Slack:                    inf
  Source:                 mem_out[0]
                            (input port)
  Destination:            memreg_reg[0]/D
                            (rising edge-triggered cell FDRE clocked by clk  {rise@0.000ns fall@1.500ns period=3.000ns})
  Path Group:             (none)
  Path Type:              Hold (Min at Fast Process Corner)
  Data Path Delay:        0.516ns  (logic 0.141ns (27.360%)  route 0.375ns (72.640%))
  Logic Levels:           2  (IBUFCTRL=1 INBUF=1)
  Clock Path Skew:        2.086ns (DCD - SCD - CPR)
    Destination Clock Delay (DCD):    2.086ns
    Source Clock Delay      (SCD):    0.000ns
    Clock Pessimism Removal (CPR):    -0.000ns
  Clock Net Delay (Destination): 0.895ns (routing 0.373ns, distribution 0.522ns)

    Location             Delay type                Incr(ns)  Path(ns)    Netlist Resource(s)
  -------------------------------------------------------------------    -------------------
    E3                                                0.000     0.000 r  mem_out[0]
                         net (fo=0)                   0.000     0.000    mem_out_IBUF[0]_inst/I
    E3                   INBUF (Prop_INBUF_HPIOB_S_PAD_O)
                                                      0.141     0.141 r  mem_out_IBUF[0]_inst/INBUF_INST/O
                         net (fo=1, routed)           0.000     0.141    mem_out_IBUF[0]_inst/OUT
    E3                   IBUFCTRL (Prop_IBUFCTRL_HPIOB_S_I_O)
                                                      0.000     0.141 r  mem_out_IBUF[0]_inst/IBUFCTRL_INST/O
                         net (fo=1, routed)           0.375     0.516    mem_out_IBUF[0]
    SLICE_X49Y145        FDRE                                         r  memreg_reg[0]/D
  -------------------------------------------------------------------    -------------------

                         (clock clk rise edge)        0.000     0.000 r  <hidden>
    E14                                               0.000     0.000 r  clk
                         net (fo=0)                   0.000     0.000    clk_IBUF_inst/I
    E14                  INBUF (Prop_INBUF_HDIOB_M_PAD_O)
                                                      1.059     1.059 r  clk_IBUF_inst/INBUF_INST/O
                         net (fo=1, routed)           0.000     1.059    clk_IBUF_inst/OUT
    E14                  IBUFCTRL (Prop_IBUFCTRL_HDIOB_M_I_O)
                                                      0.000     1.059 r  clk_IBUF_inst/IBUFCTRL_INST/O
                         net (fo=1, routed)           0.113     1.172    clk_IBUF
    BUFGCE_HDIO_X1Y4     BUFGCE (Prop_BUFCE_BUFGCE_HDIO_I_O)
                                                      0.019     1.191 r  clk_IBUF_BUFG_inst/O
    X1Y2 (CLOCK_ROOT)    net (fo=37, routed)          0.895     2.086    clk_IBUF_BUFG
    SLICE_X49Y145        FDRE                                         r  memreg_reg[0]/C

Slack:                    inf
  Source:                 mem_out[4]
                            (input port)
  Destination:            memreg_reg[4]/D
                            (rising edge-triggered cell FDRE clocked by clk  {rise@0.000ns fall@1.500ns period=3.000ns})
  Path Group:             (none)
  Path Type:              Hold (Min at Fast Process Corner)
  Data Path Delay:        0.533ns  (logic 0.159ns (29.827%)  route 0.374ns (70.173%))
  Logic Levels:           2  (IBUFCTRL=1 INBUF=1)
  Clock Path Skew:        2.084ns (DCD - SCD - CPR)
    Destination Clock Delay (DCD):    2.084ns
    Source Clock Delay      (SCD):    0.000ns
    Clock Pessimism Removal (CPR):    -0.000ns
  Clock Net Delay (Destination): 0.892ns (routing 0.373ns, distribution 0.519ns)

    Location             Delay type                Incr(ns)  Path(ns)    Netlist Resource(s)
  -------------------------------------------------------------------    -------------------
    B3                                                0.000     0.000 r  mem_out[4]
                         net (fo=0)                   0.000     0.000    mem_out_IBUF[4]_inst/I
    B3                   INBUF (Prop_INBUF_HPIOB_S_PAD_O)
                                                      0.159     0.159 r  mem_out_IBUF[4]_inst/INBUF_INST/O
                         net (fo=1, routed)           0.000     0.159    mem_out_IBUF[4]_inst/OUT
    B3                   IBUFCTRL (Prop_IBUFCTRL_HPIOB_S_I_O)
                                                      0.000     0.159 r  mem_out_IBUF[4]_inst/IBUFCTRL_INST/O
                         net (fo=1, routed)           0.374     0.533    mem_out_IBUF[4]
    SLICE_X48Y145        FDRE                                         r  memreg_reg[4]/D
  -------------------------------------------------------------------    -------------------

                         (clock clk rise edge)        0.000     0.000 r  <hidden>
    E14                                               0.000     0.000 r  clk
                         net (fo=0)                   0.000     0.000    clk_IBUF_inst/I
    E14                  INBUF (Prop_INBUF_HDIOB_M_PAD_O)
                                                      1.059     1.059 r  clk_IBUF_inst/INBUF_INST/O
                         net (fo=1, routed)           0.000     1.059    clk_IBUF_inst/OUT
    E14                  IBUFCTRL (Prop_IBUFCTRL_HDIOB_M_I_O)
                                                      0.000     1.059 r  clk_IBUF_inst/IBUFCTRL_INST/O
                         net (fo=1, routed)           0.113     1.172    clk_IBUF
    BUFGCE_HDIO_X1Y4     BUFGCE (Prop_BUFCE_BUFGCE_HDIO_I_O)
                                                      0.019     1.191 r  clk_IBUF_BUFG_inst/O
    X1Y2 (CLOCK_ROOT)    net (fo=37, routed)          0.892     2.084    clk_IBUF_BUFG
    SLICE_X48Y145        FDRE                                         r  memreg_reg[4]/C

Slack:                    inf
  Source:                 mem_out[3]
                            (input port)
  Destination:            memreg_reg[3]/D
                            (rising edge-triggered cell FDRE clocked by clk  {rise@0.000ns fall@1.500ns period=3.000ns})
  Path Group:             (none)
  Path Type:              Hold (Min at Fast Process Corner)
  Data Path Delay:        0.551ns  (logic 0.159ns (28.844%)  route 0.392ns (71.156%))
  Logic Levels:           2  (IBUFCTRL=1 INBUF=1)
  Clock Path Skew:        2.084ns (DCD - SCD - CPR)
    Destination Clock Delay (DCD):    2.084ns
    Source Clock Delay      (SCD):    0.000ns
    Clock Pessimism Removal (CPR):    -0.000ns
  Clock Net Delay (Destination): 0.892ns (routing 0.373ns, distribution 0.519ns)

    Location             Delay type                Incr(ns)  Path(ns)    Netlist Resource(s)
  -------------------------------------------------------------------    -------------------
    B4                                                0.000     0.000 r  mem_out[3]
                         net (fo=0)                   0.000     0.000    mem_out_IBUF[3]_inst/I
    B4                   INBUF (Prop_INBUF_HPIOB_M_PAD_O)
                                                      0.159     0.159 r  mem_out_IBUF[3]_inst/INBUF_INST/O
                         net (fo=1, routed)           0.000     0.159    mem_out_IBUF[3]_inst/OUT
    B4                   IBUFCTRL (Prop_IBUFCTRL_HPIOB_M_I_O)
                                                      0.000     0.159 r  mem_out_IBUF[3]_inst/IBUFCTRL_INST/O
                         net (fo=1, routed)           0.392     0.551    mem_out_IBUF[3]
    SLICE_X48Y145        FDRE                                         r  memreg_reg[3]/D
  -------------------------------------------------------------------    -------------------

                         (clock clk rise edge)        0.000     0.000 r  <hidden>
    E14                                               0.000     0.000 r  clk
                         net (fo=0)                   0.000     0.000    clk_IBUF_inst/I
    E14                  INBUF (Prop_INBUF_HDIOB_M_PAD_O)
                                                      1.059     1.059 r  clk_IBUF_inst/INBUF_INST/O
                         net (fo=1, routed)           0.000     1.059    clk_IBUF_inst/OUT
    E14                  IBUFCTRL (Prop_IBUFCTRL_HDIOB_M_I_O)
                                                      0.000     1.059 r  clk_IBUF_inst/IBUFCTRL_INST/O
                         net (fo=1, routed)           0.113     1.172    clk_IBUF
    BUFGCE_HDIO_X1Y4     BUFGCE (Prop_BUFCE_BUFGCE_HDIO_I_O)
                                                      0.019     1.191 r  clk_IBUF_BUFG_inst/O
    X1Y2 (CLOCK_ROOT)    net (fo=37, routed)          0.892     2.084    clk_IBUF_BUFG
    SLICE_X48Y145        FDRE                                         r  memreg_reg[3]/C

Slack:                    inf
  Source:                 mem_out[12]
                            (input port)
  Destination:            memreg_reg[12]/D
                            (rising edge-triggered cell FDRE clocked by clk  {rise@0.000ns fall@1.500ns period=3.000ns})
  Path Group:             (none)
  Path Type:              Hold (Min at Fast Process Corner)
  Data Path Delay:        0.553ns  (logic 0.136ns (24.552%)  route 0.417ns (75.448%))
  Logic Levels:           2  (IBUFCTRL=1 INBUF=1)
  Clock Path Skew:        2.088ns (DCD - SCD - CPR)
    Destination Clock Delay (DCD):    2.088ns
    Source Clock Delay      (SCD):    0.000ns
    Clock Pessimism Removal (CPR):    -0.000ns
  Clock Net Delay (Destination): 0.897ns (routing 0.373ns, distribution 0.524ns)

    Location             Delay type                Incr(ns)  Path(ns)    Netlist Resource(s)
  -------------------------------------------------------------------    -------------------
    K2                                                0.000     0.000 r  mem_out[12]
                         net (fo=0)                   0.000     0.000    mem_out_IBUF[12]_inst/I
    K2                   INBUF (Prop_INBUF_HPIOB_S_PAD_O)
                                                      0.136     0.136 r  mem_out_IBUF[12]_inst/INBUF_INST/O
                         net (fo=1, routed)           0.000     0.136    mem_out_IBUF[12]_inst/OUT
    K2                   IBUFCTRL (Prop_IBUFCTRL_HPIOB_S_I_O)
                                                      0.000     0.136 r  mem_out_IBUF[12]_inst/IBUFCTRL_INST/O
                         net (fo=1, routed)           0.417     0.553    mem_out_IBUF[12]
    SLICE_X49Y143        FDRE                                         r  memreg_reg[12]/D
  -------------------------------------------------------------------    -------------------

                         (clock clk rise edge)        0.000     0.000 r  <hidden>
    E14                                               0.000     0.000 r  clk
                         net (fo=0)                   0.000     0.000    clk_IBUF_inst/I
    E14                  INBUF (Prop_INBUF_HDIOB_M_PAD_O)
                                                      1.059     1.059 r  clk_IBUF_inst/INBUF_INST/O
                         net (fo=1, routed)           0.000     1.059    clk_IBUF_inst/OUT
    E14                  IBUFCTRL (Prop_IBUFCTRL_HDIOB_M_I_O)
                                                      0.000     1.059 r  clk_IBUF_inst/IBUFCTRL_INST/O
                         net (fo=1, routed)           0.113     1.172    clk_IBUF
    BUFGCE_HDIO_X1Y4     BUFGCE (Prop_BUFCE_BUFGCE_HDIO_I_O)
                                                      0.019     1.191 r  clk_IBUF_BUFG_inst/O
    X1Y2 (CLOCK_ROOT)    net (fo=37, routed)          0.897     2.088    clk_IBUF_BUFG
    SLICE_X49Y143        FDRE                                         r  memreg_reg[12]/C

Slack:                    inf
  Source:                 mem_out[5]
                            (input port)
  Destination:            memreg_reg[5]/D
                            (rising edge-triggered cell FDRE clocked by clk  {rise@0.000ns fall@1.500ns period=3.000ns})
  Path Group:             (none)
  Path Type:              Hold (Min at Fast Process Corner)
  Data Path Delay:        0.555ns  (logic 0.164ns (29.604%)  route 0.391ns (70.396%))
  Logic Levels:           2  (IBUFCTRL=1 INBUF=1)
  Clock Path Skew:        2.086ns (DCD - SCD - CPR)
    Destination Clock Delay (DCD):    2.086ns
    Source Clock Delay      (SCD):    0.000ns
    Clock Pessimism Removal (CPR):    -0.000ns
  Clock Net Delay (Destination): 0.895ns (routing 0.373ns, distribution 0.522ns)

    Location             Delay type                Incr(ns)  Path(ns)    Netlist Resource(s)
  -------------------------------------------------------------------    -------------------
    A3                                                0.000     0.000 r  mem_out[5]
                         net (fo=0)                   0.000     0.000    mem_out_IBUF[5]_inst/I
    A3                   INBUF (Prop_INBUF_HPIOB_M_PAD_O)
                                                      0.164     0.164 r  mem_out_IBUF[5]_inst/INBUF_INST/O
                         net (fo=1, routed)           0.000     0.164    mem_out_IBUF[5]_inst/OUT
    A3                   IBUFCTRL (Prop_IBUFCTRL_HPIOB_M_I_O)
                                                      0.000     0.164 r  mem_out_IBUF[5]_inst/IBUFCTRL_INST/O
                         net (fo=1, routed)           0.391     0.555    mem_out_IBUF[5]
    SLICE_X49Y145        FDRE                                         r  memreg_reg[5]/D
  -------------------------------------------------------------------    -------------------

                         (clock clk rise edge)        0.000     0.000 r  <hidden>
    E14                                               0.000     0.000 r  clk
                         net (fo=0)                   0.000     0.000    clk_IBUF_inst/I
    E14                  INBUF (Prop_INBUF_HDIOB_M_PAD_O)
                                                      1.059     1.059 r  clk_IBUF_inst/INBUF_INST/O
                         net (fo=1, routed)           0.000     1.059    clk_IBUF_inst/OUT
    E14                  IBUFCTRL (Prop_IBUFCTRL_HDIOB_M_I_O)
                                                      0.000     1.059 r  clk_IBUF_inst/IBUFCTRL_INST/O
                         net (fo=1, routed)           0.113     1.172    clk_IBUF
    BUFGCE_HDIO_X1Y4     BUFGCE (Prop_BUFCE_BUFGCE_HDIO_I_O)
                                                      0.019     1.191 r  clk_IBUF_BUFG_inst/O
    X1Y2 (CLOCK_ROOT)    net (fo=37, routed)          0.895     2.086    clk_IBUF_BUFG
    SLICE_X49Y145        FDRE                                         r  memreg_reg[5]/C

Slack:                    inf
  Source:                 mem_out[8]
                            (input port)
  Destination:            memreg_reg[8]/D
                            (rising edge-triggered cell FDRE clocked by clk  {rise@0.000ns fall@1.500ns period=3.000ns})
  Path Group:             (none)
  Path Type:              Hold (Min at Fast Process Corner)
  Data Path Delay:        0.560ns  (logic 0.155ns (27.628%)  route 0.405ns (72.372%))
  Logic Levels:           2  (IBUFCTRL=1 INBUF=1)
  Clock Path Skew:        2.089ns (DCD - SCD - CPR)
    Destination Clock Delay (DCD):    2.089ns
    Source Clock Delay      (SCD):    0.000ns
    Clock Pessimism Removal (CPR):    -0.000ns
  Clock Net Delay (Destination): 0.898ns (routing 0.373ns, distribution 0.525ns)

    Location             Delay type                Incr(ns)  Path(ns)    Netlist Resource(s)
  -------------------------------------------------------------------    -------------------
    D1                                                0.000     0.000 r  mem_out[8]
                         net (fo=0)                   0.000     0.000    mem_out_IBUF[8]_inst/I
    D1                   INBUF (Prop_INBUF_HPIOB_S_PAD_O)
                                                      0.155     0.155 r  mem_out_IBUF[8]_inst/INBUF_INST/O
                         net (fo=1, routed)           0.000     0.155    mem_out_IBUF[8]_inst/OUT
    D1                   IBUFCTRL (Prop_IBUFCTRL_HPIOB_S_I_O)
                                                      0.000     0.155 r  mem_out_IBUF[8]_inst/IBUFCTRL_INST/O
                         net (fo=1, routed)           0.405     0.560    mem_out_IBUF[8]
    SLICE_X49Y143        FDRE                                         r  memreg_reg[8]/D
  -------------------------------------------------------------------    -------------------

                         (clock clk rise edge)        0.000     0.000 r  <hidden>
    E14                                               0.000     0.000 r  clk
                         net (fo=0)                   0.000     0.000    clk_IBUF_inst/I
    E14                  INBUF (Prop_INBUF_HDIOB_M_PAD_O)
                                                      1.059     1.059 r  clk_IBUF_inst/INBUF_INST/O
                         net (fo=1, routed)           0.000     1.059    clk_IBUF_inst/OUT
    E14                  IBUFCTRL (Prop_IBUFCTRL_HDIOB_M_I_O)
                                                      0.000     1.059 r  clk_IBUF_inst/IBUFCTRL_INST/O
                         net (fo=1, routed)           0.113     1.172    clk_IBUF
    BUFGCE_HDIO_X1Y4     BUFGCE (Prop_BUFCE_BUFGCE_HDIO_I_O)
                                                      0.019     1.191 r  clk_IBUF_BUFG_inst/O
    X1Y2 (CLOCK_ROOT)    net (fo=37, routed)          0.898     2.089    clk_IBUF_BUFG
    SLICE_X49Y143        FDRE                                         r  memreg_reg[8]/C

Slack:                    inf
  Source:                 mem_out[13]
                            (input port)
  Destination:            memreg_reg[13]/D
                            (rising edge-triggered cell FDRE clocked by clk  {rise@0.000ns fall@1.500ns period=3.000ns})
  Path Group:             (none)
  Path Type:              Hold (Min at Fast Process Corner)
  Data Path Delay:        0.567ns  (logic 0.139ns (24.551%)  route 0.428ns (75.449%))
  Logic Levels:           2  (IBUFCTRL=1 INBUF=1)
  Clock Path Skew:        2.089ns (DCD - SCD - CPR)
    Destination Clock Delay (DCD):    2.089ns
    Source Clock Delay      (SCD):    0.000ns
    Clock Pessimism Removal (CPR):    -0.000ns
  Clock Net Delay (Destination): 0.898ns (routing 0.373ns, distribution 0.525ns)

    Location             Delay type                Incr(ns)  Path(ns)    Netlist Resource(s)
  -------------------------------------------------------------------    -------------------
    J2                                                0.000     0.000 r  mem_out[13]
                         net (fo=0)                   0.000     0.000    mem_out_IBUF[13]_inst/I
    J2                   INBUF (Prop_INBUF_HPIOB_M_PAD_O)
                                                      0.139     0.139 r  mem_out_IBUF[13]_inst/INBUF_INST/O
                         net (fo=1, routed)           0.000     0.139    mem_out_IBUF[13]_inst/OUT
    J2                   IBUFCTRL (Prop_IBUFCTRL_HPIOB_M_I_O)
                                                      0.000     0.139 r  mem_out_IBUF[13]_inst/IBUFCTRL_INST/O
                         net (fo=1, routed)           0.428     0.567    mem_out_IBUF[13]
    SLICE_X49Y143        FDRE                                         r  memreg_reg[13]/D
  -------------------------------------------------------------------    -------------------

                         (clock clk rise edge)        0.000     0.000 r  <hidden>
    E14                                               0.000     0.000 r  clk
                         net (fo=0)                   0.000     0.000    clk_IBUF_inst/I
    E14                  INBUF (Prop_INBUF_HDIOB_M_PAD_O)
                                                      1.059     1.059 r  clk_IBUF_inst/INBUF_INST/O
                         net (fo=1, routed)           0.000     1.059    clk_IBUF_inst/OUT
    E14                  IBUFCTRL (Prop_IBUFCTRL_HDIOB_M_I_O)
                                                      0.000     1.059 r  clk_IBUF_inst/IBUFCTRL_INST/O
                         net (fo=1, routed)           0.113     1.172    clk_IBUF
    BUFGCE_HDIO_X1Y4     BUFGCE (Prop_BUFCE_BUFGCE_HDIO_I_O)
                                                      0.019     1.191 r  clk_IBUF_BUFG_inst/O
    X1Y2 (CLOCK_ROOT)    net (fo=37, routed)          0.898     2.089    clk_IBUF_BUFG
    SLICE_X49Y143        FDRE                                         r  memreg_reg[13]/C

Slack:                    inf
  Source:                 mem_out[11]
                            (input port)
  Destination:            memreg_reg[11]/D
                            (rising edge-triggered cell FDRE clocked by clk  {rise@0.000ns fall@1.500ns period=3.000ns})
  Path Group:             (none)
  Path Type:              Hold (Min at Fast Process Corner)
  Data Path Delay:        0.568ns  (logic 0.136ns (23.903%)  route 0.432ns (76.097%))
  Logic Levels:           2  (IBUFCTRL=1 INBUF=1)
  Clock Path Skew:        2.088ns (DCD - SCD - CPR)
    Destination Clock Delay (DCD):    2.088ns
    Source Clock Delay      (SCD):    0.000ns
    Clock Pessimism Removal (CPR):    -0.000ns
  Clock Net Delay (Destination): 0.897ns (routing 0.373ns, distribution 0.524ns)

    Location             Delay type                Incr(ns)  Path(ns)    Netlist Resource(s)
  -------------------------------------------------------------------    -------------------
    K3                                                0.000     0.000 r  mem_out[11]
                         net (fo=0)                   0.000     0.000    mem_out_IBUF[11]_inst/I
    K3                   INBUF (Prop_INBUF_HPIOB_M_PAD_O)
                                                      0.136     0.136 r  mem_out_IBUF[11]_inst/INBUF_INST/O
                         net (fo=1, routed)           0.000     0.136    mem_out_IBUF[11]_inst/OUT
    K3                   IBUFCTRL (Prop_IBUFCTRL_HPIOB_M_I_O)
                                                      0.000     0.136 r  mem_out_IBUF[11]_inst/IBUFCTRL_INST/O
                         net (fo=1, routed)           0.432     0.568    mem_out_IBUF[11]
    SLICE_X49Y143        FDRE                                         r  memreg_reg[11]/D
  -------------------------------------------------------------------    -------------------

                         (clock clk rise edge)        0.000     0.000 r  <hidden>
    E14                                               0.000     0.000 r  clk
                         net (fo=0)                   0.000     0.000    clk_IBUF_inst/I
    E14                  INBUF (Prop_INBUF_HDIOB_M_PAD_O)
                                                      1.059     1.059 r  clk_IBUF_inst/INBUF_INST/O
                         net (fo=1, routed)           0.000     1.059    clk_IBUF_inst/OUT
    E14                  IBUFCTRL (Prop_IBUFCTRL_HDIOB_M_I_O)
                                                      0.000     1.059 r  clk_IBUF_inst/IBUFCTRL_INST/O
                         net (fo=1, routed)           0.113     1.172    clk_IBUF
    BUFGCE_HDIO_X1Y4     BUFGCE (Prop_BUFCE_BUFGCE_HDIO_I_O)
                                                      0.019     1.191 r  clk_IBUF_BUFG_inst/O
    X1Y2 (CLOCK_ROOT)    net (fo=37, routed)          0.897     2.088    clk_IBUF_BUFG
    SLICE_X49Y143        FDRE                                         r  memreg_reg[11]/C





