Copyright 1986-2022 Xilinx, Inc. All Rights Reserved. Copyright 2022-2026 Advanced Micro Devices, Inc. All Rights Reserved.
--------------------------------------------------------------------------------------------------------------------------------------------------------------------------------------------------------------------------------------------------------
| Tool Version      : Vivado v.2026.1 (win64) Build 6511674 Tue Jun 16 11:02:23 MDT 2026
| Date              : Sat Aug 22 22:17:18 2026
| Host              : DESKTOP-3JJEEI1 running 64-bit major release  (build 9200)
| Command           : report_timing_summary -max_paths 10 -routable_nets -report_unconstrained -file ns_ld_nmesa16_timing_summary_routed.rpt -pb ns_ld_nmesa16_timing_summary_routed.pb -rpx ns_ld_nmesa16_timing_summary_routed.rpx -warn_on_violation
| Design            : ns_ld_nmesa16
| Device            : xczu3teg-sfvd784
| Speed File        : -2  PRODUCTION 1.06 11-16-2023
| Design State      : Routed
| Temperature Grade : E
--------------------------------------------------------------------------------------------------------------------------------------------------------------------------------------------------------------------------------------------------------

Timing Summary Report

------------------------------------------------------------------------------------------------
| Timer Settings
| --------------
------------------------------------------------------------------------------------------------

  Enable Multi Corner Analysis               :  Yes
  Enable Pessimism Removal                   :  Yes
  Pessimism Removal Resolution               :  Nearest Common Node
  Enable Input Delay Default Clock           :  No
  Enable Preset / Clear Arcs                 :  No
  Disable Flight Delays                      :  No
  Ignore I/O Paths                           :  No
  Timing Early Launch at Borrowing Latches   :  No
  Borrow Time for Max Delay Exceptions       :  Yes
  Merge Timing Exceptions                    :  Yes
  Inter-SLR Compensation                     :  Conservative

  Corner  Analyze    Analyze    
  Name    Max Paths  Min Paths  
  ------  ---------  ---------  
  Slow    Yes        Yes        
  Fast    Yes        Yes        


------------------------------------------------------------------------------------------------
| Report Methodology
| ------------------
------------------------------------------------------------------------------------------------

Rule       Severity  Description                    Violations  
---------  --------  -----------------------------  ----------  
TIMING-18  Warning   Missing input or output delay  41          

Note: This report is based on the most recent report_methodology run and may not be up-to-date. Run report_methodology on the current design for the latest report.



check_timing report

Table of Contents
-----------------
1. checking no_clock (0)
2. checking constant_clock (0)
3. checking pulse_width_clock (0)
4. checking unconstrained_internal_endpoints (0)
5. checking no_input_delay (16)
6. checking no_output_delay (23)
7. checking multiple_clock (0)
8. checking generated_clocks (0)
9. checking loops (0)
10. checking partial_input_delay (0)
11. checking partial_output_delay (0)
12. checking latch_loops (0)

1. checking no_clock (0)
------------------------
 There are 0 register/latch pins with no clock.


2. checking constant_clock (0)
------------------------------
 There are 0 register/latch pins with constant_clock.


3. checking pulse_width_clock (0)
---------------------------------
 There are 0 register/latch pins which need pulse_width check


4. checking unconstrained_internal_endpoints (0)
------------------------------------------------
 There are 0 pins that are not constrained for maximum delay.

 There are 0 pins that are not constrained for maximum delay due to constant clock.


5. checking no_input_delay (16)
-------------------------------
 There are 16 input ports with no input delay specified. (HIGH)

 There are 0 input ports with no input delay but user has a false path constraint.


6. checking no_output_delay (23)
--------------------------------
 There are 23 ports with no output delay specified. (HIGH)

 There are 0 ports with no output delay but user has a false path constraint

 There are 0 ports with no output delay but with a timing clock defined on it or propagating through it


7. checking multiple_clock (0)
------------------------------
 There are 0 register/latch pins with multiple clocks.


8. checking generated_clocks (0)
--------------------------------
 There are 0 generated clocks that are not connected to a clock source.


9. checking loops (0)
---------------------
 There are 0 combinational loops in the design.


10. checking partial_input_delay (0)
------------------------------------
 There are 0 input ports with partial input delay specified.


11. checking partial_output_delay (0)
-------------------------------------
 There are 0 ports with partial output delay specified.


12. checking latch_loops (0)
----------------------------
 There are 0 combinational latch loops in the design through latch input



------------------------------------------------------------------------------------------------
| Design Timing Summary
| ---------------------
------------------------------------------------------------------------------------------------

    WNS(ns)      TNS(ns)  TNS Failing Endpoints  TNS Total Endpoints      WHS(ns)      THS(ns)  THS Failing Endpoints  THS Total Endpoints     WPWS(ns)     TPWS(ns)  TPWS Failing Endpoints  TPWS Total Endpoints  
    -------      -------  ---------------------  -------------------      -------      -------  ---------------------  -------------------     --------     --------  ----------------------  --------------------  
      0.956        0.000                      0                   34        0.063        0.000                      0                   34        1.225        0.000                       0                    40  


All user specified timing constraints are met.


------------------------------------------------------------------------------------------------
| Clock Summary
| -------------
------------------------------------------------------------------------------------------------

Clock  Waveform(ns)         Period(ns)      Frequency(MHz)
-----  ------------         ----------      --------------
clk    {0.000 1.500}        3.000           333.333         


------------------------------------------------------------------------------------------------
| Intra Clock Table
| -----------------
------------------------------------------------------------------------------------------------

Clock             WNS(ns)      TNS(ns)  TNS Failing Endpoints  TNS Total Endpoints      WHS(ns)      THS(ns)  THS Failing Endpoints  THS Total Endpoints     WPWS(ns)     TPWS(ns)  TPWS Failing Endpoints  TPWS Total Endpoints  
-----             -------      -------  ---------------------  -------------------      -------      -------  ---------------------  -------------------     --------     --------  ----------------------  --------------------  
clk                 0.956        0.000                      0                   34        0.063        0.000                      0                   34        1.225        0.000                       0                    40  


------------------------------------------------------------------------------------------------
| Inter Clock Table
| -----------------
------------------------------------------------------------------------------------------------

From Clock    To Clock          WNS(ns)      TNS(ns)  TNS Failing Endpoints  TNS Total Endpoints      WHS(ns)      THS(ns)  THS Failing Endpoints  THS Total Endpoints  
----------    --------          -------      -------  ---------------------  -------------------      -------      -------  ---------------------  -------------------  


------------------------------------------------------------------------------------------------
| Other Path Groups Table
| -----------------------
------------------------------------------------------------------------------------------------

Path Group    From Clock    To Clock          WNS(ns)      TNS(ns)  TNS Failing Endpoints  TNS Total Endpoints      WHS(ns)      THS(ns)  THS Failing Endpoints  THS Total Endpoints  
----------    ----------    --------          -------      -------  ---------------------  -------------------      -------      -------  ---------------------  -------------------  


------------------------------------------------------------------------------------------------
| User Ignored Path Table
| -----------------------
------------------------------------------------------------------------------------------------

Path Group    From Clock    To Clock    
----------    ----------    --------    


------------------------------------------------------------------------------------------------
| Unconstrained Path Table
| ------------------------
------------------------------------------------------------------------------------------------

Path Group    From Clock    To Clock    
----------    ----------    --------    
(none)        clk                         
(none)                      clk           


------------------------------------------------------------------------------------------------
| Timing Details
| --------------
------------------------------------------------------------------------------------------------


---------------------------------------------------------------------------------------------------
From Clock:  clk
  To Clock:  clk

Setup :            0  Failing Endpoints,  Worst Slack        0.956ns,  Total Violation        0.000ns
Hold  :            0  Failing Endpoints,  Worst Slack        0.063ns,  Total Violation        0.000ns
PW    :            0  Failing Endpoints,  Worst Slack        1.225ns,  Total Violation        0.000ns
---------------------------------------------------------------------------------------------------


Max Delay Paths
--------------------------------------------------------------------------------------
Slack (MET) :             0.956ns  (required time - arrival time)
  Source:                 memreg_reg[6]/C
                            (rising edge-triggered cell FDRE clocked by clk  {rise@0.000ns fall@1.500ns period=3.000ns})
  Destination:            alu_in_reg[frac][4]/R
                            (rising edge-triggered cell FDRE clocked by clk  {rise@0.000ns fall@1.500ns period=3.000ns})
  Path Group:             clk
  Path Type:              Setup (Max at Slow Process Corner)
  Requirement:            3.000ns  (clk rise@3.000ns - clk rise@0.000ns)
  Data Path Delay:        1.837ns  (logic 0.539ns (29.347%)  route 1.298ns (70.653%))
  Logic Levels:           5  (LUT2=1 LUT3=1 LUT4=2 LUT5=1)
  Clock Path Skew:        -0.098ns (DCD - SCD + CPR)
    Destination Clock Delay (DCD):    2.259ns = ( 5.259 - 3.000 ) 
    Source Clock Delay      (SCD):    2.911ns
    Clock Pessimism Removal (CPR):    0.554ns
  Clock Uncertainty:      0.035ns  ((TSJ^2 + TIJ^2)^1/2 + DJ) / 2 + PE
    Total System Jitter     (TSJ):    0.071ns
    Total Input Jitter      (TIJ):    0.000ns
    Discrete Jitter          (DJ):    0.000ns
    Phase Error              (PE):    0.000ns
  Clock Net Delay (Source):      1.441ns (routing 0.623ns, distribution 0.818ns)
  Clock Net Delay (Destination): 1.251ns (routing 0.570ns, distribution 0.681ns)

    Location             Delay type                Incr(ns)  Path(ns)    Netlist Resource(s)
  -------------------------------------------------------------------    -------------------
                         (clock clk rise edge)        0.000     0.000 r  <hidden>
    E14                                               0.000     0.000 r  clk
                         net (fo=0)                   0.000     0.000    clk_IBUF_inst/I
    E14                  INBUF (Prop_INBUF_HDIOB_M_PAD_O)
                                                      1.238     1.238 r  clk_IBUF_inst/INBUF_INST/O
                         net (fo=1, routed)           0.000     1.238    clk_IBUF_inst/OUT
    E14                  IBUFCTRL (Prop_IBUFCTRL_HDIOB_M_I_O)
                                                      0.000     1.238 r  clk_IBUF_inst/IBUFCTRL_INST/O
                         net (fo=1, routed)           0.204     1.442    clk_IBUF
    BUFGCE_HDIO_X1Y4     BUFGCE (Prop_BUFCE_BUFGCE_HDIO_I_O)
                                                      0.028     1.470 r  clk_IBUF_BUFG_inst/O
    X1Y2 (CLOCK_ROOT)    net (fo=39, routed)          1.441     2.911    clk_IBUF_BUFG
    SLICE_X49Y142        FDRE                                         r  memreg_reg[6]/C
  -------------------------------------------------------------------    -------------------
    SLICE_X49Y142        FDRE (Prop_AFF_SLICEM_C_Q)
                                                      0.077     2.988 r  memreg_reg[6]/Q
                         net (fo=9, routed)           0.330     3.318    p_2_in
    SLICE_X48Y143        LUT4 (Prop_D5LUT_SLICEL_I3_O)
                                                      0.133     3.451 r  alu_in[expon][2]_i_4/O
                         net (fo=2, routed)           0.200     3.651    alu_in[expon][2]_i_4_n_0
    SLICE_X48Y143        LUT2 (Prop_H5LUT_SLICEL_I0_O)
                                                      0.065     3.716 r  alu_in[frac][11]_i_4/O
                         net (fo=5, routed)           0.120     3.836    alu_in[frac][11]_i_4_n_0
    SLICE_X48Y142        LUT3 (Prop_D5LUT_SLICEL_I2_O)
                                                      0.096     3.932 f  alu_in[znan]_i_2/O
                         net (fo=4, routed)           0.174     4.106    alu_in[znan]_i_2_n_0
    SLICE_X49Y142        LUT4 (Prop_G6LUT_SLICEM_I2_O)
                                                      0.100     4.206 f  alu_in[frac][11]_i_3/O
                         net (fo=8, routed)           0.203     4.409    alu_in[frac][11]_i_3_n_0
    SLICE_X48Y144        LUT5 (Prop_C5LUT_SLICEL_I0_O)
                                                      0.068     4.477 r  alu_in[frac][4]_i_1/O
                         net (fo=1, routed)           0.271     4.748    alu_in[frac][4]_i_1_n_0
    SLICE_X48Y145        FDRE                                         r  alu_in_reg[frac][4]/R
  -------------------------------------------------------------------    -------------------

                         (clock clk rise edge)        3.000     3.000 r  <hidden>
    E14                                               0.000     3.000 r  clk
                         net (fo=0)                   0.000     3.000    clk_IBUF_inst/I
    E14                  INBUF (Prop_INBUF_HDIOB_M_PAD_O)
                                                      0.815     3.815 r  clk_IBUF_inst/INBUF_INST/O
                         net (fo=1, routed)           0.000     3.815    clk_IBUF_inst/OUT
    E14                  IBUFCTRL (Prop_IBUFCTRL_HDIOB_M_I_O)
                                                      0.000     3.815 r  clk_IBUF_inst/IBUFCTRL_INST/O
                         net (fo=1, routed)           0.169     3.984    clk_IBUF
    BUFGCE_HDIO_X1Y4     BUFGCE (Prop_BUFCE_BUFGCE_HDIO_I_O)
                                                      0.024     4.008 r  clk_IBUF_BUFG_inst/O
    X1Y2 (CLOCK_ROOT)    net (fo=39, routed)          1.251     5.259    clk_IBUF_BUFG
    SLICE_X48Y145        FDRE                                         r  alu_in_reg[frac][4]/C
                         clock pessimism              0.554     5.813    <hidden>
                         clock uncertainty           -0.035     5.778    <hidden>
    SLICE_X48Y145        FDRE (Setup_AFF_SLICEL_C_R)
                                                     -0.074     5.704    alu_in_reg[frac][4]
  -------------------------------------------------------------------
                         required time                          5.704    <hidden>
                         arrival time                          -4.748    <hidden>
  -------------------------------------------------------------------
                         slack                                  0.956    <hidden>

Slack (MET) :             0.992ns  (required time - arrival time)
  Source:                 memreg_reg[6]/C
                            (rising edge-triggered cell FDRE clocked by clk  {rise@0.000ns fall@1.500ns period=3.000ns})
  Destination:            alu_in_reg[frac][9]/R
                            (rising edge-triggered cell FDRE clocked by clk  {rise@0.000ns fall@1.500ns period=3.000ns})
  Path Group:             clk
  Path Type:              Setup (Max at Slow Process Corner)
  Requirement:            3.000ns  (clk rise@3.000ns - clk rise@0.000ns)
  Data Path Delay:        1.817ns  (logic 0.584ns (32.144%)  route 1.233ns (67.856%))
  Logic Levels:           5  (LUT2=1 LUT3=1 LUT4=1 LUT5=1 LUT6=1)
  Clock Path Skew:        -0.082ns (DCD - SCD + CPR)
    Destination Clock Delay (DCD):    2.276ns = ( 5.276 - 3.000 ) 
    Source Clock Delay      (SCD):    2.911ns
    Clock Pessimism Removal (CPR):    0.554ns
  Clock Uncertainty:      0.035ns  ((TSJ^2 + TIJ^2)^1/2 + DJ) / 2 + PE
    Total System Jitter     (TSJ):    0.071ns
    Total Input Jitter      (TIJ):    0.000ns
    Discrete Jitter          (DJ):    0.000ns
    Phase Error              (PE):    0.000ns
  Clock Net Delay (Source):      1.441ns (routing 0.623ns, distribution 0.818ns)
  Clock Net Delay (Destination): 1.267ns (routing 0.570ns, distribution 0.697ns)

    Location             Delay type                Incr(ns)  Path(ns)    Netlist Resource(s)
  -------------------------------------------------------------------    -------------------
                         (clock clk rise edge)        0.000     0.000 r  <hidden>
    E14                                               0.000     0.000 r  clk
                         net (fo=0)                   0.000     0.000    clk_IBUF_inst/I
    E14                  INBUF (Prop_INBUF_HDIOB_M_PAD_O)
                                                      1.238     1.238 r  clk_IBUF_inst/INBUF_INST/O
                         net (fo=1, routed)           0.000     1.238    clk_IBUF_inst/OUT
    E14                  IBUFCTRL (Prop_IBUFCTRL_HDIOB_M_I_O)
                                                      0.000     1.238 r  clk_IBUF_inst/IBUFCTRL_INST/O
                         net (fo=1, routed)           0.204     1.442    clk_IBUF
    BUFGCE_HDIO_X1Y4     BUFGCE (Prop_BUFCE_BUFGCE_HDIO_I_O)
                                                      0.028     1.470 r  clk_IBUF_BUFG_inst/O
    X1Y2 (CLOCK_ROOT)    net (fo=39, routed)          1.441     2.911    clk_IBUF_BUFG
    SLICE_X49Y142        FDRE                                         r  memreg_reg[6]/C
  -------------------------------------------------------------------    -------------------
    SLICE_X49Y142        FDRE (Prop_AFF_SLICEM_C_Q)
                                                      0.077     2.988 r  memreg_reg[6]/Q
                         net (fo=9, routed)           0.330     3.318    p_2_in
    SLICE_X48Y143        LUT4 (Prop_D5LUT_SLICEL_I3_O)
                                                      0.133     3.451 r  alu_in[expon][2]_i_4/O
                         net (fo=2, routed)           0.200     3.651    alu_in[expon][2]_i_4_n_0
    SLICE_X48Y143        LUT2 (Prop_H5LUT_SLICEL_I0_O)
                                                      0.065     3.716 r  alu_in[frac][11]_i_4/O
                         net (fo=5, routed)           0.120     3.836    alu_in[frac][11]_i_4_n_0
    SLICE_X48Y142        LUT3 (Prop_D5LUT_SLICEL_I2_O)
                                                      0.096     3.932 f  alu_in[znan]_i_2/O
                         net (fo=4, routed)           0.174     4.106    alu_in[znan]_i_2_n_0
    SLICE_X49Y142        LUT5 (Prop_G5LUT_SLICEM_I1_O)
                                                      0.112     4.218 r  alu_in[frac][9]_i_2/O
                         net (fo=4, routed)           0.193     4.411    alu_in[frac][9]_i_2_n_0
    SLICE_X47Y144        LUT6 (Prop_H6LUT_SLICEM_I0_O)
                                                      0.101     4.512 r  alu_in[frac][9]_i_1/O
                         net (fo=1, routed)           0.216     4.728    alu_in[frac][9]_i_1_n_0
    SLICE_X47Y144        FDRE                                         r  alu_in_reg[frac][9]/R
  -------------------------------------------------------------------    -------------------

                         (clock clk rise edge)        3.000     3.000 r  <hidden>
    E14                                               0.000     3.000 r  clk
                         net (fo=0)                   0.000     3.000    clk_IBUF_inst/I
    E14                  INBUF (Prop_INBUF_HDIOB_M_PAD_O)
                                                      0.815     3.815 r  clk_IBUF_inst/INBUF_INST/O
                         net (fo=1, routed)           0.000     3.815    clk_IBUF_inst/OUT
    E14                  IBUFCTRL (Prop_IBUFCTRL_HDIOB_M_I_O)
                                                      0.000     3.815 r  clk_IBUF_inst/IBUFCTRL_INST/O
                         net (fo=1, routed)           0.169     3.984    clk_IBUF
    BUFGCE_HDIO_X1Y4     BUFGCE (Prop_BUFCE_BUFGCE_HDIO_I_O)
                                                      0.024     4.008 r  clk_IBUF_BUFG_inst/O
    X1Y2 (CLOCK_ROOT)    net (fo=39, routed)          1.267     5.276    clk_IBUF_BUFG
    SLICE_X47Y144        FDRE                                         r  alu_in_reg[frac][9]/C
                         clock pessimism              0.554     5.830    <hidden>
                         clock uncertainty           -0.035     5.795    <hidden>
    SLICE_X47Y144        FDRE (Setup_EFF_SLICEM_C_R)
                                                     -0.074     5.721    alu_in_reg[frac][9]
  -------------------------------------------------------------------
                         required time                          5.721    <hidden>
                         arrival time                          -4.728    <hidden>
  -------------------------------------------------------------------
                         slack                                  0.992    <hidden>

Slack (MET) :             1.039ns  (required time - arrival time)
  Source:                 memreg_reg[6]/C
                            (rising edge-triggered cell FDRE clocked by clk  {rise@0.000ns fall@1.500ns period=3.000ns})
  Destination:            alu_in_reg[frac][6]/R
                            (rising edge-triggered cell FDRE clocked by clk  {rise@0.000ns fall@1.500ns period=3.000ns})
  Path Group:             clk
  Path Type:              Setup (Max at Slow Process Corner)
  Requirement:            3.000ns  (clk rise@3.000ns - clk rise@0.000ns)
  Data Path Delay:        1.773ns  (logic 0.549ns (30.971%)  route 1.224ns (69.029%))
  Logic Levels:           5  (LUT2=1 LUT3=2 LUT4=1 LUT5=1)
  Clock Path Skew:        -0.079ns (DCD - SCD + CPR)
    Destination Clock Delay (DCD):    2.279ns = ( 5.279 - 3.000 ) 
    Source Clock Delay      (SCD):    2.911ns
    Clock Pessimism Removal (CPR):    0.554ns
  Clock Uncertainty:      0.035ns  ((TSJ^2 + TIJ^2)^1/2 + DJ) / 2 + PE
    Total System Jitter     (TSJ):    0.071ns
    Total Input Jitter      (TIJ):    0.000ns
    Discrete Jitter          (DJ):    0.000ns
    Phase Error              (PE):    0.000ns
  Clock Net Delay (Source):      1.441ns (routing 0.623ns, distribution 0.818ns)
  Clock Net Delay (Destination): 1.270ns (routing 0.570ns, distribution 0.700ns)

    Location             Delay type                Incr(ns)  Path(ns)    Netlist Resource(s)
  -------------------------------------------------------------------    -------------------
                         (clock clk rise edge)        0.000     0.000 r  <hidden>
    E14                                               0.000     0.000 r  clk
                         net (fo=0)                   0.000     0.000    clk_IBUF_inst/I
    E14                  INBUF (Prop_INBUF_HDIOB_M_PAD_O)
                                                      1.238     1.238 r  clk_IBUF_inst/INBUF_INST/O
                         net (fo=1, routed)           0.000     1.238    clk_IBUF_inst/OUT
    E14                  IBUFCTRL (Prop_IBUFCTRL_HDIOB_M_I_O)
                                                      0.000     1.238 r  clk_IBUF_inst/IBUFCTRL_INST/O
                         net (fo=1, routed)           0.204     1.442    clk_IBUF
    BUFGCE_HDIO_X1Y4     BUFGCE (Prop_BUFCE_BUFGCE_HDIO_I_O)
                                                      0.028     1.470 r  clk_IBUF_BUFG_inst/O
    X1Y2 (CLOCK_ROOT)    net (fo=39, routed)          1.441     2.911    clk_IBUF_BUFG
    SLICE_X49Y142        FDRE                                         r  memreg_reg[6]/C
  -------------------------------------------------------------------    -------------------
    SLICE_X49Y142        FDRE (Prop_AFF_SLICEM_C_Q)
                                                      0.077     2.988 r  memreg_reg[6]/Q
                         net (fo=9, routed)           0.330     3.318    p_2_in
    SLICE_X48Y143        LUT4 (Prop_D5LUT_SLICEL_I3_O)
                                                      0.133     3.451 r  alu_in[expon][2]_i_4/O
                         net (fo=2, routed)           0.200     3.651    alu_in[expon][2]_i_4_n_0
    SLICE_X48Y143        LUT2 (Prop_H5LUT_SLICEL_I0_O)
                                                      0.065     3.716 r  alu_in[frac][11]_i_4/O
                         net (fo=5, routed)           0.120     3.836    alu_in[frac][11]_i_4_n_0
    SLICE_X48Y142        LUT3 (Prop_D5LUT_SLICEL_I2_O)
                                                      0.096     3.932 f  alu_in[znan]_i_2/O
                         net (fo=4, routed)           0.174     4.106    alu_in[znan]_i_2_n_0
    SLICE_X49Y142        LUT5 (Prop_G5LUT_SLICEM_I1_O)
                                                      0.112     4.218 r  alu_in[frac][9]_i_2/O
                         net (fo=4, routed)           0.185     4.403    alu_in[frac][9]_i_2_n_0
    SLICE_X47Y143        LUT3 (Prop_D5LUT_SLICEM_I1_O)
                                                      0.066     4.469 r  alu_in[frac][6]_i_1/O
                         net (fo=1, routed)           0.215     4.684    alu_in[frac][6]_i_1_n_0
    SLICE_X47Y143        FDRE                                         r  alu_in_reg[frac][6]/R
  -------------------------------------------------------------------    -------------------

                         (clock clk rise edge)        3.000     3.000 r  <hidden>
    E14                                               0.000     3.000 r  clk
                         net (fo=0)                   0.000     3.000    clk_IBUF_inst/I
    E14                  INBUF (Prop_INBUF_HDIOB_M_PAD_O)
                                                      0.815     3.815 r  clk_IBUF_inst/INBUF_INST/O
                         net (fo=1, routed)           0.000     3.815    clk_IBUF_inst/OUT
    E14                  IBUFCTRL (Prop_IBUFCTRL_HDIOB_M_I_O)
                                                      0.000     3.815 r  clk_IBUF_inst/IBUFCTRL_INST/O
                         net (fo=1, routed)           0.169     3.984    clk_IBUF
    BUFGCE_HDIO_X1Y4     BUFGCE (Prop_BUFCE_BUFGCE_HDIO_I_O)
                                                      0.024     4.008 r  clk_IBUF_BUFG_inst/O
    X1Y2 (CLOCK_ROOT)    net (fo=39, routed)          1.270     5.279    clk_IBUF_BUFG
    SLICE_X47Y143        FDRE                                         r  alu_in_reg[frac][6]/C
                         clock pessimism              0.554     5.833    <hidden>
                         clock uncertainty           -0.035     5.797    <hidden>
    SLICE_X47Y143        FDRE (Setup_AFF_SLICEM_C_R)
                                                     -0.074     5.723    alu_in_reg[frac][6]
  -------------------------------------------------------------------
                         required time                          5.723    <hidden>
                         arrival time                          -4.684    <hidden>
  -------------------------------------------------------------------
                         slack                                  1.039    <hidden>

Slack (MET) :             1.051ns  (required time - arrival time)
  Source:                 memreg_reg[6]/C
                            (rising edge-triggered cell FDRE clocked by clk  {rise@0.000ns fall@1.500ns period=3.000ns})
  Destination:            alu_in_reg[frac][7]/R
                            (rising edge-triggered cell FDRE clocked by clk  {rise@0.000ns fall@1.500ns period=3.000ns})
  Path Group:             clk
  Path Type:              Setup (Max at Slow Process Corner)
  Requirement:            3.000ns  (clk rise@3.000ns - clk rise@0.000ns)
  Data Path Delay:        1.759ns  (logic 0.534ns (30.362%)  route 1.225ns (69.638%))
  Logic Levels:           5  (LUT2=1 LUT3=1 LUT4=2 LUT5=1)
  Clock Path Skew:        -0.081ns (DCD - SCD + CPR)
    Destination Clock Delay (DCD):    2.277ns = ( 5.277 - 3.000 ) 
    Source Clock Delay      (SCD):    2.911ns
    Clock Pessimism Removal (CPR):    0.554ns
  Clock Uncertainty:      0.035ns  ((TSJ^2 + TIJ^2)^1/2 + DJ) / 2 + PE
    Total System Jitter     (TSJ):    0.071ns
    Total Input Jitter      (TIJ):    0.000ns
    Discrete Jitter          (DJ):    0.000ns
    Phase Error              (PE):    0.000ns
  Clock Net Delay (Source):      1.441ns (routing 0.623ns, distribution 0.818ns)
  Clock Net Delay (Destination): 1.268ns (routing 0.570ns, distribution 0.698ns)

    Location             Delay type                Incr(ns)  Path(ns)    Netlist Resource(s)
  -------------------------------------------------------------------    -------------------
                         (clock clk rise edge)        0.000     0.000 r  <hidden>
    E14                                               0.000     0.000 r  clk
                         net (fo=0)                   0.000     0.000    clk_IBUF_inst/I
    E14                  INBUF (Prop_INBUF_HDIOB_M_PAD_O)
                                                      1.238     1.238 r  clk_IBUF_inst/INBUF_INST/O
                         net (fo=1, routed)           0.000     1.238    clk_IBUF_inst/OUT
    E14                  IBUFCTRL (Prop_IBUFCTRL_HDIOB_M_I_O)
                                                      0.000     1.238 r  clk_IBUF_inst/IBUFCTRL_INST/O
                         net (fo=1, routed)           0.204     1.442    clk_IBUF
    BUFGCE_HDIO_X1Y4     BUFGCE (Prop_BUFCE_BUFGCE_HDIO_I_O)
                                                      0.028     1.470 r  clk_IBUF_BUFG_inst/O
    X1Y2 (CLOCK_ROOT)    net (fo=39, routed)          1.441     2.911    clk_IBUF_BUFG
    SLICE_X49Y142        FDRE                                         r  memreg_reg[6]/C
  -------------------------------------------------------------------    -------------------
    SLICE_X49Y142        FDRE (Prop_AFF_SLICEM_C_Q)
                                                      0.077     2.988 r  memreg_reg[6]/Q
                         net (fo=9, routed)           0.330     3.318    p_2_in
    SLICE_X48Y143        LUT4 (Prop_D5LUT_SLICEL_I3_O)
                                                      0.133     3.451 r  alu_in[expon][2]_i_4/O
                         net (fo=2, routed)           0.200     3.651    alu_in[expon][2]_i_4_n_0
    SLICE_X48Y143        LUT2 (Prop_H5LUT_SLICEL_I0_O)
                                                      0.065     3.716 r  alu_in[frac][11]_i_4/O
                         net (fo=5, routed)           0.120     3.836    alu_in[frac][11]_i_4_n_0
    SLICE_X48Y142        LUT3 (Prop_D5LUT_SLICEL_I2_O)
                                                      0.096     3.932 f  alu_in[znan]_i_2/O
                         net (fo=4, routed)           0.174     4.106    alu_in[znan]_i_2_n_0
    SLICE_X49Y142        LUT5 (Prop_G5LUT_SLICEM_I1_O)
                                                      0.112     4.218 r  alu_in[frac][9]_i_2/O
                         net (fo=4, routed)           0.185     4.403    alu_in[frac][9]_i_2_n_0
    SLICE_X47Y144        LUT4 (Prop_D6LUT_SLICEM_I0_O)
                                                      0.051     4.454 r  alu_in[frac][7]_i_1/O
                         net (fo=1, routed)           0.216     4.670    alu_in[frac][7]_i_1_n_0
    SLICE_X47Y144        FDRE                                         r  alu_in_reg[frac][7]/R
  -------------------------------------------------------------------    -------------------

                         (clock clk rise edge)        3.000     3.000 r  <hidden>
    E14                                               0.000     3.000 r  clk
                         net (fo=0)                   0.000     3.000    clk_IBUF_inst/I
    E14                  INBUF (Prop_INBUF_HDIOB_M_PAD_O)
                                                      0.815     3.815 r  clk_IBUF_inst/INBUF_INST/O
                         net (fo=1, routed)           0.000     3.815    clk_IBUF_inst/OUT
    E14                  IBUFCTRL (Prop_IBUFCTRL_HDIOB_M_I_O)
                                                      0.000     3.815 r  clk_IBUF_inst/IBUFCTRL_INST/O
                         net (fo=1, routed)           0.169     3.984    clk_IBUF
    BUFGCE_HDIO_X1Y4     BUFGCE (Prop_BUFCE_BUFGCE_HDIO_I_O)
                                                      0.024     4.008 r  clk_IBUF_BUFG_inst/O
    X1Y2 (CLOCK_ROOT)    net (fo=39, routed)          1.268     5.277    clk_IBUF_BUFG
    SLICE_X47Y144        FDRE                                         r  alu_in_reg[frac][7]/C
                         clock pessimism              0.554     5.831    <hidden>
                         clock uncertainty           -0.035     5.796    <hidden>
    SLICE_X47Y144        FDRE (Setup_AFF_SLICEM_C_R)
                                                     -0.074     5.722    alu_in_reg[frac][7]
  -------------------------------------------------------------------
                         required time                          5.722    <hidden>
                         arrival time                          -4.670    <hidden>
  -------------------------------------------------------------------
                         slack                                  1.051    <hidden>

Slack (MET) :             1.052ns  (required time - arrival time)
  Source:                 memreg_reg[6]/C
                            (rising edge-triggered cell FDRE clocked by clk  {rise@0.000ns fall@1.500ns period=3.000ns})
  Destination:            alu_in_reg[frac][2]/R
                            (rising edge-triggered cell FDRE clocked by clk  {rise@0.000ns fall@1.500ns period=3.000ns})
  Path Group:             clk
  Path Type:              Setup (Max at Slow Process Corner)
  Requirement:            3.000ns  (clk rise@3.000ns - clk rise@0.000ns)
  Data Path Delay:        1.753ns  (logic 0.560ns (31.953%)  route 1.193ns (68.047%))
  Logic Levels:           5  (LUT2=1 LUT3=2 LUT4=2)
  Clock Path Skew:        -0.086ns (DCD - SCD + CPR)
    Destination Clock Delay (DCD):    2.272ns = ( 5.272 - 3.000 ) 
    Source Clock Delay      (SCD):    2.911ns
    Clock Pessimism Removal (CPR):    0.554ns
  Clock Uncertainty:      0.035ns  ((TSJ^2 + TIJ^2)^1/2 + DJ) / 2 + PE
    Total System Jitter     (TSJ):    0.071ns
    Total Input Jitter      (TIJ):    0.000ns
    Discrete Jitter          (DJ):    0.000ns
    Phase Error              (PE):    0.000ns
  Clock Net Delay (Source):      1.441ns (routing 0.623ns, distribution 0.818ns)
  Clock Net Delay (Destination): 1.263ns (routing 0.570ns, distribution 0.693ns)

    Location             Delay type                Incr(ns)  Path(ns)    Netlist Resource(s)
  -------------------------------------------------------------------    -------------------
                         (clock clk rise edge)        0.000     0.000 r  <hidden>
    E14                                               0.000     0.000 r  clk
                         net (fo=0)                   0.000     0.000    clk_IBUF_inst/I
    E14                  INBUF (Prop_INBUF_HDIOB_M_PAD_O)
                                                      1.238     1.238 r  clk_IBUF_inst/INBUF_INST/O
                         net (fo=1, routed)           0.000     1.238    clk_IBUF_inst/OUT
    E14                  IBUFCTRL (Prop_IBUFCTRL_HDIOB_M_I_O)
                                                      0.000     1.238 r  clk_IBUF_inst/IBUFCTRL_INST/O
                         net (fo=1, routed)           0.204     1.442    clk_IBUF
    BUFGCE_HDIO_X1Y4     BUFGCE (Prop_BUFCE_BUFGCE_HDIO_I_O)
                                                      0.028     1.470 r  clk_IBUF_BUFG_inst/O
    X1Y2 (CLOCK_ROOT)    net (fo=39, routed)          1.441     2.911    clk_IBUF_BUFG
    SLICE_X49Y142        FDRE                                         r  memreg_reg[6]/C
  -------------------------------------------------------------------    -------------------
    SLICE_X49Y142        FDRE (Prop_AFF_SLICEM_C_Q)
                                                      0.077     2.988 r  memreg_reg[6]/Q
                         net (fo=9, routed)           0.330     3.318    p_2_in
    SLICE_X48Y143        LUT4 (Prop_D5LUT_SLICEL_I3_O)
                                                      0.133     3.451 r  alu_in[expon][2]_i_4/O
                         net (fo=2, routed)           0.200     3.651    alu_in[expon][2]_i_4_n_0
    SLICE_X48Y143        LUT2 (Prop_H5LUT_SLICEL_I0_O)
                                                      0.065     3.716 r  alu_in[frac][11]_i_4/O
                         net (fo=5, routed)           0.120     3.836    alu_in[frac][11]_i_4_n_0
    SLICE_X48Y142        LUT3 (Prop_D5LUT_SLICEL_I2_O)
                                                      0.096     3.932 f  alu_in[znan]_i_2/O
                         net (fo=4, routed)           0.174     4.106    alu_in[znan]_i_2_n_0
    SLICE_X49Y142        LUT4 (Prop_G6LUT_SLICEM_I2_O)
                                                      0.100     4.206 f  alu_in[frac][11]_i_3/O
                         net (fo=8, routed)           0.208     4.414    alu_in[frac][11]_i_3_n_0
    SLICE_X48Y144        LUT3 (Prop_G6LUT_SLICEL_I0_O)
                                                      0.089     4.503 r  alu_in[frac][2]_i_1/O
                         net (fo=1, routed)           0.161     4.664    alu_in[frac][2]_i_1_n_0
    SLICE_X48Y144        FDRE                                         r  alu_in_reg[frac][2]/R
  -------------------------------------------------------------------    -------------------

                         (clock clk rise edge)        3.000     3.000 r  <hidden>
    E14                                               0.000     3.000 r  clk
                         net (fo=0)                   0.000     3.000    clk_IBUF_inst/I
    E14                  INBUF (Prop_INBUF_HDIOB_M_PAD_O)
                                                      0.815     3.815 r  clk_IBUF_inst/INBUF_INST/O
                         net (fo=1, routed)           0.000     3.815    clk_IBUF_inst/OUT
    E14                  IBUFCTRL (Prop_IBUFCTRL_HDIOB_M_I_O)
                                                      0.000     3.815 r  clk_IBUF_inst/IBUFCTRL_INST/O
                         net (fo=1, routed)           0.169     3.984    clk_IBUF
    BUFGCE_HDIO_X1Y4     BUFGCE (Prop_BUFCE_BUFGCE_HDIO_I_O)
                                                      0.024     4.008 r  clk_IBUF_BUFG_inst/O
    X1Y2 (CLOCK_ROOT)    net (fo=39, routed)          1.263     5.272    clk_IBUF_BUFG
    SLICE_X48Y144        FDRE                                         r  alu_in_reg[frac][2]/C
                         clock pessimism              0.554     5.826    <hidden>
                         clock uncertainty           -0.035     5.791    <hidden>
    SLICE_X48Y144        FDRE (Setup_HFF2_SLICEL_C_R)
                                                     -0.074     5.717    alu_in_reg[frac][2]
  -------------------------------------------------------------------
                         required time                          5.717    <hidden>
                         arrival time                          -4.664    <hidden>
  -------------------------------------------------------------------
                         slack                                  1.052    <hidden>

Slack (MET) :             1.055ns  (required time - arrival time)
  Source:                 memreg_reg[6]/C
                            (rising edge-triggered cell FDRE clocked by clk  {rise@0.000ns fall@1.500ns period=3.000ns})
  Destination:            alu_in_reg[frac][3]/R
                            (rising edge-triggered cell FDRE clocked by clk  {rise@0.000ns fall@1.500ns period=3.000ns})
  Path Group:             clk
  Path Type:              Setup (Max at Slow Process Corner)
  Requirement:            3.000ns  (clk rise@3.000ns - clk rise@0.000ns)
  Data Path Delay:        1.748ns  (logic 0.521ns (29.811%)  route 1.227ns (70.189%))
  Logic Levels:           5  (LUT2=1 LUT3=1 LUT4=3)
  Clock Path Skew:        -0.088ns (DCD - SCD + CPR)
    Destination Clock Delay (DCD):    2.270ns = ( 5.270 - 3.000 ) 
    Source Clock Delay      (SCD):    2.911ns
    Clock Pessimism Removal (CPR):    0.554ns
  Clock Uncertainty:      0.035ns  ((TSJ^2 + TIJ^2)^1/2 + DJ) / 2 + PE
    Total System Jitter     (TSJ):    0.071ns
    Total Input Jitter      (TIJ):    0.000ns
    Discrete Jitter          (DJ):    0.000ns
    Phase Error              (PE):    0.000ns
  Clock Net Delay (Source):      1.441ns (routing 0.623ns, distribution 0.818ns)
  Clock Net Delay (Destination): 1.261ns (routing 0.570ns, distribution 0.691ns)

    Location             Delay type                Incr(ns)  Path(ns)    Netlist Resource(s)
  -------------------------------------------------------------------    -------------------
                         (clock clk rise edge)        0.000     0.000 r  <hidden>
    E14                                               0.000     0.000 r  clk
                         net (fo=0)                   0.000     0.000    clk_IBUF_inst/I
    E14                  INBUF (Prop_INBUF_HDIOB_M_PAD_O)
                                                      1.238     1.238 r  clk_IBUF_inst/INBUF_INST/O
                         net (fo=1, routed)           0.000     1.238    clk_IBUF_inst/OUT
    E14                  IBUFCTRL (Prop_IBUFCTRL_HDIOB_M_I_O)
                                                      0.000     1.238 r  clk_IBUF_inst/IBUFCTRL_INST/O
                         net (fo=1, routed)           0.204     1.442    clk_IBUF
    BUFGCE_HDIO_X1Y4     BUFGCE (Prop_BUFCE_BUFGCE_HDIO_I_O)
                                                      0.028     1.470 r  clk_IBUF_BUFG_inst/O
    X1Y2 (CLOCK_ROOT)    net (fo=39, routed)          1.441     2.911    clk_IBUF_BUFG
    SLICE_X49Y142        FDRE                                         r  memreg_reg[6]/C
  -------------------------------------------------------------------    -------------------
    SLICE_X49Y142        FDRE (Prop_AFF_SLICEM_C_Q)
                                                      0.077     2.988 r  memreg_reg[6]/Q
                         net (fo=9, routed)           0.330     3.318    p_2_in
    SLICE_X48Y143        LUT4 (Prop_D5LUT_SLICEL_I3_O)
                                                      0.133     3.451 r  alu_in[expon][2]_i_4/O
                         net (fo=2, routed)           0.200     3.651    alu_in[expon][2]_i_4_n_0
    SLICE_X48Y143        LUT2 (Prop_H5LUT_SLICEL_I0_O)
                                                      0.065     3.716 r  alu_in[frac][11]_i_4/O
                         net (fo=5, routed)           0.120     3.836    alu_in[frac][11]_i_4_n_0
    SLICE_X48Y142        LUT3 (Prop_D5LUT_SLICEL_I2_O)
                                                      0.096     3.932 f  alu_in[znan]_i_2/O
                         net (fo=4, routed)           0.174     4.106    alu_in[znan]_i_2_n_0
    SLICE_X49Y142        LUT4 (Prop_G6LUT_SLICEM_I2_O)
                                                      0.100     4.206 f  alu_in[frac][11]_i_3/O
                         net (fo=8, routed)           0.203     4.409    alu_in[frac][11]_i_3_n_0
    SLICE_X48Y144        LUT4 (Prop_C6LUT_SLICEL_I0_O)
                                                      0.050     4.459 r  alu_in[frac][3]_i_1/O
                         net (fo=1, routed)           0.200     4.659    alu_in[frac][3]_i_1_n_0
    SLICE_X48Y144        FDRE                                         r  alu_in_reg[frac][3]/R
  -------------------------------------------------------------------    -------------------

                         (clock clk rise edge)        3.000     3.000 r  <hidden>
    E14                                               0.000     3.000 r  clk
                         net (fo=0)                   0.000     3.000    clk_IBUF_inst/I
    E14                  INBUF (Prop_INBUF_HDIOB_M_PAD_O)
                                                      0.815     3.815 r  clk_IBUF_inst/INBUF_INST/O
                         net (fo=1, routed)           0.000     3.815    clk_IBUF_inst/OUT
    E14                  IBUFCTRL (Prop_IBUFCTRL_HDIOB_M_I_O)
                                                      0.000     3.815 r  clk_IBUF_inst/IBUFCTRL_INST/O
                         net (fo=1, routed)           0.169     3.984    clk_IBUF
    BUFGCE_HDIO_X1Y4     BUFGCE (Prop_BUFCE_BUFGCE_HDIO_I_O)
                                                      0.024     4.008 r  clk_IBUF_BUFG_inst/O
    X1Y2 (CLOCK_ROOT)    net (fo=39, routed)          1.261     5.270    clk_IBUF_BUFG
    SLICE_X48Y144        FDRE                                         r  alu_in_reg[frac][3]/C
                         clock pessimism              0.554     5.824    <hidden>
                         clock uncertainty           -0.035     5.789    <hidden>
    SLICE_X48Y144        FDRE (Setup_AFF_SLICEL_C_R)
                                                     -0.074     5.715    alu_in_reg[frac][3]
  -------------------------------------------------------------------
                         required time                          5.715    <hidden>
                         arrival time                          -4.659    <hidden>
  -------------------------------------------------------------------
                         slack                                  1.055    <hidden>

Slack (MET) :             1.055ns  (required time - arrival time)
  Source:                 memreg_reg[6]/C
                            (rising edge-triggered cell FDRE clocked by clk  {rise@0.000ns fall@1.500ns period=3.000ns})
  Destination:            alu_in_reg[frac][8]/R
                            (rising edge-triggered cell FDRE clocked by clk  {rise@0.000ns fall@1.500ns period=3.000ns})
  Path Group:             clk
  Path Type:              Setup (Max at Slow Process Corner)
  Requirement:            3.000ns  (clk rise@3.000ns - clk rise@0.000ns)
  Data Path Delay:        1.756ns  (logic 0.534ns (30.417%)  route 1.222ns (69.583%))
  Logic Levels:           5  (LUT2=1 LUT3=1 LUT4=1 LUT5=2)
  Clock Path Skew:        -0.080ns (DCD - SCD + CPR)
    Destination Clock Delay (DCD):    2.278ns = ( 5.278 - 3.000 ) 
    Source Clock Delay      (SCD):    2.911ns
    Clock Pessimism Removal (CPR):    0.554ns
  Clock Uncertainty:      0.035ns  ((TSJ^2 + TIJ^2)^1/2 + DJ) / 2 + PE
    Total System Jitter     (TSJ):    0.071ns
    Total Input Jitter      (TIJ):    0.000ns
    Discrete Jitter          (DJ):    0.000ns
    Phase Error              (PE):    0.000ns
  Clock Net Delay (Source):      1.441ns (routing 0.623ns, distribution 0.818ns)
  Clock Net Delay (Destination): 1.269ns (routing 0.570ns, distribution 0.699ns)

    Location             Delay type                Incr(ns)  Path(ns)    Netlist Resource(s)
  -------------------------------------------------------------------    -------------------
                         (clock clk rise edge)        0.000     0.000 r  <hidden>
    E14                                               0.000     0.000 r  clk
                         net (fo=0)                   0.000     0.000    clk_IBUF_inst/I
    E14                  INBUF (Prop_INBUF_HDIOB_M_PAD_O)
                                                      1.238     1.238 r  clk_IBUF_inst/INBUF_INST/O
                         net (fo=1, routed)           0.000     1.238    clk_IBUF_inst/OUT
    E14                  IBUFCTRL (Prop_IBUFCTRL_HDIOB_M_I_O)
                                                      0.000     1.238 r  clk_IBUF_inst/IBUFCTRL_INST/O
                         net (fo=1, routed)           0.204     1.442    clk_IBUF
    BUFGCE_HDIO_X1Y4     BUFGCE (Prop_BUFCE_BUFGCE_HDIO_I_O)
                                                      0.028     1.470 r  clk_IBUF_BUFG_inst/O
    X1Y2 (CLOCK_ROOT)    net (fo=39, routed)          1.441     2.911    clk_IBUF_BUFG
    SLICE_X49Y142        FDRE                                         r  memreg_reg[6]/C
  -------------------------------------------------------------------    -------------------
    SLICE_X49Y142        FDRE (Prop_AFF_SLICEM_C_Q)
                                                      0.077     2.988 r  memreg_reg[6]/Q
                         net (fo=9, routed)           0.330     3.318    p_2_in
    SLICE_X48Y143        LUT4 (Prop_D5LUT_SLICEL_I3_O)
                                                      0.133     3.451 r  alu_in[expon][2]_i_4/O
                         net (fo=2, routed)           0.200     3.651    alu_in[expon][2]_i_4_n_0
    SLICE_X48Y143        LUT2 (Prop_H5LUT_SLICEL_I0_O)
                                                      0.065     3.716 r  alu_in[frac][11]_i_4/O
                         net (fo=5, routed)           0.120     3.836    alu_in[frac][11]_i_4_n_0
    SLICE_X48Y142        LUT3 (Prop_D5LUT_SLICEL_I2_O)
                                                      0.096     3.932 f  alu_in[znan]_i_2/O
                         net (fo=4, routed)           0.174     4.106    alu_in[znan]_i_2_n_0
    SLICE_X49Y142        LUT5 (Prop_G5LUT_SLICEM_I1_O)
                                                      0.112     4.218 r  alu_in[frac][9]_i_2/O
                         net (fo=4, routed)           0.185     4.403    alu_in[frac][9]_i_2_n_0
    SLICE_X47Y143        LUT5 (Prop_D6LUT_SLICEM_I0_O)
                                                      0.051     4.454 r  alu_in[frac][8]_i_1/O
                         net (fo=1, routed)           0.213     4.667    alu_in[frac][8]_i_1_n_0
    SLICE_X47Y143        FDRE                                         r  alu_in_reg[frac][8]/R
  -------------------------------------------------------------------    -------------------

                         (clock clk rise edge)        3.000     3.000 r  <hidden>
    E14                                               0.000     3.000 r  clk
                         net (fo=0)                   0.000     3.000    clk_IBUF_inst/I
    E14                  INBUF (Prop_INBUF_HDIOB_M_PAD_O)
                                                      0.815     3.815 r  clk_IBUF_inst/INBUF_INST/O
                         net (fo=1, routed)           0.000     3.815    clk_IBUF_inst/OUT
    E14                  IBUFCTRL (Prop_IBUFCTRL_HDIOB_M_I_O)
                                                      0.000     3.815 r  clk_IBUF_inst/IBUFCTRL_INST/O
                         net (fo=1, routed)           0.169     3.984    clk_IBUF
    BUFGCE_HDIO_X1Y4     BUFGCE (Prop_BUFCE_BUFGCE_HDIO_I_O)
                                                      0.024     4.008 r  clk_IBUF_BUFG_inst/O
    X1Y2 (CLOCK_ROOT)    net (fo=39, routed)          1.269     5.278    clk_IBUF_BUFG
    SLICE_X47Y143        FDRE                                         r  alu_in_reg[frac][8]/C
                         clock pessimism              0.554     5.832    <hidden>
                         clock uncertainty           -0.035     5.797    <hidden>
    SLICE_X47Y143        FDRE (Setup_EFF_SLICEM_C_R)
                                                     -0.074     5.723    alu_in_reg[frac][8]
  -------------------------------------------------------------------
                         required time                          5.723    <hidden>
                         arrival time                          -4.667    <hidden>
  -------------------------------------------------------------------
                         slack                                  1.055    <hidden>

Slack (MET) :             1.096ns  (required time - arrival time)
  Source:                 memreg_reg[6]/C
                            (rising edge-triggered cell FDRE clocked by clk  {rise@0.000ns fall@1.500ns period=3.000ns})
  Destination:            alu_in_reg[expon][2]/D
                            (rising edge-triggered cell FDRE clocked by clk  {rise@0.000ns fall@1.500ns period=3.000ns})
  Path Group:             clk
  Path Type:              Setup (Max at Slow Process Corner)
  Requirement:            3.000ns  (clk rise@3.000ns - clk rise@0.000ns)
  Data Path Delay:        1.857ns  (logic 0.608ns (32.746%)  route 1.249ns (67.254%))
  Logic Levels:           6  (LUT2=2 LUT3=1 LUT4=2 LUT6=1)
  Clock Path Skew:        -0.037ns (DCD - SCD + CPR)
    Destination Clock Delay (DCD):    2.269ns = ( 5.269 - 3.000 ) 
    Source Clock Delay      (SCD):    2.911ns
    Clock Pessimism Removal (CPR):    0.606ns
  Clock Uncertainty:      0.035ns  ((TSJ^2 + TIJ^2)^1/2 + DJ) / 2 + PE
    Total System Jitter     (TSJ):    0.071ns
    Total Input Jitter      (TIJ):    0.000ns
    Discrete Jitter          (DJ):    0.000ns
    Phase Error              (PE):    0.000ns
  Clock Net Delay (Source):      1.441ns (routing 0.623ns, distribution 0.818ns)
  Clock Net Delay (Destination): 1.261ns (routing 0.570ns, distribution 0.691ns)

    Location             Delay type                Incr(ns)  Path(ns)    Netlist Resource(s)
  -------------------------------------------------------------------    -------------------
                         (clock clk rise edge)        0.000     0.000 r  <hidden>
    E14                                               0.000     0.000 r  clk
                         net (fo=0)                   0.000     0.000    clk_IBUF_inst/I
    E14                  INBUF (Prop_INBUF_HDIOB_M_PAD_O)
                                                      1.238     1.238 r  clk_IBUF_inst/INBUF_INST/O
                         net (fo=1, routed)           0.000     1.238    clk_IBUF_inst/OUT
    E14                  IBUFCTRL (Prop_IBUFCTRL_HDIOB_M_I_O)
                                                      0.000     1.238 r  clk_IBUF_inst/IBUFCTRL_INST/O
                         net (fo=1, routed)           0.204     1.442    clk_IBUF
    BUFGCE_HDIO_X1Y4     BUFGCE (Prop_BUFCE_BUFGCE_HDIO_I_O)
                                                      0.028     1.470 r  clk_IBUF_BUFG_inst/O
    X1Y2 (CLOCK_ROOT)    net (fo=39, routed)          1.441     2.911    clk_IBUF_BUFG
    SLICE_X49Y142        FDRE                                         r  memreg_reg[6]/C
  -------------------------------------------------------------------    -------------------
    SLICE_X49Y142        FDRE (Prop_AFF_SLICEM_C_Q)
                                                      0.077     2.988 f  memreg_reg[6]/Q
                         net (fo=9, routed)           0.330     3.318    p_2_in
    SLICE_X48Y143        LUT4 (Prop_D5LUT_SLICEL_I3_O)
                                                      0.133     3.451 f  alu_in[expon][2]_i_4/O
                         net (fo=2, routed)           0.200     3.651    alu_in[expon][2]_i_4_n_0
    SLICE_X48Y143        LUT2 (Prop_H5LUT_SLICEL_I0_O)
                                                      0.065     3.716 f  alu_in[frac][11]_i_4/O
                         net (fo=5, routed)           0.120     3.836    alu_in[frac][11]_i_4_n_0
    SLICE_X48Y142        LUT3 (Prop_D5LUT_SLICEL_I2_O)
                                                      0.096     3.932 r  alu_in[znan]_i_2/O
                         net (fo=4, routed)           0.116     4.048    alu_in[znan]_i_2_n_0
    SLICE_X49Y142        LUT2 (Prop_D6LUT_SLICEM_I1_O)
                                                      0.037     4.085 f  alu_in[expon][4]_i_4/O
                         net (fo=7, routed)           0.100     4.185    alu_in[expon][4]_i_4_n_0
    SLICE_X49Y143        LUT6 (Prop_H6LUT_SLICEM_I4_O)
                                                      0.101     4.286 f  alu_in[expon][2]_i_3/O
                         net (fo=1, routed)           0.094     4.380    alu_in[expon][2]_i_3_n_0
    SLICE_X49Y143        LUT4 (Prop_D6LUT_SLICEM_I2_O)
                                                      0.099     4.479 r  alu_in[expon][2]_i_1/O
                         net (fo=1, routed)           0.289     4.768    alu_temp[expon][2]
    SLICE_X49Y143        FDRE                                         r  alu_in_reg[expon][2]/D
  -------------------------------------------------------------------    -------------------

                         (clock clk rise edge)        3.000     3.000 r  <hidden>
    E14                                               0.000     3.000 r  clk
                         net (fo=0)                   0.000     3.000    clk_IBUF_inst/I
    E14                  INBUF (Prop_INBUF_HDIOB_M_PAD_O)
                                                      0.815     3.815 r  clk_IBUF_inst/INBUF_INST/O
                         net (fo=1, routed)           0.000     3.815    clk_IBUF_inst/OUT
    E14                  IBUFCTRL (Prop_IBUFCTRL_HDIOB_M_I_O)
                                                      0.000     3.815 r  clk_IBUF_inst/IBUFCTRL_INST/O
                         net (fo=1, routed)           0.169     3.984    clk_IBUF
    BUFGCE_HDIO_X1Y4     BUFGCE (Prop_BUFCE_BUFGCE_HDIO_I_O)
                                                      0.024     4.008 r  clk_IBUF_BUFG_inst/O
    X1Y2 (CLOCK_ROOT)    net (fo=39, routed)          1.261     5.269    clk_IBUF_BUFG
    SLICE_X49Y143        FDRE                                         r  alu_in_reg[expon][2]/C
                         clock pessimism              0.606     5.875    <hidden>
                         clock uncertainty           -0.035     5.839    <hidden>
    SLICE_X49Y143        FDRE (Setup_EFF_SLICEM_C_D)
                                                      0.025     5.864    alu_in_reg[expon][2]
  -------------------------------------------------------------------
                         required time                          5.864    <hidden>
                         arrival time                          -4.768    <hidden>
  -------------------------------------------------------------------
                         slack                                  1.096    <hidden>

Slack (MET) :             1.099ns  (required time - arrival time)
  Source:                 memreg_reg[6]/C
                            (rising edge-triggered cell FDRE clocked by clk  {rise@0.000ns fall@1.500ns period=3.000ns})
  Destination:            alu_in_reg[expon][4]/D
                            (rising edge-triggered cell FDRE clocked by clk  {rise@0.000ns fall@1.500ns period=3.000ns})
  Path Group:             clk
  Path Type:              Setup (Max at Slow Process Corner)
  Requirement:            3.000ns  (clk rise@3.000ns - clk rise@0.000ns)
  Data Path Delay:        1.846ns  (logic 0.593ns (32.125%)  route 1.253ns (67.875%))
  Logic Levels:           6  (LUT2=3 LUT3=1 LUT4=1 LUT5=1)
  Clock Path Skew:        -0.044ns (DCD - SCD + CPR)
    Destination Clock Delay (DCD):    2.261ns = ( 5.261 - 3.000 ) 
    Source Clock Delay      (SCD):    2.911ns
    Clock Pessimism Removal (CPR):    0.606ns
  Clock Uncertainty:      0.035ns  ((TSJ^2 + TIJ^2)^1/2 + DJ) / 2 + PE
    Total System Jitter     (TSJ):    0.071ns
    Total Input Jitter      (TIJ):    0.000ns
    Discrete Jitter          (DJ):    0.000ns
    Phase Error              (PE):    0.000ns
  Clock Net Delay (Source):      1.441ns (routing 0.623ns, distribution 0.818ns)
  Clock Net Delay (Destination): 1.253ns (routing 0.570ns, distribution 0.683ns)

    Location             Delay type                Incr(ns)  Path(ns)    Netlist Resource(s)
  -------------------------------------------------------------------    -------------------
                         (clock clk rise edge)        0.000     0.000 r  <hidden>
    E14                                               0.000     0.000 r  clk
                         net (fo=0)                   0.000     0.000    clk_IBUF_inst/I
    E14                  INBUF (Prop_INBUF_HDIOB_M_PAD_O)
                                                      1.238     1.238 r  clk_IBUF_inst/INBUF_INST/O
                         net (fo=1, routed)           0.000     1.238    clk_IBUF_inst/OUT
    E14                  IBUFCTRL (Prop_IBUFCTRL_HDIOB_M_I_O)
                                                      0.000     1.238 r  clk_IBUF_inst/IBUFCTRL_INST/O
                         net (fo=1, routed)           0.204     1.442    clk_IBUF
    BUFGCE_HDIO_X1Y4     BUFGCE (Prop_BUFCE_BUFGCE_HDIO_I_O)
                                                      0.028     1.470 r  clk_IBUF_BUFG_inst/O
    X1Y2 (CLOCK_ROOT)    net (fo=39, routed)          1.441     2.911    clk_IBUF_BUFG
    SLICE_X49Y142        FDRE                                         r  memreg_reg[6]/C
  -------------------------------------------------------------------    -------------------
    SLICE_X49Y142        FDRE (Prop_AFF_SLICEM_C_Q)
                                                      0.077     2.988 f  memreg_reg[6]/Q
                         net (fo=9, routed)           0.330     3.318    p_2_in
    SLICE_X48Y143        LUT4 (Prop_D5LUT_SLICEL_I3_O)
                                                      0.133     3.451 f  alu_in[expon][2]_i_4/O
                         net (fo=2, routed)           0.200     3.651    alu_in[expon][2]_i_4_n_0
    SLICE_X48Y143        LUT2 (Prop_H5LUT_SLICEL_I0_O)
                                                      0.065     3.716 f  alu_in[frac][11]_i_4/O
                         net (fo=5, routed)           0.120     3.836    alu_in[frac][11]_i_4_n_0
    SLICE_X48Y142        LUT3 (Prop_D5LUT_SLICEL_I2_O)
                                                      0.096     3.932 r  alu_in[znan]_i_2/O
                         net (fo=4, routed)           0.116     4.048    alu_in[znan]_i_2_n_0
    SLICE_X49Y142        LUT2 (Prop_D6LUT_SLICEM_I1_O)
                                                      0.037     4.085 f  alu_in[expon][4]_i_4/O
                         net (fo=7, routed)           0.097     4.182    alu_in[expon][4]_i_4_n_0
    SLICE_X49Y143        LUT2 (Prop_D5LUT_SLICEM_I1_O)
                                                      0.097     4.279 r  alu_in[expon][4]_i_2/O
                         net (fo=3, routed)           0.139     4.418    alu_in[expon][4]_i_2_n_0
    SLICE_X49Y144        LUT5 (Prop_D6LUT_SLICEM_I0_O)
                                                      0.088     4.506 r  alu_in[expon][4]_i_1/O
                         net (fo=1, routed)           0.251     4.757    alu_temp[expon][4]
    SLICE_X49Y145        FDRE                                         r  alu_in_reg[expon][4]/D
  -------------------------------------------------------------------    -------------------

                         (clock clk rise edge)        3.000     3.000 r  <hidden>
    E14                                               0.000     3.000 r  clk
                         net (fo=0)                   0.000     3.000    clk_IBUF_inst/I
    E14                  INBUF (Prop_INBUF_HDIOB_M_PAD_O)
                                                      0.815     3.815 r  clk_IBUF_inst/INBUF_INST/O
                         net (fo=1, routed)           0.000     3.815    clk_IBUF_inst/OUT
    E14                  IBUFCTRL (Prop_IBUFCTRL_HDIOB_M_I_O)
                                                      0.000     3.815 r  clk_IBUF_inst/IBUFCTRL_INST/O
                         net (fo=1, routed)           0.169     3.984    clk_IBUF
    BUFGCE_HDIO_X1Y4     BUFGCE (Prop_BUFCE_BUFGCE_HDIO_I_O)
                                                      0.024     4.008 r  clk_IBUF_BUFG_inst/O
    X1Y2 (CLOCK_ROOT)    net (fo=39, routed)          1.253     5.261    clk_IBUF_BUFG
    SLICE_X49Y145        FDRE                                         r  alu_in_reg[expon][4]/C
                         clock pessimism              0.606     5.867    <hidden>
                         clock uncertainty           -0.035     5.832    <hidden>
    SLICE_X49Y145        FDRE (Setup_EFF_SLICEM_C_D)
                                                      0.025     5.857    alu_in_reg[expon][4]
  -------------------------------------------------------------------
                         required time                          5.857    <hidden>
                         arrival time                          -4.757    <hidden>
  -------------------------------------------------------------------
                         slack                                  1.099    <hidden>

Slack (MET) :             1.117ns  (required time - arrival time)
  Source:                 memreg_reg[6]/C
                            (rising edge-triggered cell FDRE clocked by clk  {rise@0.000ns fall@1.500ns period=3.000ns})
  Destination:            alu_in_reg[frac][12]/S
                            (rising edge-triggered cell FDSE clocked by clk  {rise@0.000ns fall@1.500ns period=3.000ns})
  Path Group:             clk
  Path Type:              Setup (Max at Slow Process Corner)
  Requirement:            3.000ns  (clk rise@3.000ns - clk rise@0.000ns)
  Data Path Delay:        1.677ns  (logic 0.519ns (30.943%)  route 1.158ns (69.057%))
  Logic Levels:           5  (LUT2=2 LUT3=2 LUT4=1)
  Clock Path Skew:        -0.096ns (DCD - SCD + CPR)
    Destination Clock Delay (DCD):    2.261ns = ( 5.261 - 3.000 ) 
    Source Clock Delay      (SCD):    2.911ns
    Clock Pessimism Removal (CPR):    0.554ns
  Clock Uncertainty:      0.035ns  ((TSJ^2 + TIJ^2)^1/2 + DJ) / 2 + PE
    Total System Jitter     (TSJ):    0.071ns
    Total Input Jitter      (TIJ):    0.000ns
    Discrete Jitter          (DJ):    0.000ns
    Phase Error              (PE):    0.000ns
  Clock Net Delay (Source):      1.441ns (routing 0.623ns, distribution 0.818ns)
  Clock Net Delay (Destination): 1.253ns (routing 0.570ns, distribution 0.683ns)

    Location             Delay type                Incr(ns)  Path(ns)    Netlist Resource(s)
  -------------------------------------------------------------------    -------------------
                         (clock clk rise edge)        0.000     0.000 r  <hidden>
    E14                                               0.000     0.000 r  clk
                         net (fo=0)                   0.000     0.000    clk_IBUF_inst/I
    E14                  INBUF (Prop_INBUF_HDIOB_M_PAD_O)
                                                      1.238     1.238 r  clk_IBUF_inst/INBUF_INST/O
                         net (fo=1, routed)           0.000     1.238    clk_IBUF_inst/OUT
    E14                  IBUFCTRL (Prop_IBUFCTRL_HDIOB_M_I_O)
                                                      0.000     1.238 r  clk_IBUF_inst/IBUFCTRL_INST/O
                         net (fo=1, routed)           0.204     1.442    clk_IBUF
    BUFGCE_HDIO_X1Y4     BUFGCE (Prop_BUFCE_BUFGCE_HDIO_I_O)
                                                      0.028     1.470 r  clk_IBUF_BUFG_inst/O
    X1Y2 (CLOCK_ROOT)    net (fo=39, routed)          1.441     2.911    clk_IBUF_BUFG
    SLICE_X49Y142        FDRE                                         r  memreg_reg[6]/C
  -------------------------------------------------------------------    -------------------
    SLICE_X49Y142        FDRE (Prop_AFF_SLICEM_C_Q)
                                                      0.077     2.988 r  memreg_reg[6]/Q
                         net (fo=9, routed)           0.330     3.318    p_2_in
    SLICE_X48Y143        LUT4 (Prop_D5LUT_SLICEL_I3_O)
                                                      0.133     3.451 r  alu_in[expon][2]_i_4/O
                         net (fo=2, routed)           0.200     3.651    alu_in[expon][2]_i_4_n_0
    SLICE_X48Y143        LUT2 (Prop_H5LUT_SLICEL_I0_O)
                                                      0.065     3.716 r  alu_in[frac][11]_i_4/O
                         net (fo=5, routed)           0.120     3.836    alu_in[frac][11]_i_4_n_0
    SLICE_X48Y142        LUT3 (Prop_D5LUT_SLICEL_I2_O)
                                                      0.096     3.932 f  alu_in[znan]_i_2/O
                         net (fo=4, routed)           0.116     4.048    alu_in[znan]_i_2_n_0
    SLICE_X49Y142        LUT2 (Prop_D6LUT_SLICEM_I1_O)
                                                      0.037     4.085 r  alu_in[expon][4]_i_4/O
                         net (fo=7, routed)           0.161     4.246    alu_in[expon][4]_i_4_n_0
    SLICE_X48Y144        LUT3 (Prop_G5LUT_SLICEL_I0_O)
                                                      0.111     4.357 r  alu_in[frac][12]_i_1/O
                         net (fo=1, routed)           0.232     4.589    alu_in[frac][12]_i_1_n_0
    SLICE_X48Y145        FDSE                                         r  alu_in_reg[frac][12]/S
  -------------------------------------------------------------------    -------------------

                         (clock clk rise edge)        3.000     3.000 r  <hidden>
    E14                                               0.000     3.000 r  clk
                         net (fo=0)                   0.000     3.000    clk_IBUF_inst/I
    E14                  INBUF (Prop_INBUF_HDIOB_M_PAD_O)
                                                      0.815     3.815 r  clk_IBUF_inst/INBUF_INST/O
                         net (fo=1, routed)           0.000     3.815    clk_IBUF_inst/OUT
    E14                  IBUFCTRL (Prop_IBUFCTRL_HDIOB_M_I_O)
                                                      0.000     3.815 r  clk_IBUF_inst/IBUFCTRL_INST/O
                         net (fo=1, routed)           0.169     3.984    clk_IBUF
    BUFGCE_HDIO_X1Y4     BUFGCE (Prop_BUFCE_BUFGCE_HDIO_I_O)
                                                      0.024     4.008 r  clk_IBUF_BUFG_inst/O
    X1Y2 (CLOCK_ROOT)    net (fo=39, routed)          1.253     5.261    clk_IBUF_BUFG
    SLICE_X48Y145        FDSE                                         r  alu_in_reg[frac][12]/C
                         clock pessimism              0.554     5.815    <hidden>
                         clock uncertainty           -0.035     5.780    <hidden>
    SLICE_X48Y145        FDSE (Setup_HFF2_SLICEL_C_S)
                                                     -0.074     5.706    alu_in_reg[frac][12]
  -------------------------------------------------------------------
                         required time                          5.706    <hidden>
                         arrival time                          -4.589    <hidden>
  -------------------------------------------------------------------
                         slack                                  1.117    <hidden>





Min Delay Paths
--------------------------------------------------------------------------------------
Slack (MET) :             0.063ns  (arrival time - required time)
  Source:                 memreg_reg[8]/C
                            (rising edge-triggered cell FDRE clocked by clk  {rise@0.000ns fall@1.500ns period=3.000ns})
  Destination:            alu_in_reg[frac][10]/D
                            (rising edge-triggered cell FDRE clocked by clk  {rise@0.000ns fall@1.500ns period=3.000ns})
  Path Group:             clk
  Path Type:              Hold (Min at Fast Process Corner)
  Requirement:            0.000ns  (clk rise@0.000ns - clk rise@0.000ns)
  Data Path Delay:        0.131ns  (logic 0.040ns (30.485%)  route 0.091ns (69.515%))
  Logic Levels:           0  
  Clock Path Skew:        0.022ns (DCD - SCD - CPR)
    Destination Clock Delay (DCD):    2.086ns
    Source Clock Delay      (SCD):    1.711ns
    Clock Pessimism Removal (CPR):    0.353ns
  Clock Net Delay (Source):      0.788ns (routing 0.339ns, distribution 0.449ns)
  Clock Net Delay (Destination): 0.895ns (routing 0.373ns, distribution 0.522ns)

    Location             Delay type                Incr(ns)  Path(ns)    Netlist Resource(s)
  -------------------------------------------------------------------    -------------------
                         (clock clk rise edge)        0.000     0.000 r  <hidden>
    E14                                               0.000     0.000 r  clk
                         net (fo=0)                   0.000     0.000    clk_IBUF_inst/I
    E14                  INBUF (Prop_INBUF_HDIOB_M_PAD_O)
                                                      0.815     0.815 r  clk_IBUF_inst/INBUF_INST/O
                         net (fo=1, routed)           0.000     0.815    clk_IBUF_inst/OUT
    E14                  IBUFCTRL (Prop_IBUFCTRL_HDIOB_M_I_O)
                                                      0.000     0.815 r  clk_IBUF_inst/IBUFCTRL_INST/O
                         net (fo=1, routed)           0.091     0.906    clk_IBUF
    BUFGCE_HDIO_X1Y4     BUFGCE (Prop_BUFCE_BUFGCE_HDIO_I_O)
                                                      0.017     0.923 r  clk_IBUF_BUFG_inst/O
    X1Y2 (CLOCK_ROOT)    net (fo=39, routed)          0.788     1.711    clk_IBUF_BUFG
    SLICE_X48Y141        FDRE                                         r  memreg_reg[8]/C
  -------------------------------------------------------------------    -------------------
    SLICE_X48Y141        FDRE (Prop_EFF2_SLICEL_C_Q)
                                                      0.040     1.751 r  memreg_reg[8]/Q
                         net (fo=8, routed)           0.091     1.843    memreg_reg_n_0_[8]
    SLICE_X48Y142        FDRE                                         r  alu_in_reg[frac][10]/D
  -------------------------------------------------------------------    -------------------

                         (clock clk rise edge)        0.000     0.000 r  <hidden>
    E14                                               0.000     0.000 r  clk
                         net (fo=0)                   0.000     0.000    clk_IBUF_inst/I
    E14                  INBUF (Prop_INBUF_HDIOB_M_PAD_O)
                                                      1.059     1.059 r  clk_IBUF_inst/INBUF_INST/O
                         net (fo=1, routed)           0.000     1.059    clk_IBUF_inst/OUT
    E14                  IBUFCTRL (Prop_IBUFCTRL_HDIOB_M_I_O)
                                                      0.000     1.059 r  clk_IBUF_inst/IBUFCTRL_INST/O
                         net (fo=1, routed)           0.113     1.172    clk_IBUF
    BUFGCE_HDIO_X1Y4     BUFGCE (Prop_BUFCE_BUFGCE_HDIO_I_O)
                                                      0.019     1.191 r  clk_IBUF_BUFG_inst/O
    X1Y2 (CLOCK_ROOT)    net (fo=39, routed)          0.895     2.086    clk_IBUF_BUFG
    SLICE_X48Y142        FDRE                                         r  alu_in_reg[frac][10]/C
                         clock pessimism             -0.353     1.733    <hidden>
    SLICE_X48Y142        FDRE (Hold_EFF_SLICEL_C_D)
                                                      0.046     1.779    alu_in_reg[frac][10]
  -------------------------------------------------------------------
                         required time                         -1.779    <hidden>
                         arrival time                           1.843    <hidden>
  -------------------------------------------------------------------
                         slack                                  0.063    <hidden>

Slack (MET) :             0.072ns  (arrival time - required time)
  Source:                 memreg_reg[3]/C
                            (rising edge-triggered cell FDRE clocked by clk  {rise@0.000ns fall@1.500ns period=3.000ns})
  Destination:            alu_in_reg[frac][5]/D
                            (rising edge-triggered cell FDRE clocked by clk  {rise@0.000ns fall@1.500ns period=3.000ns})
  Path Group:             clk
  Path Type:              Hold (Min at Slow Process Corner)
  Requirement:            0.000ns  (clk rise@0.000ns - clk rise@0.000ns)
  Data Path Delay:        0.230ns  (logic 0.057ns (24.827%)  route 0.173ns (75.173%))
  Logic Levels:           0  
  Clock Path Skew:        0.098ns (DCD - SCD - CPR)
    Destination Clock Delay (DCD):    2.921ns
    Source Clock Delay      (SCD):    2.269ns
    Clock Pessimism Removal (CPR):    0.554ns
  Clock Net Delay (Source):      1.261ns (routing 0.570ns, distribution 0.691ns)
  Clock Net Delay (Destination): 1.451ns (routing 0.623ns, distribution 0.828ns)

    Location             Delay type                Incr(ns)  Path(ns)    Netlist Resource(s)
  -------------------------------------------------------------------    -------------------
                         (clock clk rise edge)        0.000     0.000 r  <hidden>
    E14                                               0.000     0.000 r  clk
                         net (fo=0)                   0.000     0.000    clk_IBUF_inst/I
    E14                  INBUF (Prop_INBUF_HDIOB_M_PAD_O)
                                                      0.815     0.815 r  clk_IBUF_inst/INBUF_INST/O
                         net (fo=1, routed)           0.000     0.815    clk_IBUF_inst/OUT
    E14                  IBUFCTRL (Prop_IBUFCTRL_HDIOB_M_I_O)
                                                      0.000     0.815 r  clk_IBUF_inst/IBUFCTRL_INST/O
                         net (fo=1, routed)           0.169     0.984    clk_IBUF
    BUFGCE_HDIO_X1Y4     BUFGCE (Prop_BUFCE_BUFGCE_HDIO_I_O)
                                                      0.024     1.008 r  clk_IBUF_BUFG_inst/O
    X1Y2 (CLOCK_ROOT)    net (fo=39, routed)          1.261     2.269    clk_IBUF_BUFG
    SLICE_X49Y143        FDRE                                         r  memreg_reg[3]/C
  -------------------------------------------------------------------    -------------------
    SLICE_X49Y143        FDRE (Prop_FFF_SLICEM_C_Q)
                                                      0.057     2.326 r  memreg_reg[3]/Q
                         net (fo=8, routed)           0.173     2.499    p_5_in
    SLICE_X48Y143        FDRE                                         r  alu_in_reg[frac][5]/D
  -------------------------------------------------------------------    -------------------

                         (clock clk rise edge)        0.000     0.000 r  <hidden>
    E14                                               0.000     0.000 r  clk
                         net (fo=0)                   0.000     0.000    clk_IBUF_inst/I
    E14                  INBUF (Prop_INBUF_HDIOB_M_PAD_O)
                                                      1.238     1.238 r  clk_IBUF_inst/INBUF_INST/O
                         net (fo=1, routed)           0.000     1.238    clk_IBUF_inst/OUT
    E14                  IBUFCTRL (Prop_IBUFCTRL_HDIOB_M_I_O)
                                                      0.000     1.238 r  clk_IBUF_inst/IBUFCTRL_INST/O
                         net (fo=1, routed)           0.204     1.442    clk_IBUF
    BUFGCE_HDIO_X1Y4     BUFGCE (Prop_BUFCE_BUFGCE_HDIO_I_O)
                                                      0.028     1.470 r  clk_IBUF_BUFG_inst/O
    X1Y2 (CLOCK_ROOT)    net (fo=39, routed)          1.451     2.921    clk_IBUF_BUFG
    SLICE_X48Y143        FDRE                                         r  alu_in_reg[frac][5]/C
                         clock pessimism             -0.554     2.367    <hidden>
    SLICE_X48Y143        FDRE (Hold_AFF_SLICEL_C_D)
                                                      0.060     2.427    alu_in_reg[frac][5]
  -------------------------------------------------------------------
                         required time                         -2.427    <hidden>
                         arrival time                           2.499    <hidden>
  -------------------------------------------------------------------
                         slack                                  0.072    <hidden>

Slack (MET) :             0.077ns  (arrival time - required time)
  Source:                 memreg_reg[11]/C
                            (rising edge-triggered cell FDRE clocked by clk  {rise@0.000ns fall@1.500ns period=3.000ns})
  Destination:            alu_in_reg[expon][1]/D
                            (rising edge-triggered cell FDRE clocked by clk  {rise@0.000ns fall@1.500ns period=3.000ns})
  Path Group:             clk
  Path Type:              Hold (Min at Fast Process Corner)
  Requirement:            0.000ns  (clk rise@0.000ns - clk rise@0.000ns)
  Data Path Delay:        0.143ns  (logic 0.074ns (51.671%)  route 0.069ns (48.329%))
  Logic Levels:           1  (LUT5=1)
  Clock Path Skew:        0.019ns (DCD - SCD - CPR)
    Destination Clock Delay (DCD):    2.088ns
    Source Clock Delay      (SCD):    1.717ns
    Clock Pessimism Removal (CPR):    0.353ns
  Clock Net Delay (Source):      0.794ns (routing 0.339ns, distribution 0.455ns)
  Clock Net Delay (Destination): 0.897ns (routing 0.373ns, distribution 0.524ns)

    Location             Delay type                Incr(ns)  Path(ns)    Netlist Resource(s)
  -------------------------------------------------------------------    -------------------
                         (clock clk rise edge)        0.000     0.000 r  <hidden>
    E14                                               0.000     0.000 r  clk
                         net (fo=0)                   0.000     0.000    clk_IBUF_inst/I
    E14                  INBUF (Prop_INBUF_HDIOB_M_PAD_O)
                                                      0.815     0.815 r  clk_IBUF_inst/INBUF_INST/O
                         net (fo=1, routed)           0.000     0.815    clk_IBUF_inst/OUT
    E14                  IBUFCTRL (Prop_IBUFCTRL_HDIOB_M_I_O)
                                                      0.000     0.815 r  clk_IBUF_inst/IBUFCTRL_INST/O
                         net (fo=1, routed)           0.091     0.906    clk_IBUF
    BUFGCE_HDIO_X1Y4     BUFGCE (Prop_BUFCE_BUFGCE_HDIO_I_O)
                                                      0.017     0.923 r  clk_IBUF_BUFG_inst/O
    X1Y2 (CLOCK_ROOT)    net (fo=39, routed)          0.794     1.717    clk_IBUF_BUFG
    SLICE_X49Y142        FDRE                                         r  memreg_reg[11]/C
  -------------------------------------------------------------------    -------------------
    SLICE_X49Y142        FDRE (Prop_FFF2_SLICEM_C_Q)
                                                      0.040     1.757 r  memreg_reg[11]/Q
                         net (fo=6, routed)           0.061     1.818    mem_exp[1]
    SLICE_X49Y144        LUT5 (Prop_B5LUT_SLICEM_I0_O)
                                                      0.034     1.852 r  i_0_LOPT_REMAP/O
                         net (fo=1, routed)           0.008     1.860    alu_temp[expon][1]
    SLICE_X49Y144        FDRE                                         r  alu_in_reg[expon][1]/D
  -------------------------------------------------------------------    -------------------

                         (clock clk rise edge)        0.000     0.000 r  <hidden>
    E14                                               0.000     0.000 r  clk
                         net (fo=0)                   0.000     0.000    clk_IBUF_inst/I
    E14                  INBUF (Prop_INBUF_HDIOB_M_PAD_O)
                                                      1.059     1.059 r  clk_IBUF_inst/INBUF_INST/O
                         net (fo=1, routed)           0.000     1.059    clk_IBUF_inst/OUT
    E14                  IBUFCTRL (Prop_IBUFCTRL_HDIOB_M_I_O)
                                                      0.000     1.059 r  clk_IBUF_inst/IBUFCTRL_INST/O
                         net (fo=1, routed)           0.113     1.172    clk_IBUF
    BUFGCE_HDIO_X1Y4     BUFGCE (Prop_BUFCE_BUFGCE_HDIO_I_O)
                                                      0.019     1.191 r  clk_IBUF_BUFG_inst/O
    X1Y2 (CLOCK_ROOT)    net (fo=39, routed)          0.897     2.088    clk_IBUF_BUFG
    SLICE_X49Y144        FDRE                                         r  alu_in_reg[expon][1]/C
                         clock pessimism             -0.353     1.736    <hidden>
    SLICE_X49Y144        FDRE (Hold_BFF2_SLICEM_C_D)
                                                      0.047     1.783    alu_in_reg[expon][1]
  -------------------------------------------------------------------
                         required time                         -1.783    <hidden>
                         arrival time                           1.860    <hidden>
  -------------------------------------------------------------------
                         slack                                  0.077    <hidden>

Slack (MET) :             0.081ns  (arrival time - required time)
  Source:                 memreg_reg[1]/C
                            (rising edge-triggered cell FDRE clocked by clk  {rise@0.000ns fall@1.500ns period=3.000ns})
  Destination:            alu_in_reg[frac][3]/D
                            (rising edge-triggered cell FDRE clocked by clk  {rise@0.000ns fall@1.500ns period=3.000ns})
  Path Group:             clk
  Path Type:              Hold (Min at Fast Process Corner)
  Requirement:            0.000ns  (clk rise@0.000ns - clk rise@0.000ns)
  Data Path Delay:        0.176ns  (logic 0.039ns (22.181%)  route 0.137ns (77.819%))
  Logic Levels:           0  
  Clock Path Skew:        0.049ns (DCD - SCD - CPR)
    Destination Clock Delay (DCD):    2.089ns
    Source Clock Delay      (SCD):    1.716ns
    Clock Pessimism Removal (CPR):    0.324ns
  Clock Net Delay (Source):      0.793ns (routing 0.339ns, distribution 0.454ns)
  Clock Net Delay (Destination): 0.898ns (routing 0.373ns, distribution 0.525ns)

    Location             Delay type                Incr(ns)  Path(ns)    Netlist Resource(s)
  -------------------------------------------------------------------    -------------------
                         (clock clk rise edge)        0.000     0.000 r  <hidden>
    E14                                               0.000     0.000 r  clk
                         net (fo=0)                   0.000     0.000    clk_IBUF_inst/I
    E14                  INBUF (Prop_INBUF_HDIOB_M_PAD_O)
                                                      0.815     0.815 r  clk_IBUF_inst/INBUF_INST/O
                         net (fo=1, routed)           0.000     0.815    clk_IBUF_inst/OUT
    E14                  IBUFCTRL (Prop_IBUFCTRL_HDIOB_M_I_O)
                                                      0.000     0.815 r  clk_IBUF_inst/IBUFCTRL_INST/O
                         net (fo=1, routed)           0.091     0.906    clk_IBUF
    BUFGCE_HDIO_X1Y4     BUFGCE (Prop_BUFCE_BUFGCE_HDIO_I_O)
                                                      0.017     0.923 r  clk_IBUF_BUFG_inst/O
    X1Y2 (CLOCK_ROOT)    net (fo=39, routed)          0.793     1.716    clk_IBUF_BUFG
    SLICE_X49Y143        FDRE                                         r  memreg_reg[1]/C
  -------------------------------------------------------------------    -------------------
    SLICE_X49Y143        FDRE (Prop_EFF2_SLICEM_C_Q)
                                                      0.039     1.755 r  memreg_reg[1]/Q
                         net (fo=11, routed)          0.137     1.892    p_7_in
    SLICE_X48Y144        FDRE                                         r  alu_in_reg[frac][3]/D
  -------------------------------------------------------------------    -------------------

                         (clock clk rise edge)        0.000     0.000 r  <hidden>
    E14                                               0.000     0.000 r  clk
                         net (fo=0)                   0.000     0.000    clk_IBUF_inst/I
    E14                  INBUF (Prop_INBUF_HDIOB_M_PAD_O)
                                                      1.059     1.059 r  clk_IBUF_inst/INBUF_INST/O
                         net (fo=1, routed)           0.000     1.059    clk_IBUF_inst/OUT
    E14                  IBUFCTRL (Prop_IBUFCTRL_HDIOB_M_I_O)
                                                      0.000     1.059 r  clk_IBUF_inst/IBUFCTRL_INST/O
                         net (fo=1, routed)           0.113     1.172    clk_IBUF
    BUFGCE_HDIO_X1Y4     BUFGCE (Prop_BUFCE_BUFGCE_HDIO_I_O)
                                                      0.019     1.191 r  clk_IBUF_BUFG_inst/O
    X1Y2 (CLOCK_ROOT)    net (fo=39, routed)          0.898     2.089    clk_IBUF_BUFG
    SLICE_X48Y144        FDRE                                         r  alu_in_reg[frac][3]/C
                         clock pessimism             -0.324     1.765    <hidden>
    SLICE_X48Y144        FDRE (Hold_AFF_SLICEL_C_D)
                                                      0.046     1.811    alu_in_reg[frac][3]
  -------------------------------------------------------------------
                         required time                         -1.811    <hidden>
                         arrival time                           1.892    <hidden>
  -------------------------------------------------------------------
                         slack                                  0.081    <hidden>

Slack (MET) :             0.083ns  (arrival time - required time)
  Source:                 memreg_reg[8]/C
                            (rising edge-triggered cell FDRE clocked by clk  {rise@0.000ns fall@1.500ns period=3.000ns})
  Destination:            alu_in_reg[frac][11]/D
                            (rising edge-triggered cell FDRE clocked by clk  {rise@0.000ns fall@1.500ns period=3.000ns})
  Path Group:             clk
  Path Type:              Hold (Min at Fast Process Corner)
  Requirement:            0.000ns  (clk rise@0.000ns - clk rise@0.000ns)
  Data Path Delay:        0.148ns  (logic 0.081ns (54.580%)  route 0.067ns (45.420%))
  Logic Levels:           1  (LUT4=1)
  Clock Path Skew:        0.018ns (DCD - SCD - CPR)
    Destination Clock Delay (DCD):    2.082ns
    Source Clock Delay      (SCD):    1.711ns
    Clock Pessimism Removal (CPR):    0.353ns
  Clock Net Delay (Source):      0.788ns (routing 0.339ns, distribution 0.449ns)
  Clock Net Delay (Destination): 0.891ns (routing 0.373ns, distribution 0.518ns)

    Location             Delay type                Incr(ns)  Path(ns)    Netlist Resource(s)
  -------------------------------------------------------------------    -------------------
                         (clock clk rise edge)        0.000     0.000 r  <hidden>
    E14                                               0.000     0.000 r  clk
                         net (fo=0)                   0.000     0.000    clk_IBUF_inst/I
    E14                  INBUF (Prop_INBUF_HDIOB_M_PAD_O)
                                                      0.815     0.815 r  clk_IBUF_inst/INBUF_INST/O
                         net (fo=1, routed)           0.000     0.815    clk_IBUF_inst/OUT
    E14                  IBUFCTRL (Prop_IBUFCTRL_HDIOB_M_I_O)
                                                      0.000     0.815 r  clk_IBUF_inst/IBUFCTRL_INST/O
                         net (fo=1, routed)           0.091     0.906    clk_IBUF
    BUFGCE_HDIO_X1Y4     BUFGCE (Prop_BUFCE_BUFGCE_HDIO_I_O)
                                                      0.017     0.923 r  clk_IBUF_BUFG_inst/O
    X1Y2 (CLOCK_ROOT)    net (fo=39, routed)          0.788     1.711    clk_IBUF_BUFG
    SLICE_X48Y141        FDRE                                         r  memreg_reg[8]/C
  -------------------------------------------------------------------    -------------------
    SLICE_X48Y141        FDRE (Prop_EFF2_SLICEL_C_Q)
                                                      0.040     1.751 f  memreg_reg[8]/Q
                         net (fo=8, routed)           0.053     1.805    memreg_reg_n_0_[8]
    SLICE_X48Y142        LUT4 (Prop_D6LUT_SLICEL_I3_O)
                                                      0.041     1.846 r  alu_in[frac][11]_i_2/O
                         net (fo=1, routed)           0.014     1.860    alu_in[frac][11]_i_2_n_0
    SLICE_X48Y142        FDRE                                         r  alu_in_reg[frac][11]/D
  -------------------------------------------------------------------    -------------------

                         (clock clk rise edge)        0.000     0.000 r  <hidden>
    E14                                               0.000     0.000 r  clk
                         net (fo=0)                   0.000     0.000    clk_IBUF_inst/I
    E14                  INBUF (Prop_INBUF_HDIOB_M_PAD_O)
                                                      1.059     1.059 r  clk_IBUF_inst/INBUF_INST/O
                         net (fo=1, routed)           0.000     1.059    clk_IBUF_inst/OUT
    E14                  IBUFCTRL (Prop_IBUFCTRL_HDIOB_M_I_O)
                                                      0.000     1.059 r  clk_IBUF_inst/IBUFCTRL_INST/O
                         net (fo=1, routed)           0.113     1.172    clk_IBUF
    BUFGCE_HDIO_X1Y4     BUFGCE (Prop_BUFCE_BUFGCE_HDIO_I_O)
                                                      0.019     1.191 r  clk_IBUF_BUFG_inst/O
    X1Y2 (CLOCK_ROOT)    net (fo=39, routed)          0.891     2.082    clk_IBUF_BUFG
    SLICE_X48Y142        FDRE                                         r  alu_in_reg[frac][11]/C
                         clock pessimism             -0.353     1.729    <hidden>
    SLICE_X48Y142        FDRE (Hold_DFF2_SLICEL_C_D)
                                                      0.047     1.776    alu_in_reg[frac][11]
  -------------------------------------------------------------------
                         required time                         -1.776    <hidden>
                         arrival time                           1.860    <hidden>
  -------------------------------------------------------------------
                         slack                                  0.083    <hidden>

Slack (MET) :             0.083ns  (arrival time - required time)
  Source:                 memreg_reg[14]/C
                            (rising edge-triggered cell FDRE clocked by clk  {rise@0.000ns fall@1.500ns period=3.000ns})
  Destination:            alu_in_reg[znan]/D
                            (rising edge-triggered cell FDRE clocked by clk  {rise@0.000ns fall@1.500ns period=3.000ns})
  Path Group:             clk
  Path Type:              Hold (Min at Fast Process Corner)
  Requirement:            0.000ns  (clk rise@0.000ns - clk rise@0.000ns)
  Data Path Delay:        0.135ns  (logic 0.074ns (54.623%)  route 0.061ns (45.377%))
  Logic Levels:           1  (LUT6=1)
  Clock Path Skew:        0.006ns (DCD - SCD - CPR)
    Destination Clock Delay (DCD):    2.089ns
    Source Clock Delay      (SCD):    1.717ns
    Clock Pessimism Removal (CPR):    0.367ns
  Clock Net Delay (Source):      0.794ns (routing 0.339ns, distribution 0.455ns)
  Clock Net Delay (Destination): 0.898ns (routing 0.373ns, distribution 0.525ns)

    Location             Delay type                Incr(ns)  Path(ns)    Netlist Resource(s)
  -------------------------------------------------------------------    -------------------
                         (clock clk rise edge)        0.000     0.000 r  <hidden>
    E14                                               0.000     0.000 r  clk
                         net (fo=0)                   0.000     0.000    clk_IBUF_inst/I
    E14                  INBUF (Prop_INBUF_HDIOB_M_PAD_O)
                                                      0.815     0.815 r  clk_IBUF_inst/INBUF_INST/O
                         net (fo=1, routed)           0.000     0.815    clk_IBUF_inst/OUT
    E14                  IBUFCTRL (Prop_IBUFCTRL_HDIOB_M_I_O)
                                                      0.000     0.815 r  clk_IBUF_inst/IBUFCTRL_INST/O
                         net (fo=1, routed)           0.091     0.906    clk_IBUF
    BUFGCE_HDIO_X1Y4     BUFGCE (Prop_BUFCE_BUFGCE_HDIO_I_O)
                                                      0.017     0.923 r  clk_IBUF_BUFG_inst/O
    X1Y2 (CLOCK_ROOT)    net (fo=39, routed)          0.794     1.717    clk_IBUF_BUFG
    SLICE_X49Y142        FDRE                                         r  memreg_reg[14]/C
  -------------------------------------------------------------------    -------------------
    SLICE_X49Y142        FDRE (Prop_HFF_SLICEM_C_Q)
                                                      0.039     1.756 r  memreg_reg[14]/Q
                         net (fo=11, routed)          0.037     1.793    memreg_reg_n_0_[14]
    SLICE_X49Y142        LUT6 (Prop_F6LUT_SLICEM_I3_O)
                                                      0.035     1.828 r  alu_in[znan]_i_1/O
                         net (fo=1, routed)           0.024     1.852    alu_temp[znan]
    SLICE_X49Y142        FDRE                                         r  alu_in_reg[znan]/D
  -------------------------------------------------------------------    -------------------

                         (clock clk rise edge)        0.000     0.000 r  <hidden>
    E14                                               0.000     0.000 r  clk
                         net (fo=0)                   0.000     0.000    clk_IBUF_inst/I
    E14                  INBUF (Prop_INBUF_HDIOB_M_PAD_O)
                                                      1.059     1.059 r  clk_IBUF_inst/INBUF_INST/O
                         net (fo=1, routed)           0.000     1.059    clk_IBUF_inst/OUT
    E14                  IBUFCTRL (Prop_IBUFCTRL_HDIOB_M_I_O)
                                                      0.000     1.059 r  clk_IBUF_inst/IBUFCTRL_INST/O
                         net (fo=1, routed)           0.113     1.172    clk_IBUF
    BUFGCE_HDIO_X1Y4     BUFGCE (Prop_BUFCE_BUFGCE_HDIO_I_O)
                                                      0.019     1.191 r  clk_IBUF_BUFG_inst/O
    X1Y2 (CLOCK_ROOT)    net (fo=39, routed)          0.898     2.089    clk_IBUF_BUFG
    SLICE_X49Y142        FDRE                                         r  alu_in_reg[znan]/C
                         clock pessimism             -0.367     1.723    <hidden>
    SLICE_X49Y142        FDRE (Hold_FFF_SLICEM_C_D)
                                                      0.046     1.769    alu_in_reg[znan]
  -------------------------------------------------------------------
                         required time                         -1.769    <hidden>
                         arrival time                           1.852    <hidden>
  -------------------------------------------------------------------
                         slack                                  0.083    <hidden>

Slack (MET) :             0.088ns  (arrival time - required time)
  Source:                 memreg_reg[15]/C
                            (rising edge-triggered cell FDRE clocked by clk  {rise@0.000ns fall@1.500ns period=3.000ns})
  Destination:            alu_in_reg[sign]/D
                            (rising edge-triggered cell FDRE clocked by clk  {rise@0.000ns fall@1.500ns period=3.000ns})
  Path Group:             clk
  Path Type:              Hold (Min at Fast Process Corner)
  Requirement:            0.000ns  (clk rise@0.000ns - clk rise@0.000ns)
  Data Path Delay:        0.140ns  (logic 0.039ns (27.857%)  route 0.101ns (72.143%))
  Logic Levels:           0  
  Clock Path Skew:        0.006ns (DCD - SCD - CPR)
    Destination Clock Delay (DCD):    2.089ns
    Source Clock Delay      (SCD):    1.717ns
    Clock Pessimism Removal (CPR):    0.367ns
  Clock Net Delay (Source):      0.794ns (routing 0.339ns, distribution 0.455ns)
  Clock Net Delay (Destination): 0.898ns (routing 0.373ns, distribution 0.525ns)

    Location             Delay type                Incr(ns)  Path(ns)    Netlist Resource(s)
  -------------------------------------------------------------------    -------------------
                         (clock clk rise edge)        0.000     0.000 r  <hidden>
    E14                                               0.000     0.000 r  clk
                         net (fo=0)                   0.000     0.000    clk_IBUF_inst/I
    E14                  INBUF (Prop_INBUF_HDIOB_M_PAD_O)
                                                      0.815     0.815 r  clk_IBUF_inst/INBUF_INST/O
                         net (fo=1, routed)           0.000     0.815    clk_IBUF_inst/OUT
    E14                  IBUFCTRL (Prop_IBUFCTRL_HDIOB_M_I_O)
                                                      0.000     0.815 r  clk_IBUF_inst/IBUFCTRL_INST/O
                         net (fo=1, routed)           0.091     0.906    clk_IBUF
    BUFGCE_HDIO_X1Y4     BUFGCE (Prop_BUFCE_BUFGCE_HDIO_I_O)
                                                      0.017     0.923 r  clk_IBUF_BUFG_inst/O
    X1Y2 (CLOCK_ROOT)    net (fo=39, routed)          0.794     1.717    clk_IBUF_BUFG
    SLICE_X49Y142        FDRE                                         r  memreg_reg[15]/C
  -------------------------------------------------------------------    -------------------
    SLICE_X49Y142        FDRE (Prop_HFF2_SLICEM_C_Q)
                                                      0.039     1.756 r  memreg_reg[15]/Q
                         net (fo=1, routed)           0.101     1.857    mem_sign
    SLICE_X49Y142        FDRE                                         r  alu_in_reg[sign]/D
  -------------------------------------------------------------------    -------------------

                         (clock clk rise edge)        0.000     0.000 r  <hidden>
    E14                                               0.000     0.000 r  clk
                         net (fo=0)                   0.000     0.000    clk_IBUF_inst/I
    E14                  INBUF (Prop_INBUF_HDIOB_M_PAD_O)
                                                      1.059     1.059 r  clk_IBUF_inst/INBUF_INST/O
                         net (fo=1, routed)           0.000     1.059    clk_IBUF_inst/OUT
    E14                  IBUFCTRL (Prop_IBUFCTRL_HDIOB_M_I_O)
                                                      0.000     1.059 r  clk_IBUF_inst/IBUFCTRL_INST/O
                         net (fo=1, routed)           0.113     1.172    clk_IBUF
    BUFGCE_HDIO_X1Y4     BUFGCE (Prop_BUFCE_BUFGCE_HDIO_I_O)
                                                      0.019     1.191 r  clk_IBUF_BUFG_inst/O
    X1Y2 (CLOCK_ROOT)    net (fo=39, routed)          0.898     2.089    clk_IBUF_BUFG
    SLICE_X49Y142        FDRE                                         r  alu_in_reg[sign]/C
                         clock pessimism             -0.367     1.723    <hidden>
    SLICE_X49Y142        FDRE (Hold_EFF_SLICEM_C_D)
                                                      0.046     1.769    alu_in_reg[sign]
  -------------------------------------------------------------------
                         required time                         -1.769    <hidden>
                         arrival time                           1.857    <hidden>
  -------------------------------------------------------------------
                         slack                                  0.088    <hidden>

Slack (MET) :             0.090ns  (arrival time - required time)
  Source:                 memreg_reg[6]/C
                            (rising edge-triggered cell FDRE clocked by clk  {rise@0.000ns fall@1.500ns period=3.000ns})
  Destination:            alu_in_reg[frac][8]/D
                            (rising edge-triggered cell FDRE clocked by clk  {rise@0.000ns fall@1.500ns period=3.000ns})
  Path Group:             clk
  Path Type:              Hold (Min at Slow Process Corner)
  Requirement:            0.000ns  (clk rise@0.000ns - clk rise@0.000ns)
  Data Path Delay:        0.256ns  (logic 0.058ns (22.623%)  route 0.198ns (77.377%))
  Logic Levels:           0  
  Clock Path Skew:        0.106ns (DCD - SCD - CPR)
    Destination Clock Delay (DCD):    2.931ns
    Source Clock Delay      (SCD):    2.271ns
    Clock Pessimism Removal (CPR):    0.554ns
  Clock Net Delay (Source):      1.263ns (routing 0.570ns, distribution 0.693ns)
  Clock Net Delay (Destination): 1.461ns (routing 0.623ns, distribution 0.838ns)

    Location             Delay type                Incr(ns)  Path(ns)    Netlist Resource(s)
  -------------------------------------------------------------------    -------------------
                         (clock clk rise edge)        0.000     0.000 r  <hidden>
    E14                                               0.000     0.000 r  clk
                         net (fo=0)                   0.000     0.000    clk_IBUF_inst/I
    E14                  INBUF (Prop_INBUF_HDIOB_M_PAD_O)
                                                      0.815     0.815 r  clk_IBUF_inst/INBUF_INST/O
                         net (fo=1, routed)           0.000     0.815    clk_IBUF_inst/OUT
    E14                  IBUFCTRL (Prop_IBUFCTRL_HDIOB_M_I_O)
                                                      0.000     0.815 r  clk_IBUF_inst/IBUFCTRL_INST/O
                         net (fo=1, routed)           0.169     0.984    clk_IBUF
    BUFGCE_HDIO_X1Y4     BUFGCE (Prop_BUFCE_BUFGCE_HDIO_I_O)
                                                      0.024     1.008 r  clk_IBUF_BUFG_inst/O
    X1Y2 (CLOCK_ROOT)    net (fo=39, routed)          1.263     2.271    clk_IBUF_BUFG
    SLICE_X49Y142        FDRE                                         r  memreg_reg[6]/C
  -------------------------------------------------------------------    -------------------
    SLICE_X49Y142        FDRE (Prop_AFF_SLICEM_C_Q)
                                                      0.058     2.329 r  memreg_reg[6]/Q
                         net (fo=9, routed)           0.198     2.527    p_2_in
    SLICE_X47Y143        FDRE                                         r  alu_in_reg[frac][8]/D
  -------------------------------------------------------------------    -------------------

                         (clock clk rise edge)        0.000     0.000 r  <hidden>
    E14                                               0.000     0.000 r  clk
                         net (fo=0)                   0.000     0.000    clk_IBUF_inst/I
    E14                  INBUF (Prop_INBUF_HDIOB_M_PAD_O)
                                                      1.238     1.238 r  clk_IBUF_inst/INBUF_INST/O
                         net (fo=1, routed)           0.000     1.238    clk_IBUF_inst/OUT
    E14                  IBUFCTRL (Prop_IBUFCTRL_HDIOB_M_I_O)
                                                      0.000     1.238 r  clk_IBUF_inst/IBUFCTRL_INST/O
                         net (fo=1, routed)           0.204     1.442    clk_IBUF
    BUFGCE_HDIO_X1Y4     BUFGCE (Prop_BUFCE_BUFGCE_HDIO_I_O)
                                                      0.028     1.470 r  clk_IBUF_BUFG_inst/O
    X1Y2 (CLOCK_ROOT)    net (fo=39, routed)          1.461     2.931    clk_IBUF_BUFG
    SLICE_X47Y143        FDRE                                         r  alu_in_reg[frac][8]/C
                         clock pessimism             -0.554     2.377    <hidden>
    SLICE_X47Y143        FDRE (Hold_EFF_SLICEM_C_D)
                                                      0.060     2.437    alu_in_reg[frac][8]
  -------------------------------------------------------------------
                         required time                         -2.437    <hidden>
                         arrival time                           2.527    <hidden>
  -------------------------------------------------------------------
                         slack                                  0.090    <hidden>

Slack (MET) :             0.094ns  (arrival time - required time)
  Source:                 memreg_reg[7]/C
                            (rising edge-triggered cell FDRE clocked by clk  {rise@0.000ns fall@1.500ns period=3.000ns})
  Destination:            alu_in_reg[frac][9]/D
                            (rising edge-triggered cell FDRE clocked by clk  {rise@0.000ns fall@1.500ns period=3.000ns})
  Path Group:             clk
  Path Type:              Hold (Min at Fast Process Corner)
  Requirement:            0.000ns  (clk rise@0.000ns - clk rise@0.000ns)
  Data Path Delay:        0.172ns  (logic 0.039ns (22.723%)  route 0.133ns (77.277%))
  Logic Levels:           0  
  Clock Path Skew:        0.032ns (DCD - SCD - CPR)
    Destination Clock Delay (DCD):    2.096ns
    Source Clock Delay      (SCD):    1.711ns
    Clock Pessimism Removal (CPR):    0.353ns
  Clock Net Delay (Source):      0.788ns (routing 0.339ns, distribution 0.449ns)
  Clock Net Delay (Destination): 0.905ns (routing 0.373ns, distribution 0.532ns)

    Location             Delay type                Incr(ns)  Path(ns)    Netlist Resource(s)
  -------------------------------------------------------------------    -------------------
                         (clock clk rise edge)        0.000     0.000 r  <hidden>
    E14                                               0.000     0.000 r  clk
                         net (fo=0)                   0.000     0.000    clk_IBUF_inst/I
    E14                  INBUF (Prop_INBUF_HDIOB_M_PAD_O)
                                                      0.815     0.815 r  clk_IBUF_inst/INBUF_INST/O
                         net (fo=1, routed)           0.000     0.815    clk_IBUF_inst/OUT
    E14                  IBUFCTRL (Prop_IBUFCTRL_HDIOB_M_I_O)
                                                      0.000     0.815 r  clk_IBUF_inst/IBUFCTRL_INST/O
                         net (fo=1, routed)           0.091     0.906    clk_IBUF
    BUFGCE_HDIO_X1Y4     BUFGCE (Prop_BUFCE_BUFGCE_HDIO_I_O)
                                                      0.017     0.923 r  clk_IBUF_BUFG_inst/O
    X1Y2 (CLOCK_ROOT)    net (fo=39, routed)          0.788     1.711    clk_IBUF_BUFG
    SLICE_X48Y141        FDRE                                         r  memreg_reg[7]/C
  -------------------------------------------------------------------    -------------------
    SLICE_X48Y141        FDRE (Prop_EFF_SLICEL_C_Q)
                                                      0.039     1.750 r  memreg_reg[7]/Q
                         net (fo=7, routed)           0.133     1.883    p_1_in
    SLICE_X47Y144        FDRE                                         r  alu_in_reg[frac][9]/D
  -------------------------------------------------------------------    -------------------

                         (clock clk rise edge)        0.000     0.000 r  <hidden>
    E14                                               0.000     0.000 r  clk
                         net (fo=0)                   0.000     0.000    clk_IBUF_inst/I
    E14                  INBUF (Prop_INBUF_HDIOB_M_PAD_O)
                                                      1.059     1.059 r  clk_IBUF_inst/INBUF_INST/O
                         net (fo=1, routed)           0.000     1.059    clk_IBUF_inst/OUT
    E14                  IBUFCTRL (Prop_IBUFCTRL_HDIOB_M_I_O)
                                                      0.000     1.059 r  clk_IBUF_inst/IBUFCTRL_INST/O
                         net (fo=1, routed)           0.113     1.172    clk_IBUF
    BUFGCE_HDIO_X1Y4     BUFGCE (Prop_BUFCE_BUFGCE_HDIO_I_O)
                                                      0.019     1.191 r  clk_IBUF_BUFG_inst/O
    X1Y2 (CLOCK_ROOT)    net (fo=39, routed)          0.905     2.096    clk_IBUF_BUFG
    SLICE_X47Y144        FDRE                                         r  alu_in_reg[frac][9]/C
                         clock pessimism             -0.353     1.743    <hidden>
    SLICE_X47Y144        FDRE (Hold_EFF_SLICEM_C_D)
                                                      0.046     1.789    alu_in_reg[frac][9]
  -------------------------------------------------------------------
                         required time                         -1.789    <hidden>
                         arrival time                           1.883    <hidden>
  -------------------------------------------------------------------
                         slack                                  0.094    <hidden>

Slack (MET) :             0.104ns  (arrival time - required time)
  Source:                 memreg_reg[5]/C
                            (rising edge-triggered cell FDRE clocked by clk  {rise@0.000ns fall@1.500ns period=3.000ns})
  Destination:            alu_in_reg[frac][7]/D
                            (rising edge-triggered cell FDRE clocked by clk  {rise@0.000ns fall@1.500ns period=3.000ns})
  Path Group:             clk
  Path Type:              Hold (Min at Fast Process Corner)
  Requirement:            0.000ns  (clk rise@0.000ns - clk rise@0.000ns)
  Data Path Delay:        0.173ns  (logic 0.039ns (22.554%)  route 0.134ns (77.446%))
  Logic Levels:           0  
  Clock Path Skew:        0.023ns (DCD - SCD - CPR)
    Destination Clock Delay (DCD):    2.097ns
    Source Clock Delay      (SCD):    1.721ns
    Clock Pessimism Removal (CPR):    0.352ns
  Clock Net Delay (Source):      0.798ns (routing 0.339ns, distribution 0.459ns)
  Clock Net Delay (Destination): 0.906ns (routing 0.373ns, distribution 0.533ns)

    Location             Delay type                Incr(ns)  Path(ns)    Netlist Resource(s)
  -------------------------------------------------------------------    -------------------
                         (clock clk rise edge)        0.000     0.000 r  <hidden>
    E14                                               0.000     0.000 r  clk
                         net (fo=0)                   0.000     0.000    clk_IBUF_inst/I
    E14                  INBUF (Prop_INBUF_HDIOB_M_PAD_O)
                                                      0.815     0.815 r  clk_IBUF_inst/INBUF_INST/O
                         net (fo=1, routed)           0.000     0.815    clk_IBUF_inst/OUT
    E14                  IBUFCTRL (Prop_IBUFCTRL_HDIOB_M_I_O)
                                                      0.000     0.815 r  clk_IBUF_inst/IBUFCTRL_INST/O
                         net (fo=1, routed)           0.091     0.906    clk_IBUF
    BUFGCE_HDIO_X1Y4     BUFGCE (Prop_BUFCE_BUFGCE_HDIO_I_O)
                                                      0.017     0.923 r  clk_IBUF_BUFG_inst/O
    X1Y2 (CLOCK_ROOT)    net (fo=39, routed)          0.798     1.721    clk_IBUF_BUFG
    SLICE_X48Y143        FDRE                                         r  memreg_reg[5]/C
  -------------------------------------------------------------------    -------------------
    SLICE_X48Y143        FDRE (Prop_EFF_SLICEL_C_Q)
                                                      0.039     1.760 r  memreg_reg[5]/Q
                         net (fo=10, routed)          0.134     1.894    p_3_in
    SLICE_X47Y144        FDRE                                         r  alu_in_reg[frac][7]/D
  -------------------------------------------------------------------    -------------------

                         (clock clk rise edge)        0.000     0.000 r  <hidden>
    E14                                               0.000     0.000 r  clk
                         net (fo=0)                   0.000     0.000    clk_IBUF_inst/I
    E14                  INBUF (Prop_INBUF_HDIOB_M_PAD_O)
                                                      1.059     1.059 r  clk_IBUF_inst/INBUF_INST/O
                         net (fo=1, routed)           0.000     1.059    clk_IBUF_inst/OUT
    E14                  IBUFCTRL (Prop_IBUFCTRL_HDIOB_M_I_O)
                                                      0.000     1.059 r  clk_IBUF_inst/IBUFCTRL_INST/O
                         net (fo=1, routed)           0.113     1.172    clk_IBUF
    BUFGCE_HDIO_X1Y4     BUFGCE (Prop_BUFCE_BUFGCE_HDIO_I_O)
                                                      0.019     1.191 r  clk_IBUF_BUFG_inst/O
    X1Y2 (CLOCK_ROOT)    net (fo=39, routed)          0.906     2.097    clk_IBUF_BUFG
    SLICE_X47Y144        FDRE                                         r  alu_in_reg[frac][7]/C
                         clock pessimism             -0.352     1.744    <hidden>
    SLICE_X47Y144        FDRE (Hold_AFF_SLICEM_C_D)
                                                      0.046     1.790    alu_in_reg[frac][7]
  -------------------------------------------------------------------
                         required time                         -1.790    <hidden>
                         arrival time                           1.894    <hidden>
  -------------------------------------------------------------------
                         slack                                  0.104    <hidden>





Pulse Width Checks
--------------------------------------------------------------------------------------
Clock Name:         clk
Waveform(ns):       { 0.000 1.500 }
Period(ns):         3.000
Sources:            { clk }

Check Type        Corner  Lib Pin   Reference Pin  Required(ns)  Actual(ns)  Slack(ns)  Location          Pin
Min Period        n/a     BUFGCE/I  n/a            1.290         3.000       1.710      BUFGCE_HDIO_X1Y4  clk_IBUF_BUFG_inst/I
Min Period        n/a     FDRE/C    n/a            0.550         3.000       2.450      SLICE_X49Y143     alu_in_reg[expon][0]/C
Min Period        n/a     FDRE/C    n/a            0.550         3.000       2.450      SLICE_X49Y144     alu_in_reg[expon][1]/C
Min Period        n/a     FDRE/C    n/a            0.550         3.000       2.450      SLICE_X49Y143     alu_in_reg[expon][2]/C
Min Period        n/a     FDRE/C    n/a            0.550         3.000       2.450      SLICE_X49Y144     alu_in_reg[expon][3]/C
Min Period        n/a     FDRE/C    n/a            0.550         3.000       2.450      SLICE_X49Y145     alu_in_reg[expon][4]/C
Min Period        n/a     FDRE/C    n/a            0.550         3.000       2.450      SLICE_X49Y146     alu_in_reg[expon][8]/C
Min Period        n/a     FDRE/C    n/a            0.550         3.000       2.450      SLICE_X49Y146     alu_in_reg[expon][9]/C
Min Period        n/a     FDRE/C    n/a            0.550         3.000       2.450      SLICE_X49Y146     alu_in_reg[expon][9]_lopt_replica/C
Min Period        n/a     FDRE/C    n/a            0.550         3.000       2.450      SLICE_X49Y146     alu_in_reg[expon][9]_lopt_replica_2/C
Low Pulse Width   Slow    FDRE/C    n/a            0.275         1.500       1.225      SLICE_X49Y143     alu_in_reg[expon][0]/C
Low Pulse Width   Fast    FDRE/C    n/a            0.275         1.500       1.225      SLICE_X49Y143     alu_in_reg[expon][0]/C
Low Pulse Width   Slow    FDRE/C    n/a            0.275         1.500       1.225      SLICE_X49Y144     alu_in_reg[expon][1]/C
Low Pulse Width   Fast    FDRE/C    n/a            0.275         1.500       1.225      SLICE_X49Y144     alu_in_reg[expon][1]/C
Low Pulse Width   Slow    FDRE/C    n/a            0.275         1.500       1.225      SLICE_X49Y143     alu_in_reg[expon][2]/C
Low Pulse Width   Fast    FDRE/C    n/a            0.275         1.500       1.225      SLICE_X49Y143     alu_in_reg[expon][2]/C
Low Pulse Width   Slow    FDRE/C    n/a            0.275         1.500       1.225      SLICE_X49Y144     alu_in_reg[expon][3]/C
Low Pulse Width   Fast    FDRE/C    n/a            0.275         1.500       1.225      SLICE_X49Y144     alu_in_reg[expon][3]/C
Low Pulse Width   Slow    FDRE/C    n/a            0.275         1.500       1.225      SLICE_X49Y145     alu_in_reg[expon][4]/C
Low Pulse Width   Fast    FDRE/C    n/a            0.275         1.500       1.225      SLICE_X49Y145     alu_in_reg[expon][4]/C
High Pulse Width  Slow    FDRE/C    n/a            0.275         1.500       1.225      SLICE_X49Y143     alu_in_reg[expon][0]/C
High Pulse Width  Fast    FDRE/C    n/a            0.275         1.500       1.225      SLICE_X49Y143     alu_in_reg[expon][0]/C
High Pulse Width  Slow    FDRE/C    n/a            0.275         1.500       1.225      SLICE_X49Y144     alu_in_reg[expon][1]/C
High Pulse Width  Fast    FDRE/C    n/a            0.275         1.500       1.225      SLICE_X49Y144     alu_in_reg[expon][1]/C
High Pulse Width  Slow    FDRE/C    n/a            0.275         1.500       1.225      SLICE_X49Y143     alu_in_reg[expon][2]/C
High Pulse Width  Fast    FDRE/C    n/a            0.275         1.500       1.225      SLICE_X49Y143     alu_in_reg[expon][2]/C
High Pulse Width  Slow    FDRE/C    n/a            0.275         1.500       1.225      SLICE_X49Y144     alu_in_reg[expon][3]/C
High Pulse Width  Fast    FDRE/C    n/a            0.275         1.500       1.225      SLICE_X49Y144     alu_in_reg[expon][3]/C
High Pulse Width  Slow    FDRE/C    n/a            0.275         1.500       1.225      SLICE_X49Y145     alu_in_reg[expon][4]/C
High Pulse Width  Fast    FDRE/C    n/a            0.275         1.500       1.225      SLICE_X49Y145     alu_in_reg[expon][4]/C



--------------------------------------------------------------------------------------
Path Group:  (none)
From Clock:  clk
  To Clock:  

Max Delay            23 Endpoints
Min Delay            23 Endpoints
--------------------------------------------------------------------------------------


Max Delay Paths
--------------------------------------------------------------------------------------
Slack:                    inf
  Source:                 alu_in_reg[frac][2]/C
                            (rising edge-triggered cell FDRE clocked by clk  {rise@0.000ns fall@1.500ns period=3.000ns})
  Destination:            alu_in[frac][2]
                            (output port)
  Path Group:             (none)
  Path Type:              Max at Slow Process Corner
  Data Path Delay:        2.325ns  (logic 0.949ns (40.829%)  route 1.376ns (59.171%))
  Logic Levels:           1  (OBUF=1)
  Clock Uncertainty:      0.025ns  ((TSJ^2 + TIJ^2)^1/2 + DJ) / 2 + PE
    Total System Jitter     (TSJ):    0.050ns
    Total Input Jitter      (TIJ):    0.000ns
    Discrete Jitter          (DJ):    0.000ns
    Phase Error              (PE):    0.000ns
  Clock Net Delay (Source):      1.454ns (routing 0.623ns, distribution 0.831ns)

    Location             Delay type                Incr(ns)  Path(ns)    Netlist Resource(s)
  -------------------------------------------------------------------    -------------------
                         (clock clk rise edge)        0.000     0.000 r  <hidden>
    E14                                               0.000     0.000 r  clk
                         net (fo=0)                   0.000     0.000    clk_IBUF_inst/I
    E14                  INBUF (Prop_INBUF_HDIOB_M_PAD_O)
                                                      1.238     1.238 r  clk_IBUF_inst/INBUF_INST/O
                         net (fo=1, routed)           0.000     1.238    clk_IBUF_inst/OUT
    E14                  IBUFCTRL (Prop_IBUFCTRL_HDIOB_M_I_O)
                                                      0.000     1.238 r  clk_IBUF_inst/IBUFCTRL_INST/O
                         net (fo=1, routed)           0.204     1.442    clk_IBUF
    BUFGCE_HDIO_X1Y4     BUFGCE (Prop_BUFCE_BUFGCE_HDIO_I_O)
                                                      0.028     1.470 r  clk_IBUF_BUFG_inst/O
    X1Y2 (CLOCK_ROOT)    net (fo=39, routed)          1.454     2.924    clk_IBUF_BUFG
    SLICE_X48Y144        FDRE                                         r  alu_in_reg[frac][2]/C
  -------------------------------------------------------------------    -------------------
    SLICE_X48Y144        FDRE (Prop_HFF2_SLICEL_C_Q)
                                                      0.080     3.004 r  alu_in_reg[frac][2]/Q
                         net (fo=1, routed)           1.376     4.380    alu_in[frac]_OBUF[2]
    E7                   OBUF (Prop_OUTBUF_HPIOB_M_I_O)
                                                      0.869     5.250 r  alu_in[frac][2]_INST_0/O
                         net (fo=0)                   0.000     5.250    alu_in[frac][2]
    E7                                                                r  alu_in[frac][2]
  -------------------------------------------------------------------    -------------------

Slack:                    inf
  Source:                 alu_in_reg[frac][3]/C
                            (rising edge-triggered cell FDRE clocked by clk  {rise@0.000ns fall@1.500ns period=3.000ns})
  Destination:            alu_in[frac][3]
                            (output port)
  Path Group:             (none)
  Path Type:              Max at Slow Process Corner
  Data Path Delay:        2.309ns  (logic 0.947ns (41.025%)  route 1.362ns (58.975%))
  Logic Levels:           1  (OBUF=1)
  Clock Uncertainty:      0.025ns  ((TSJ^2 + TIJ^2)^1/2 + DJ) / 2 + PE
    Total System Jitter     (TSJ):    0.050ns
    Total Input Jitter      (TIJ):    0.000ns
    Discrete Jitter          (DJ):    0.000ns
    Phase Error              (PE):    0.000ns
  Clock Net Delay (Source):      1.449ns (routing 0.623ns, distribution 0.826ns)

    Location             Delay type                Incr(ns)  Path(ns)    Netlist Resource(s)
  -------------------------------------------------------------------    -------------------
                         (clock clk rise edge)        0.000     0.000 r  <hidden>
    E14                                               0.000     0.000 r  clk
                         net (fo=0)                   0.000     0.000    clk_IBUF_inst/I
    E14                  INBUF (Prop_INBUF_HDIOB_M_PAD_O)
                                                      1.238     1.238 r  clk_IBUF_inst/INBUF_INST/O
                         net (fo=1, routed)           0.000     1.238    clk_IBUF_inst/OUT
    E14                  IBUFCTRL (Prop_IBUFCTRL_HDIOB_M_I_O)
                                                      0.000     1.238 r  clk_IBUF_inst/IBUFCTRL_INST/O
                         net (fo=1, routed)           0.204     1.442    clk_IBUF
    BUFGCE_HDIO_X1Y4     BUFGCE (Prop_BUFCE_BUFGCE_HDIO_I_O)
                                                      0.028     1.470 r  clk_IBUF_BUFG_inst/O
    X1Y2 (CLOCK_ROOT)    net (fo=39, routed)          1.449     2.919    clk_IBUF_BUFG
    SLICE_X48Y144        FDRE                                         r  alu_in_reg[frac][3]/C
  -------------------------------------------------------------------    -------------------
    SLICE_X48Y144        FDRE (Prop_AFF_SLICEL_C_Q)
                                                      0.079     2.998 r  alu_in_reg[frac][3]/Q
                         net (fo=1, routed)           1.362     4.360    alu_in[frac]_OBUF[3]
    D6                   OBUF (Prop_OUTBUF_HPIOB_S_I_O)
                                                      0.868     5.229 r  alu_in[frac][3]_INST_0/O
                         net (fo=0)                   0.000     5.229    alu_in[frac][3]
    D6                                                                r  alu_in[frac][3]
  -------------------------------------------------------------------    -------------------

Slack:                    inf
  Source:                 alu_in_reg[frac][8]/C
                            (rising edge-triggered cell FDRE clocked by clk  {rise@0.000ns fall@1.500ns period=3.000ns})
  Destination:            alu_in[frac][8]
                            (output port)
  Path Group:             (none)
  Path Type:              Max at Slow Process Corner
  Data Path Delay:        2.265ns  (logic 0.963ns (42.523%)  route 1.302ns (57.477%))
  Logic Levels:           1  (OBUF=1)
  Clock Uncertainty:      0.025ns  ((TSJ^2 + TIJ^2)^1/2 + DJ) / 2 + PE
    Total System Jitter     (TSJ):    0.050ns
    Total Input Jitter      (TIJ):    0.000ns
    Discrete Jitter          (DJ):    0.000ns
    Phase Error              (PE):    0.000ns
  Clock Net Delay (Source):      1.461ns (routing 0.623ns, distribution 0.838ns)

    Location             Delay type                Incr(ns)  Path(ns)    Netlist Resource(s)
  -------------------------------------------------------------------    -------------------
                         (clock clk rise edge)        0.000     0.000 r  <hidden>
    E14                                               0.000     0.000 r  clk
                         net (fo=0)                   0.000     0.000    clk_IBUF_inst/I
    E14                  INBUF (Prop_INBUF_HDIOB_M_PAD_O)
                                                      1.238     1.238 r  clk_IBUF_inst/INBUF_INST/O
                         net (fo=1, routed)           0.000     1.238    clk_IBUF_inst/OUT
    E14                  IBUFCTRL (Prop_IBUFCTRL_HDIOB_M_I_O)
                                                      0.000     1.238 r  clk_IBUF_inst/IBUFCTRL_INST/O
                         net (fo=1, routed)           0.204     1.442    clk_IBUF
    BUFGCE_HDIO_X1Y4     BUFGCE (Prop_BUFCE_BUFGCE_HDIO_I_O)
                                                      0.028     1.470 r  clk_IBUF_BUFG_inst/O
    X1Y2 (CLOCK_ROOT)    net (fo=39, routed)          1.461     2.931    clk_IBUF_BUFG
    SLICE_X47Y143        FDRE                                         r  alu_in_reg[frac][8]/C
  -------------------------------------------------------------------    -------------------
    SLICE_X47Y143        FDRE (Prop_EFF_SLICEM_C_Q)
                                                      0.076     3.007 r  alu_in_reg[frac][8]/Q
                         net (fo=1, routed)           1.302     4.309    alu_in[frac]_OBUF[8]
    B6                   OBUF (Prop_OUTBUF_HPIOB_M_I_O)
                                                      0.887     5.196 r  alu_in[frac][8]_INST_0/O
                         net (fo=0)                   0.000     5.196    alu_in[frac][8]
    B6                                                                r  alu_in[frac][8]
  -------------------------------------------------------------------    -------------------

Slack:                    inf
  Source:                 alu_in_reg[frac][9]/C
                            (rising edge-triggered cell FDRE clocked by clk  {rise@0.000ns fall@1.500ns period=3.000ns})
  Destination:            alu_in[frac][9]
                            (output port)
  Path Group:             (none)
  Path Type:              Max at Slow Process Corner
  Data Path Delay:        2.249ns  (logic 0.959ns (42.643%)  route 1.290ns (57.356%))
  Logic Levels:           1  (OBUF=1)
  Clock Uncertainty:      0.025ns  ((TSJ^2 + TIJ^2)^1/2 + DJ) / 2 + PE
    Total System Jitter     (TSJ):    0.050ns
    Total Input Jitter      (TIJ):    0.000ns
    Discrete Jitter          (DJ):    0.000ns
    Phase Error              (PE):    0.000ns
  Clock Net Delay (Source):      1.459ns (routing 0.623ns, distribution 0.836ns)

    Location             Delay type                Incr(ns)  Path(ns)    Netlist Resource(s)
  -------------------------------------------------------------------    -------------------
                         (clock clk rise edge)        0.000     0.000 r  <hidden>
    E14                                               0.000     0.000 r  clk
                         net (fo=0)                   0.000     0.000    clk_IBUF_inst/I
    E14                  INBUF (Prop_INBUF_HDIOB_M_PAD_O)
                                                      1.238     1.238 r  clk_IBUF_inst/INBUF_INST/O
                         net (fo=1, routed)           0.000     1.238    clk_IBUF_inst/OUT
    E14                  IBUFCTRL (Prop_IBUFCTRL_HDIOB_M_I_O)
                                                      0.000     1.238 r  clk_IBUF_inst/IBUFCTRL_INST/O
                         net (fo=1, routed)           0.204     1.442    clk_IBUF
    BUFGCE_HDIO_X1Y4     BUFGCE (Prop_BUFCE_BUFGCE_HDIO_I_O)
                                                      0.028     1.470 r  clk_IBUF_BUFG_inst/O
    X1Y2 (CLOCK_ROOT)    net (fo=39, routed)          1.459     2.929    clk_IBUF_BUFG
    SLICE_X47Y144        FDRE                                         r  alu_in_reg[frac][9]/C
  -------------------------------------------------------------------    -------------------
    SLICE_X47Y144        FDRE (Prop_EFF_SLICEM_C_Q)
                                                      0.076     3.005 r  alu_in_reg[frac][9]/Q
                         net (fo=1, routed)           1.290     4.295    alu_in[frac]_OBUF[9]
    B5                   OBUF (Prop_OUTBUF_HPIOB_S_I_O)
                                                      0.883     5.178 r  alu_in[frac][9]_INST_0/O
                         net (fo=0)                   0.000     5.178    alu_in[frac][9]
    B5                                                                r  alu_in[frac][9]
  -------------------------------------------------------------------    -------------------

Slack:                    inf
  Source:                 alu_in_reg[frac][5]/C
                            (rising edge-triggered cell FDRE clocked by clk  {rise@0.000ns fall@1.500ns period=3.000ns})
  Destination:            alu_in[frac][5]
                            (output port)
  Path Group:             (none)
  Path Type:              Max at Slow Process Corner
  Data Path Delay:        2.248ns  (logic 0.959ns (42.650%)  route 1.289ns (57.350%))
  Logic Levels:           1  (OBUF=1)
  Clock Uncertainty:      0.025ns  ((TSJ^2 + TIJ^2)^1/2 + DJ) / 2 + PE
    Total System Jitter     (TSJ):    0.050ns
    Total Input Jitter      (TIJ):    0.000ns
    Discrete Jitter          (DJ):    0.000ns
    Phase Error              (PE):    0.000ns
  Clock Net Delay (Source):      1.451ns (routing 0.623ns, distribution 0.828ns)

    Location             Delay type                Incr(ns)  Path(ns)    Netlist Resource(s)
  -------------------------------------------------------------------    -------------------
                         (clock clk rise edge)        0.000     0.000 r  <hidden>
    E14                                               0.000     0.000 r  clk
                         net (fo=0)                   0.000     0.000    clk_IBUF_inst/I
    E14                  INBUF (Prop_INBUF_HDIOB_M_PAD_O)
                                                      1.238     1.238 r  clk_IBUF_inst/INBUF_INST/O
                         net (fo=1, routed)           0.000     1.238    clk_IBUF_inst/OUT
    E14                  IBUFCTRL (Prop_IBUFCTRL_HDIOB_M_I_O)
                                                      0.000     1.238 r  clk_IBUF_inst/IBUFCTRL_INST/O
                         net (fo=1, routed)           0.204     1.442    clk_IBUF
    BUFGCE_HDIO_X1Y4     BUFGCE (Prop_BUFCE_BUFGCE_HDIO_I_O)
                                                      0.028     1.470 r  clk_IBUF_BUFG_inst/O
    X1Y2 (CLOCK_ROOT)    net (fo=39, routed)          1.451     2.921    clk_IBUF_BUFG
    SLICE_X48Y143        FDRE                                         r  alu_in_reg[frac][5]/C
  -------------------------------------------------------------------    -------------------
    SLICE_X48Y143        FDRE (Prop_AFF_SLICEL_C_Q)
                                                      0.079     3.000 r  alu_in_reg[frac][5]/Q
                         net (fo=1, routed)           1.289     4.289    alu_in[frac]_OBUF[5]
    C6                   OBUF (Prop_OUTBUF_HPIOB_S_I_O)
                                                      0.880     5.169 r  alu_in[frac][5]_INST_0/O
                         net (fo=0)                   0.000     5.169    alu_in[frac][5]
    C6                                                                r  alu_in[frac][5]
  -------------------------------------------------------------------    -------------------

Slack:                    inf
  Source:                 alu_in_reg[frac][10]/C
                            (rising edge-triggered cell FDRE clocked by clk  {rise@0.000ns fall@1.500ns period=3.000ns})
  Destination:            alu_in[frac][10]
                            (output port)
  Path Group:             (none)
  Path Type:              Max at Slow Process Corner
  Data Path Delay:        2.257ns  (logic 0.969ns (42.940%)  route 1.288ns (57.060%))
  Logic Levels:           1  (OBUF=1)
  Clock Uncertainty:      0.025ns  ((TSJ^2 + TIJ^2)^1/2 + DJ) / 2 + PE
    Total System Jitter     (TSJ):    0.050ns
    Total Input Jitter      (TIJ):    0.000ns
    Discrete Jitter          (DJ):    0.000ns
    Phase Error              (PE):    0.000ns
  Clock Net Delay (Source):      1.434ns (routing 0.623ns, distribution 0.811ns)

    Location             Delay type                Incr(ns)  Path(ns)    Netlist Resource(s)
  -------------------------------------------------------------------    -------------------
                         (clock clk rise edge)        0.000     0.000 r  <hidden>
    E14                                               0.000     0.000 r  clk
                         net (fo=0)                   0.000     0.000    clk_IBUF_inst/I
    E14                  INBUF (Prop_INBUF_HDIOB_M_PAD_O)
                                                      1.238     1.238 r  clk_IBUF_inst/INBUF_INST/O
                         net (fo=1, routed)           0.000     1.238    clk_IBUF_inst/OUT
    E14                  IBUFCTRL (Prop_IBUFCTRL_HDIOB_M_I_O)
                                                      0.000     1.238 r  clk_IBUF_inst/IBUFCTRL_INST/O
                         net (fo=1, routed)           0.204     1.442    clk_IBUF
    BUFGCE_HDIO_X1Y4     BUFGCE (Prop_BUFCE_BUFGCE_HDIO_I_O)
                                                      0.028     1.470 r  clk_IBUF_BUFG_inst/O
    X1Y2 (CLOCK_ROOT)    net (fo=39, routed)          1.434     2.904    clk_IBUF_BUFG
    SLICE_X48Y142        FDRE                                         r  alu_in_reg[frac][10]/C
  -------------------------------------------------------------------    -------------------
    SLICE_X48Y142        FDRE (Prop_EFF_SLICEL_C_Q)
                                                      0.079     2.983 r  alu_in_reg[frac][10]/Q
                         net (fo=1, routed)           1.288     4.271    alu_in[frac]_OBUF[10]
    A6                   OBUF (Prop_OUTBUF_HPIOB_M_I_O)
                                                      0.890     5.162 r  alu_in[frac][10]_INST_0/O
                         net (fo=0)                   0.000     5.162    alu_in[frac][10]
    A6                                                                r  alu_in[frac][10]
  -------------------------------------------------------------------    -------------------

Slack:                    inf
  Source:                 alu_in_reg[frac][6]/C
                            (rising edge-triggered cell FDRE clocked by clk  {rise@0.000ns fall@1.500ns period=3.000ns})
  Destination:            alu_in[frac][6]
                            (output port)
  Path Group:             (none)
  Path Type:              Max at Slow Process Corner
  Data Path Delay:        2.190ns  (logic 0.944ns (43.115%)  route 1.246ns (56.885%))
  Logic Levels:           1  (OBUF=1)
  Clock Uncertainty:      0.025ns  ((TSJ^2 + TIJ^2)^1/2 + DJ) / 2 + PE
    Total System Jitter     (TSJ):    0.050ns
    Total Input Jitter      (TIJ):    0.000ns
    Discrete Jitter          (DJ):    0.000ns
    Phase Error              (PE):    0.000ns
  Clock Net Delay (Source):      1.462ns (routing 0.623ns, distribution 0.839ns)

    Location             Delay type                Incr(ns)  Path(ns)    Netlist Resource(s)
  -------------------------------------------------------------------    -------------------
                         (clock clk rise edge)        0.000     0.000 r  <hidden>
    E14                                               0.000     0.000 r  clk
                         net (fo=0)                   0.000     0.000    clk_IBUF_inst/I
    E14                  INBUF (Prop_INBUF_HDIOB_M_PAD_O)
                                                      1.238     1.238 r  clk_IBUF_inst/INBUF_INST/O
                         net (fo=1, routed)           0.000     1.238    clk_IBUF_inst/OUT
    E14                  IBUFCTRL (Prop_IBUFCTRL_HDIOB_M_I_O)
                                                      0.000     1.238 r  clk_IBUF_inst/IBUFCTRL_INST/O
                         net (fo=1, routed)           0.204     1.442    clk_IBUF
    BUFGCE_HDIO_X1Y4     BUFGCE (Prop_BUFCE_BUFGCE_HDIO_I_O)
                                                      0.028     1.470 r  clk_IBUF_BUFG_inst/O
    X1Y2 (CLOCK_ROOT)    net (fo=39, routed)          1.462     2.932    clk_IBUF_BUFG
    SLICE_X47Y143        FDRE                                         r  alu_in_reg[frac][6]/C
  -------------------------------------------------------------------    -------------------
    SLICE_X47Y143        FDRE (Prop_AFF_SLICEM_C_Q)
                                                      0.077     3.009 r  alu_in_reg[frac][6]/Q
                         net (fo=1, routed)           1.246     4.255    alu_in[frac]_OBUF[6]
    E5                   OBUF (Prop_OUTBUF_HPIOB_M_I_O)
                                                      0.867     5.123 r  alu_in[frac][6]_INST_0/O
                         net (fo=0)                   0.000     5.123    alu_in[frac][6]
    E5                                                                r  alu_in[frac][6]
  -------------------------------------------------------------------    -------------------

Slack:                    inf
  Source:                 alu_in_reg[frac][7]/C
                            (rising edge-triggered cell FDRE clocked by clk  {rise@0.000ns fall@1.500ns period=3.000ns})
  Destination:            alu_in[frac][7]
                            (output port)
  Path Group:             (none)
  Path Type:              Max at Slow Process Corner
  Data Path Delay:        2.185ns  (logic 0.943ns (43.158%)  route 1.242ns (56.842%))
  Logic Levels:           1  (OBUF=1)
  Clock Uncertainty:      0.025ns  ((TSJ^2 + TIJ^2)^1/2 + DJ) / 2 + PE
    Total System Jitter     (TSJ):    0.050ns
    Total Input Jitter      (TIJ):    0.000ns
    Discrete Jitter          (DJ):    0.000ns
    Phase Error              (PE):    0.000ns
  Clock Net Delay (Source):      1.460ns (routing 0.623ns, distribution 0.837ns)

    Location             Delay type                Incr(ns)  Path(ns)    Netlist Resource(s)
  -------------------------------------------------------------------    -------------------
                         (clock clk rise edge)        0.000     0.000 r  <hidden>
    E14                                               0.000     0.000 r  clk
                         net (fo=0)                   0.000     0.000    clk_IBUF_inst/I
    E14                  INBUF (Prop_INBUF_HDIOB_M_PAD_O)
                                                      1.238     1.238 r  clk_IBUF_inst/INBUF_INST/O
                         net (fo=1, routed)           0.000     1.238    clk_IBUF_inst/OUT
    E14                  IBUFCTRL (Prop_IBUFCTRL_HDIOB_M_I_O)
                                                      0.000     1.238 r  clk_IBUF_inst/IBUFCTRL_INST/O
                         net (fo=1, routed)           0.204     1.442    clk_IBUF
    BUFGCE_HDIO_X1Y4     BUFGCE (Prop_BUFCE_BUFGCE_HDIO_I_O)
                                                      0.028     1.470 r  clk_IBUF_BUFG_inst/O
    X1Y2 (CLOCK_ROOT)    net (fo=39, routed)          1.460     2.930    clk_IBUF_BUFG
    SLICE_X47Y144        FDRE                                         r  alu_in_reg[frac][7]/C
  -------------------------------------------------------------------    -------------------
    SLICE_X47Y144        FDRE (Prop_AFF_SLICEM_C_Q)
                                                      0.077     3.007 r  alu_in_reg[frac][7]/Q
                         net (fo=1, routed)           1.242     4.249    alu_in[frac]_OBUF[7]
    D4                   OBUF (Prop_OUTBUF_HPIOB_S_I_O)
                                                      0.866     5.115 r  alu_in[frac][7]_INST_0/O
                         net (fo=0)                   0.000     5.115    alu_in[frac][7]
    D4                                                                r  alu_in[frac][7]
  -------------------------------------------------------------------    -------------------

Slack:                    inf
  Source:                 alu_in_reg[frac][4]/C
                            (rising edge-triggered cell FDRE clocked by clk  {rise@0.000ns fall@1.500ns period=3.000ns})
  Destination:            alu_in[frac][4]
                            (output port)
  Path Group:             (none)
  Path Type:              Max at Slow Process Corner
  Data Path Delay:        2.196ns  (logic 0.958ns (43.635%)  route 1.238ns (56.365%))
  Logic Levels:           1  (OBUF=1)
  Clock Uncertainty:      0.025ns  ((TSJ^2 + TIJ^2)^1/2 + DJ) / 2 + PE
    Total System Jitter     (TSJ):    0.050ns
    Total Input Jitter      (TIJ):    0.000ns
    Discrete Jitter          (DJ):    0.000ns
    Phase Error              (PE):    0.000ns
  Clock Net Delay (Source):      1.425ns (routing 0.623ns, distribution 0.802ns)

    Location             Delay type                Incr(ns)  Path(ns)    Netlist Resource(s)
  -------------------------------------------------------------------    -------------------
                         (clock clk rise edge)        0.000     0.000 r  <hidden>
    E14                                               0.000     0.000 r  clk
                         net (fo=0)                   0.000     0.000    clk_IBUF_inst/I
    E14                  INBUF (Prop_INBUF_HDIOB_M_PAD_O)
                                                      1.238     1.238 r  clk_IBUF_inst/INBUF_INST/O
                         net (fo=1, routed)           0.000     1.238    clk_IBUF_inst/OUT
    E14                  IBUFCTRL (Prop_IBUFCTRL_HDIOB_M_I_O)
                                                      0.000     1.238 r  clk_IBUF_inst/IBUFCTRL_INST/O
                         net (fo=1, routed)           0.204     1.442    clk_IBUF
    BUFGCE_HDIO_X1Y4     BUFGCE (Prop_BUFCE_BUFGCE_HDIO_I_O)
                                                      0.028     1.470 r  clk_IBUF_BUFG_inst/O
    X1Y2 (CLOCK_ROOT)    net (fo=39, routed)          1.425     2.895    clk_IBUF_BUFG
    SLICE_X48Y145        FDRE                                         r  alu_in_reg[frac][4]/C
  -------------------------------------------------------------------    -------------------
    SLICE_X48Y145        FDRE (Prop_AFF_SLICEL_C_Q)
                                                      0.079     2.974 r  alu_in_reg[frac][4]/Q
                         net (fo=1, routed)           1.238     4.212    alu_in[frac]_OBUF[4]
    D7                   OBUF (Prop_OUTBUF_HPIOB_M_I_O)
                                                      0.879     5.092 r  alu_in[frac][4]_INST_0/O
                         net (fo=0)                   0.000     5.092    alu_in[frac][4]
    D7                                                                r  alu_in[frac][4]
  -------------------------------------------------------------------    -------------------

Slack:                    inf
  Source:                 alu_in_reg[expon][3]/C
                            (rising edge-triggered cell FDRE clocked by clk  {rise@0.000ns fall@1.500ns period=3.000ns})
  Destination:            alu_in[expon][3]
                            (output port)
  Path Group:             (none)
  Path Type:              Max at Slow Process Corner
  Data Path Delay:        2.180ns  (logic 0.932ns (42.743%)  route 1.248ns (57.257%))
  Logic Levels:           1  (OBUF=1)
  Clock Uncertainty:      0.025ns  ((TSJ^2 + TIJ^2)^1/2 + DJ) / 2 + PE
    Total System Jitter     (TSJ):    0.050ns
    Total Input Jitter      (TIJ):    0.000ns
    Discrete Jitter          (DJ):    0.000ns
    Phase Error              (PE):    0.000ns
  Clock Net Delay (Source):      1.438ns (routing 0.623ns, distribution 0.815ns)

    Location             Delay type                Incr(ns)  Path(ns)    Netlist Resource(s)
  -------------------------------------------------------------------    -------------------
                         (clock clk rise edge)        0.000     0.000 r  <hidden>
    E14                                               0.000     0.000 r  clk
                         net (fo=0)                   0.000     0.000    clk_IBUF_inst/I
    E14                  INBUF (Prop_INBUF_HDIOB_M_PAD_O)
                                                      1.238     1.238 r  clk_IBUF_inst/INBUF_INST/O
                         net (fo=1, routed)           0.000     1.238    clk_IBUF_inst/OUT
    E14                  IBUFCTRL (Prop_IBUFCTRL_HDIOB_M_I_O)
                                                      0.000     1.238 r  clk_IBUF_inst/IBUFCTRL_INST/O
                         net (fo=1, routed)           0.204     1.442    clk_IBUF
    BUFGCE_HDIO_X1Y4     BUFGCE (Prop_BUFCE_BUFGCE_HDIO_I_O)
                                                      0.028     1.470 r  clk_IBUF_BUFG_inst/O
    X1Y2 (CLOCK_ROOT)    net (fo=39, routed)          1.438     2.908    clk_IBUF_BUFG
    SLICE_X49Y144        FDRE                                         r  alu_in_reg[expon][3]/C
  -------------------------------------------------------------------    -------------------
    SLICE_X49Y144        FDRE (Prop_AFF2_SLICEM_C_Q)
                                                      0.080     2.988 r  alu_in_reg[expon][3]/Q
                         net (fo=1, routed)           1.248     4.236    alu_in[expon]_OBUF[3]
    J4                   OBUF (Prop_OUTBUF_HPIOB_M_I_O)
                                                      0.852     5.088 r  alu_in[expon][3]_INST_0/O
                         net (fo=0)                   0.000     5.088    alu_in[expon][3]
    J4                                                                r  alu_in[expon][3]
  -------------------------------------------------------------------    -------------------





Min Delay Paths
--------------------------------------------------------------------------------------
Slack:                    inf
  Source:                 alu_in_reg[expon][9]/C
                            (rising edge-triggered cell FDRE clocked by clk  {rise@0.000ns fall@1.500ns period=3.000ns})
  Destination:            alu_in[expon][9]
                            (output port)
  Path Group:             (none)
  Path Type:              Min at Fast Process Corner
  Data Path Delay:        0.856ns  (logic 0.400ns (46.706%)  route 0.456ns (53.293%))
  Logic Levels:           1  (OBUF=1)
  Clock Uncertainty:      0.025ns  ((TSJ^2 + TIJ^2)^1/2 + DJ) / 2 + PE
    Total System Jitter     (TSJ):    0.050ns
    Total Input Jitter      (TIJ):    0.000ns
    Discrete Jitter          (DJ):    0.000ns
    Phase Error              (PE):    0.000ns
  Clock Net Delay (Source):      0.792ns (routing 0.339ns, distribution 0.453ns)

    Location             Delay type                Incr(ns)  Path(ns)    Netlist Resource(s)
  -------------------------------------------------------------------    -------------------
                         (clock clk rise edge)        0.000     0.000 r  <hidden>
    E14                                               0.000     0.000 r  clk
                         net (fo=0)                   0.000     0.000    clk_IBUF_inst/I
    E14                  INBUF (Prop_INBUF_HDIOB_M_PAD_O)
                                                      0.815     0.815 r  clk_IBUF_inst/INBUF_INST/O
                         net (fo=1, routed)           0.000     0.815    clk_IBUF_inst/OUT
    E14                  IBUFCTRL (Prop_IBUFCTRL_HDIOB_M_I_O)
                                                      0.000     0.815 r  clk_IBUF_inst/IBUFCTRL_INST/O
                         net (fo=1, routed)           0.091     0.906    clk_IBUF
    BUFGCE_HDIO_X1Y4     BUFGCE (Prop_BUFCE_BUFGCE_HDIO_I_O)
                                                      0.017     0.923 r  clk_IBUF_BUFG_inst/O
    X1Y2 (CLOCK_ROOT)    net (fo=39, routed)          0.792     1.715    clk_IBUF_BUFG
    SLICE_X49Y146        FDRE                                         r  alu_in_reg[expon][9]/C
  -------------------------------------------------------------------    -------------------
    SLICE_X49Y146        FDRE (Prop_AFF_SLICEM_C_Q)
                                                      0.038     1.753 r  alu_in_reg[expon][9]/Q
                         net (fo=1, routed)           0.456     2.209    alu_in[expon]_OBUF[5]
    G6                   OBUF (Prop_OUTBUF_HPIOB_M_I_O)
                                                      0.362     2.570 r  alu_in[expon][9]_INST_0/O
                         net (fo=0)                   0.000     2.570    alu_in[expon][9]
    G6                                                                r  alu_in[expon][9]
  -------------------------------------------------------------------    -------------------

Slack:                    inf
  Source:                 alu_in_reg[znan]/C
                            (rising edge-triggered cell FDRE clocked by clk  {rise@0.000ns fall@1.500ns period=3.000ns})
  Destination:            alu_in[znan]
                            (output port)
  Path Group:             (none)
  Path Type:              Min at Fast Process Corner
  Data Path Delay:        0.865ns  (logic 0.412ns (47.645%)  route 0.453ns (52.355%))
  Logic Levels:           1  (OBUF=1)
  Clock Uncertainty:      0.025ns  ((TSJ^2 + TIJ^2)^1/2 + DJ) / 2 + PE
    Total System Jitter     (TSJ):    0.050ns
    Total Input Jitter      (TIJ):    0.000ns
    Discrete Jitter          (DJ):    0.000ns
    Phase Error              (PE):    0.000ns
  Clock Net Delay (Source):      0.794ns (routing 0.339ns, distribution 0.455ns)

    Location             Delay type                Incr(ns)  Path(ns)    Netlist Resource(s)
  -------------------------------------------------------------------    -------------------
                         (clock clk rise edge)        0.000     0.000 r  <hidden>
    E14                                               0.000     0.000 r  clk
                         net (fo=0)                   0.000     0.000    clk_IBUF_inst/I
    E14                  INBUF (Prop_INBUF_HDIOB_M_PAD_O)
                                                      0.815     0.815 r  clk_IBUF_inst/INBUF_INST/O
                         net (fo=1, routed)           0.000     0.815    clk_IBUF_inst/OUT
    E14                  IBUFCTRL (Prop_IBUFCTRL_HDIOB_M_I_O)
                                                      0.000     0.815 r  clk_IBUF_inst/IBUFCTRL_INST/O
                         net (fo=1, routed)           0.091     0.906    clk_IBUF
    BUFGCE_HDIO_X1Y4     BUFGCE (Prop_BUFCE_BUFGCE_HDIO_I_O)
                                                      0.017     0.923 r  clk_IBUF_BUFG_inst/O
    X1Y2 (CLOCK_ROOT)    net (fo=39, routed)          0.794     1.717    clk_IBUF_BUFG
    SLICE_X49Y142        FDRE                                         r  alu_in_reg[znan]/C
  -------------------------------------------------------------------    -------------------
    SLICE_X49Y142        FDRE (Prop_FFF_SLICEM_C_Q)
                                                      0.037     1.754 r  alu_in_reg[znan]/Q
                         net (fo=1, routed)           0.453     2.207    alu_in_reg[znan_n_0_]
    E4                   OBUF (Prop_OUTBUF_HPIOB_M_I_O)
                                                      0.375     2.582 r  alu_in[znan]_INST_0/O
                         net (fo=0)                   0.000     2.582    alu_in[znan]
    E4                                                                r  alu_in[znan]
  -------------------------------------------------------------------    -------------------

Slack:                    inf
  Source:                 alu_in_reg[expon][9]_lopt_replica/C
                            (rising edge-triggered cell FDRE clocked by clk  {rise@0.000ns fall@1.500ns period=3.000ns})
  Destination:            alu_in[expon][5]
                            (output port)
  Path Group:             (none)
  Path Type:              Min at Fast Process Corner
  Data Path Delay:        0.875ns  (logic 0.387ns (44.247%)  route 0.488ns (55.753%))
  Logic Levels:           1  (OBUF=1)
  Clock Uncertainty:      0.025ns  ((TSJ^2 + TIJ^2)^1/2 + DJ) / 2 + PE
    Total System Jitter     (TSJ):    0.050ns
    Total Input Jitter      (TIJ):    0.000ns
    Discrete Jitter          (DJ):    0.000ns
    Phase Error              (PE):    0.000ns
  Clock Net Delay (Source):      0.792ns (routing 0.339ns, distribution 0.453ns)

    Location             Delay type                Incr(ns)  Path(ns)    Netlist Resource(s)
  -------------------------------------------------------------------    -------------------
                         (clock clk rise edge)        0.000     0.000 r  <hidden>
    E14                                               0.000     0.000 r  clk
                         net (fo=0)                   0.000     0.000    clk_IBUF_inst/I
    E14                  INBUF (Prop_INBUF_HDIOB_M_PAD_O)
                                                      0.815     0.815 r  clk_IBUF_inst/INBUF_INST/O
                         net (fo=1, routed)           0.000     0.815    clk_IBUF_inst/OUT
    E14                  IBUFCTRL (Prop_IBUFCTRL_HDIOB_M_I_O)
                                                      0.000     0.815 r  clk_IBUF_inst/IBUFCTRL_INST/O
                         net (fo=1, routed)           0.091     0.906    clk_IBUF
    BUFGCE_HDIO_X1Y4     BUFGCE (Prop_BUFCE_BUFGCE_HDIO_I_O)
                                                      0.017     0.923 r  clk_IBUF_BUFG_inst/O
    X1Y2 (CLOCK_ROOT)    net (fo=39, routed)          0.792     1.715    clk_IBUF_BUFG
    SLICE_X49Y146        FDRE                                         r  alu_in_reg[expon][9]_lopt_replica/C
  -------------------------------------------------------------------    -------------------
    SLICE_X49Y146        FDRE (Prop_AFF2_SLICEM_C_Q)
                                                      0.039     1.754 r  alu_in_reg[expon][9]_lopt_replica/Q
                         net (fo=1, routed)           0.488     2.242    alu_in_reg[expon][9]_lopt_replica_1
    H7                   OBUF (Prop_OUTBUF_HPIOB_M_I_O)
                                                      0.348     2.590 r  alu_in[expon][5]_INST_0/O
                         net (fo=0)                   0.000     2.590    alu_in[expon][5]
    H7                                                                r  alu_in[expon][5]
  -------------------------------------------------------------------    -------------------

Slack:                    inf
  Source:                 alu_in_reg[expon][9]_lopt_replica_2/C
                            (rising edge-triggered cell FDRE clocked by clk  {rise@0.000ns fall@1.500ns period=3.000ns})
  Destination:            alu_in[expon][6]
                            (output port)
  Path Group:             (none)
  Path Type:              Min at Fast Process Corner
  Data Path Delay:        0.876ns  (logic 0.377ns (43.061%)  route 0.499ns (56.939%))
  Logic Levels:           1  (OBUF=1)
  Clock Uncertainty:      0.025ns  ((TSJ^2 + TIJ^2)^1/2 + DJ) / 2 + PE
    Total System Jitter     (TSJ):    0.050ns
    Total Input Jitter      (TIJ):    0.000ns
    Discrete Jitter          (DJ):    0.000ns
    Phase Error              (PE):    0.000ns
  Clock Net Delay (Source):      0.792ns (routing 0.339ns, distribution 0.453ns)

    Location             Delay type                Incr(ns)  Path(ns)    Netlist Resource(s)
  -------------------------------------------------------------------    -------------------
                         (clock clk rise edge)        0.000     0.000 r  <hidden>
    E14                                               0.000     0.000 r  clk
                         net (fo=0)                   0.000     0.000    clk_IBUF_inst/I
    E14                  INBUF (Prop_INBUF_HDIOB_M_PAD_O)
                                                      0.815     0.815 r  clk_IBUF_inst/INBUF_INST/O
                         net (fo=1, routed)           0.000     0.815    clk_IBUF_inst/OUT
    E14                  IBUFCTRL (Prop_IBUFCTRL_HDIOB_M_I_O)
                                                      0.000     0.815 r  clk_IBUF_inst/IBUFCTRL_INST/O
                         net (fo=1, routed)           0.091     0.906    clk_IBUF
    BUFGCE_HDIO_X1Y4     BUFGCE (Prop_BUFCE_BUFGCE_HDIO_I_O)
                                                      0.017     0.923 r  clk_IBUF_BUFG_inst/O
    X1Y2 (CLOCK_ROOT)    net (fo=39, routed)          0.792     1.715    clk_IBUF_BUFG
    SLICE_X49Y146        FDRE                                         r  alu_in_reg[expon][9]_lopt_replica_2/C
  -------------------------------------------------------------------    -------------------
    SLICE_X49Y146        FDRE (Prop_BFF_SLICEM_C_Q)
                                                      0.038     1.753 r  alu_in_reg[expon][9]_lopt_replica_2/Q
                         net (fo=1, routed)           0.499     2.252    alu_in_reg[expon][9]_lopt_replica_2_1
    H6                   OBUF (Prop_OUTBUF_HPIOB_S_I_O)
                                                      0.339     2.591 r  alu_in[expon][6]_INST_0/O
                         net (fo=0)                   0.000     2.591    alu_in[expon][6]
    H6                                                                r  alu_in[expon][6]
  -------------------------------------------------------------------    -------------------

Slack:                    inf
  Source:                 alu_in_reg[expon][9]_lopt_replica_3/C
                            (rising edge-triggered cell FDRE clocked by clk  {rise@0.000ns fall@1.500ns period=3.000ns})
  Destination:            alu_in[expon][7]
                            (output port)
  Path Group:             (none)
  Path Type:              Min at Fast Process Corner
  Data Path Delay:        0.883ns  (logic 0.397ns (44.969%)  route 0.486ns (55.031%))
  Logic Levels:           1  (OBUF=1)
  Clock Uncertainty:      0.025ns  ((TSJ^2 + TIJ^2)^1/2 + DJ) / 2 + PE
    Total System Jitter     (TSJ):    0.050ns
    Total Input Jitter      (TIJ):    0.000ns
    Discrete Jitter          (DJ):    0.000ns
    Phase Error              (PE):    0.000ns
  Clock Net Delay (Source):      0.792ns (routing 0.339ns, distribution 0.453ns)

    Location             Delay type                Incr(ns)  Path(ns)    Netlist Resource(s)
  -------------------------------------------------------------------    -------------------
                         (clock clk rise edge)        0.000     0.000 r  <hidden>
    E14                                               0.000     0.000 r  clk
                         net (fo=0)                   0.000     0.000    clk_IBUF_inst/I
    E14                  INBUF (Prop_INBUF_HDIOB_M_PAD_O)
                                                      0.815     0.815 r  clk_IBUF_inst/INBUF_INST/O
                         net (fo=1, routed)           0.000     0.815    clk_IBUF_inst/OUT
    E14                  IBUFCTRL (Prop_IBUFCTRL_HDIOB_M_I_O)
                                                      0.000     0.815 r  clk_IBUF_inst/IBUFCTRL_INST/O
                         net (fo=1, routed)           0.091     0.906    clk_IBUF
    BUFGCE_HDIO_X1Y4     BUFGCE (Prop_BUFCE_BUFGCE_HDIO_I_O)
                                                      0.017     0.923 r  clk_IBUF_BUFG_inst/O
    X1Y2 (CLOCK_ROOT)    net (fo=39, routed)          0.792     1.715    clk_IBUF_BUFG
    SLICE_X49Y146        FDRE                                         r  alu_in_reg[expon][9]_lopt_replica_3/C
  -------------------------------------------------------------------    -------------------
    SLICE_X49Y146        FDRE (Prop_BFF2_SLICEM_C_Q)
                                                      0.040     1.755 r  alu_in_reg[expon][9]_lopt_replica_3/Q
                         net (fo=1, routed)           0.486     2.241    alu_in_reg[expon][9]_lopt_replica_3_1
    G5                   OBUF (Prop_OUTBUF_HPIOB_M_I_O)
                                                      0.357     2.598 r  alu_in[expon][7]_INST_0/O
                         net (fo=0)                   0.000     2.598    alu_in[expon][7]
    G5                                                                r  alu_in[expon][7]
  -------------------------------------------------------------------    -------------------

Slack:                    inf
  Source:                 alu_in_reg[expon][4]/C
                            (rising edge-triggered cell FDRE clocked by clk  {rise@0.000ns fall@1.500ns period=3.000ns})
  Destination:            alu_in[expon][4]
                            (output port)
  Path Group:             (none)
  Path Type:              Min at Fast Process Corner
  Data Path Delay:        0.890ns  (logic 0.383ns (43.048%)  route 0.507ns (56.952%))
  Logic Levels:           1  (OBUF=1)
  Clock Uncertainty:      0.025ns  ((TSJ^2 + TIJ^2)^1/2 + DJ) / 2 + PE
    Total System Jitter     (TSJ):    0.050ns
    Total Input Jitter      (TIJ):    0.000ns
    Discrete Jitter          (DJ):    0.000ns
    Phase Error              (PE):    0.000ns
  Clock Net Delay (Source):      0.788ns (routing 0.339ns, distribution 0.449ns)

    Location             Delay type                Incr(ns)  Path(ns)    Netlist Resource(s)
  -------------------------------------------------------------------    -------------------
                         (clock clk rise edge)        0.000     0.000 r  <hidden>
    E14                                               0.000     0.000 r  clk
                         net (fo=0)                   0.000     0.000    clk_IBUF_inst/I
    E14                  INBUF (Prop_INBUF_HDIOB_M_PAD_O)
                                                      0.815     0.815 r  clk_IBUF_inst/INBUF_INST/O
                         net (fo=1, routed)           0.000     0.815    clk_IBUF_inst/OUT
    E14                  IBUFCTRL (Prop_IBUFCTRL_HDIOB_M_I_O)
                                                      0.000     0.815 r  clk_IBUF_inst/IBUFCTRL_INST/O
                         net (fo=1, routed)           0.091     0.906    clk_IBUF
    BUFGCE_HDIO_X1Y4     BUFGCE (Prop_BUFCE_BUFGCE_HDIO_I_O)
                                                      0.017     0.923 r  clk_IBUF_BUFG_inst/O
    X1Y2 (CLOCK_ROOT)    net (fo=39, routed)          0.788     1.711    clk_IBUF_BUFG
    SLICE_X49Y145        FDRE                                         r  alu_in_reg[expon][4]/C
  -------------------------------------------------------------------    -------------------
    SLICE_X49Y145        FDRE (Prop_EFF_SLICEM_C_Q)
                                                      0.038     1.749 r  alu_in_reg[expon][4]/Q
                         net (fo=1, routed)           0.507     2.256    alu_in[expon]_OBUF[4]
    H4                   OBUF (Prop_OUTBUF_HPIOB_S_I_O)
                                                      0.345     2.602 r  alu_in[expon][4]_INST_0/O
                         net (fo=0)                   0.000     2.602    alu_in[expon][4]
    H4                                                                r  alu_in[expon][4]
  -------------------------------------------------------------------    -------------------

Slack:                    inf
  Source:                 alu_in_reg[frac][12]/C
                            (rising edge-triggered cell FDSE clocked by clk  {rise@0.000ns fall@1.500ns period=3.000ns})
  Destination:            alu_in[frac][12]
                            (output port)
  Path Group:             (none)
  Path Type:              Min at Fast Process Corner
  Data Path Delay:        0.889ns  (logic 0.374ns (42.081%)  route 0.515ns (57.919%))
  Logic Levels:           1  (OBUF=1)
  Clock Uncertainty:      0.025ns  ((TSJ^2 + TIJ^2)^1/2 + DJ) / 2 + PE
    Total System Jitter     (TSJ):    0.050ns
    Total Input Jitter      (TIJ):    0.000ns
    Discrete Jitter          (DJ):    0.000ns
    Phase Error              (PE):    0.000ns
  Clock Net Delay (Source):      0.790ns (routing 0.339ns, distribution 0.451ns)

    Location             Delay type                Incr(ns)  Path(ns)    Netlist Resource(s)
  -------------------------------------------------------------------    -------------------
                         (clock clk rise edge)        0.000     0.000 r  <hidden>
    E14                                               0.000     0.000 r  clk
                         net (fo=0)                   0.000     0.000    clk_IBUF_inst/I
    E14                  INBUF (Prop_INBUF_HDIOB_M_PAD_O)
                                                      0.815     0.815 r  clk_IBUF_inst/INBUF_INST/O
                         net (fo=1, routed)           0.000     0.815    clk_IBUF_inst/OUT
    E14                  IBUFCTRL (Prop_IBUFCTRL_HDIOB_M_I_O)
                                                      0.000     0.815 r  clk_IBUF_inst/IBUFCTRL_INST/O
                         net (fo=1, routed)           0.091     0.906    clk_IBUF
    BUFGCE_HDIO_X1Y4     BUFGCE (Prop_BUFCE_BUFGCE_HDIO_I_O)
                                                      0.017     0.923 r  clk_IBUF_BUFG_inst/O
    X1Y2 (CLOCK_ROOT)    net (fo=39, routed)          0.790     1.713    clk_IBUF_BUFG
    SLICE_X48Y145        FDSE                                         r  alu_in_reg[frac][12]/C
  -------------------------------------------------------------------    -------------------
    SLICE_X48Y145        FDSE (Prop_HFF2_SLICEL_C_Q)
                                                      0.039     1.752 r  alu_in_reg[frac][12]/Q
                         net (fo=1, routed)           0.515     2.267    alu_in[frac]_OBUF[12]
    L5                   OBUF (Prop_OUTBUF_HPIOB_M_I_O)
                                                      0.335     2.602 r  alu_in[frac][12]_INST_0/O
                         net (fo=0)                   0.000     2.602    alu_in[frac][12]
    L5                                                                r  alu_in[frac][12]
  -------------------------------------------------------------------    -------------------

Slack:                    inf
  Source:                 alu_in_reg[expon][8]/C
                            (rising edge-triggered cell FDRE clocked by clk  {rise@0.000ns fall@1.500ns period=3.000ns})
  Destination:            alu_in[expon][8]
                            (output port)
  Path Group:             (none)
  Path Type:              Min at Fast Process Corner
  Data Path Delay:        0.894ns  (logic 0.394ns (44.086%)  route 0.500ns (55.914%))
  Logic Levels:           1  (OBUF=1)
  Clock Uncertainty:      0.025ns  ((TSJ^2 + TIJ^2)^1/2 + DJ) / 2 + PE
    Total System Jitter     (TSJ):    0.050ns
    Total Input Jitter      (TIJ):    0.000ns
    Discrete Jitter          (DJ):    0.000ns
    Phase Error              (PE):    0.000ns
  Clock Net Delay (Source):      0.791ns (routing 0.339ns, distribution 0.452ns)

    Location             Delay type                Incr(ns)  Path(ns)    Netlist Resource(s)
  -------------------------------------------------------------------    -------------------
                         (clock clk rise edge)        0.000     0.000 r  <hidden>
    E14                                               0.000     0.000 r  clk
                         net (fo=0)                   0.000     0.000    clk_IBUF_inst/I
    E14                  INBUF (Prop_INBUF_HDIOB_M_PAD_O)
                                                      0.815     0.815 r  clk_IBUF_inst/INBUF_INST/O
                         net (fo=1, routed)           0.000     0.815    clk_IBUF_inst/OUT
    E14                  IBUFCTRL (Prop_IBUFCTRL_HDIOB_M_I_O)
                                                      0.000     0.815 r  clk_IBUF_inst/IBUFCTRL_INST/O
                         net (fo=1, routed)           0.091     0.906    clk_IBUF
    BUFGCE_HDIO_X1Y4     BUFGCE (Prop_BUFCE_BUFGCE_HDIO_I_O)
                                                      0.017     0.923 r  clk_IBUF_BUFG_inst/O
    X1Y2 (CLOCK_ROOT)    net (fo=39, routed)          0.791     1.714    clk_IBUF_BUFG
    SLICE_X49Y146        FDRE                                         r  alu_in_reg[expon][8]/C
  -------------------------------------------------------------------    -------------------
    SLICE_X49Y146        FDRE (Prop_EFF_SLICEM_C_Q)
                                                      0.038     1.752 r  alu_in_reg[expon][8]/Q
                         net (fo=1, routed)           0.500     2.252    alu_in[expon]_OBUF[8]
    G4                   OBUF (Prop_OUTBUF_HPIOB_S_I_O)
                                                      0.356     2.608 r  alu_in[expon][8]_INST_0/O
                         net (fo=0)                   0.000     2.608    alu_in[expon][8]
    G4                                                                r  alu_in[expon][8]
  -------------------------------------------------------------------    -------------------

Slack:                    inf
  Source:                 alu_in_reg[expon][1]/C
                            (rising edge-triggered cell FDRE clocked by clk  {rise@0.000ns fall@1.500ns period=3.000ns})
  Destination:            alu_in[expon][1]
                            (output port)
  Path Group:             (none)
  Path Type:              Min at Fast Process Corner
  Data Path Delay:        0.895ns  (logic 0.397ns (44.337%)  route 0.498ns (55.663%))
  Logic Levels:           1  (OBUF=1)
  Clock Uncertainty:      0.025ns  ((TSJ^2 + TIJ^2)^1/2 + DJ) / 2 + PE
    Total System Jitter     (TSJ):    0.050ns
    Total Input Jitter      (TIJ):    0.000ns
    Discrete Jitter          (DJ):    0.000ns
    Phase Error              (PE):    0.000ns
  Clock Net Delay (Source):      0.793ns (routing 0.339ns, distribution 0.454ns)

    Location             Delay type                Incr(ns)  Path(ns)    Netlist Resource(s)
  -------------------------------------------------------------------    -------------------
                         (clock clk rise edge)        0.000     0.000 r  <hidden>
    E14                                               0.000     0.000 r  clk
                         net (fo=0)                   0.000     0.000    clk_IBUF_inst/I
    E14                  INBUF (Prop_INBUF_HDIOB_M_PAD_O)
                                                      0.815     0.815 r  clk_IBUF_inst/INBUF_INST/O
                         net (fo=1, routed)           0.000     0.815    clk_IBUF_inst/OUT
    E14                  IBUFCTRL (Prop_IBUFCTRL_HDIOB_M_I_O)
                                                      0.000     0.815 r  clk_IBUF_inst/IBUFCTRL_INST/O
                         net (fo=1, routed)           0.091     0.906    clk_IBUF
    BUFGCE_HDIO_X1Y4     BUFGCE (Prop_BUFCE_BUFGCE_HDIO_I_O)
                                                      0.017     0.923 r  clk_IBUF_BUFG_inst/O
    X1Y2 (CLOCK_ROOT)    net (fo=39, routed)          0.793     1.716    clk_IBUF_BUFG
    SLICE_X49Y144        FDRE                                         r  alu_in_reg[expon][1]/C
  -------------------------------------------------------------------    -------------------
    SLICE_X49Y144        FDRE (Prop_BFF2_SLICEM_C_Q)
                                                      0.040     1.756 r  alu_in_reg[expon][1]/Q
                         net (fo=1, routed)           0.498     2.254    alu_in[expon]_OBUF[1]
    L4                   OBUF (Prop_OUTBUF_HPIOB_M_I_O)
                                                      0.357     2.611 r  alu_in[expon][1]_INST_0/O
                         net (fo=0)                   0.000     2.611    alu_in[expon][1]
    L4                                                                r  alu_in[expon][1]
  -------------------------------------------------------------------    -------------------

Slack:                    inf
  Source:                 alu_in_reg[sign]/C
                            (rising edge-triggered cell FDRE clocked by clk  {rise@0.000ns fall@1.500ns period=3.000ns})
  Destination:            alu_in[sign]
                            (output port)
  Path Group:             (none)
  Path Type:              Min at Fast Process Corner
  Data Path Delay:        0.898ns  (logic 0.399ns (44.463%)  route 0.499ns (55.537%))
  Logic Levels:           1  (OBUF=1)
  Clock Uncertainty:      0.025ns  ((TSJ^2 + TIJ^2)^1/2 + DJ) / 2 + PE
    Total System Jitter     (TSJ):    0.050ns
    Total Input Jitter      (TIJ):    0.000ns
    Discrete Jitter          (DJ):    0.000ns
    Phase Error              (PE):    0.000ns
  Clock Net Delay (Source):      0.794ns (routing 0.339ns, distribution 0.455ns)

    Location             Delay type                Incr(ns)  Path(ns)    Netlist Resource(s)
  -------------------------------------------------------------------    -------------------
                         (clock clk rise edge)        0.000     0.000 r  <hidden>
    E14                                               0.000     0.000 r  clk
                         net (fo=0)                   0.000     0.000    clk_IBUF_inst/I
    E14                  INBUF (Prop_INBUF_HDIOB_M_PAD_O)
                                                      0.815     0.815 r  clk_IBUF_inst/INBUF_INST/O
                         net (fo=1, routed)           0.000     0.815    clk_IBUF_inst/OUT
    E14                  IBUFCTRL (Prop_IBUFCTRL_HDIOB_M_I_O)
                                                      0.000     0.815 r  clk_IBUF_inst/IBUFCTRL_INST/O
                         net (fo=1, routed)           0.091     0.906    clk_IBUF
    BUFGCE_HDIO_X1Y4     BUFGCE (Prop_BUFCE_BUFGCE_HDIO_I_O)
                                                      0.017     0.923 r  clk_IBUF_BUFG_inst/O
    X1Y2 (CLOCK_ROOT)    net (fo=39, routed)          0.794     1.717    clk_IBUF_BUFG
    SLICE_X49Y142        FDRE                                         r  alu_in_reg[sign]/C
  -------------------------------------------------------------------    -------------------
    SLICE_X49Y142        FDRE (Prop_EFF_SLICEM_C_Q)
                                                      0.038     1.755 r  alu_in_reg[sign]/Q
                         net (fo=1, routed)           0.499     2.254    alu_in_reg[sign_n_0_]
    F5                   OBUF (Prop_OUTBUF_HPIOB_S_I_O)
                                                      0.361     2.615 r  alu_in[sign]_INST_0/O
                         net (fo=0)                   0.000     2.615    alu_in[sign]
    F5                                                                r  alu_in[sign]
  -------------------------------------------------------------------    -------------------





--------------------------------------------------------------------------------------
Path Group:  (none)
From Clock:  
  To Clock:  clk

Max Delay            16 Endpoints
Min Delay            16 Endpoints
--------------------------------------------------------------------------------------


Max Delay Paths
--------------------------------------------------------------------------------------
Slack:                    inf
  Source:                 mem_out[13]
                            (input port)
  Destination:            memreg_reg[13]/D
                            (rising edge-triggered cell FDRE clocked by clk  {rise@0.000ns fall@1.500ns period=3.000ns})
  Path Group:             (none)
  Path Type:              Setup (Max at Slow Process Corner)
  Data Path Delay:        1.656ns  (logic 0.504ns (30.440%)  route 1.152ns (69.560%))
  Logic Levels:           2  (IBUFCTRL=1 INBUF=1)
  Clock Path Skew:        2.270ns (DCD - SCD + CPR)
    Destination Clock Delay (DCD):    2.270ns
    Source Clock Delay      (SCD):    0.000ns
    Clock Pessimism Removal (CPR):    0.000ns
  Clock Uncertainty:      0.025ns  ((TSJ^2 + TIJ^2)^1/2 + DJ) / 2 + PE
    Total System Jitter     (TSJ):    0.050ns
    Total Input Jitter      (TIJ):    0.000ns
    Discrete Jitter          (DJ):    0.000ns
    Phase Error              (PE):    0.000ns
  Clock Net Delay (Destination): 1.262ns (routing 0.570ns, distribution 0.692ns)

    Location             Delay type                Incr(ns)  Path(ns)    Netlist Resource(s)
  -------------------------------------------------------------------    -------------------
    J2                                                0.000     0.000 r  mem_out[13]
                         net (fo=0)                   0.000     0.000    mem_out_IBUF[13]_inst/I
    J2                   INBUF (Prop_INBUF_HPIOB_M_PAD_O)
                                                      0.504     0.504 r  mem_out_IBUF[13]_inst/INBUF_INST/O
                         net (fo=1, routed)           0.000     0.504    mem_out_IBUF[13]_inst/OUT
    J2                   IBUFCTRL (Prop_IBUFCTRL_HPIOB_M_I_O)
                                                      0.000     0.504 r  mem_out_IBUF[13]_inst/IBUFCTRL_INST/O
                         net (fo=1, routed)           1.152     1.656    mem_out_IBUF[13]
    SLICE_X49Y142        FDRE                                         r  memreg_reg[13]/D
  -------------------------------------------------------------------    -------------------

                         (clock clk rise edge)        0.000     0.000 r  <hidden>
    E14                                               0.000     0.000 r  clk
                         net (fo=0)                   0.000     0.000    clk_IBUF_inst/I
    E14                  INBUF (Prop_INBUF_HDIOB_M_PAD_O)
                                                      0.815     0.815 r  clk_IBUF_inst/INBUF_INST/O
                         net (fo=1, routed)           0.000     0.815    clk_IBUF_inst/OUT
    E14                  IBUFCTRL (Prop_IBUFCTRL_HDIOB_M_I_O)
                                                      0.000     0.815 r  clk_IBUF_inst/IBUFCTRL_INST/O
                         net (fo=1, routed)           0.169     0.984    clk_IBUF
    BUFGCE_HDIO_X1Y4     BUFGCE (Prop_BUFCE_BUFGCE_HDIO_I_O)
                                                      0.024     1.008 r  clk_IBUF_BUFG_inst/O
    X1Y2 (CLOCK_ROOT)    net (fo=39, routed)          1.262     2.270    clk_IBUF_BUFG
    SLICE_X49Y142        FDRE                                         r  memreg_reg[13]/C

Slack:                    inf
  Source:                 mem_out[15]
                            (input port)
  Destination:            memreg_reg[15]/D
                            (rising edge-triggered cell FDRE clocked by clk  {rise@0.000ns fall@1.500ns period=3.000ns})
  Path Group:             (none)
  Path Type:              Setup (Max at Slow Process Corner)
  Data Path Delay:        1.649ns  (logic 0.504ns (30.577%)  route 1.145ns (69.423%))
  Logic Levels:           2  (IBUFCTRL=1 INBUF=1)
  Clock Path Skew:        2.270ns (DCD - SCD + CPR)
    Destination Clock Delay (DCD):    2.270ns
    Source Clock Delay      (SCD):    0.000ns
    Clock Pessimism Removal (CPR):    0.000ns
  Clock Uncertainty:      0.025ns  ((TSJ^2 + TIJ^2)^1/2 + DJ) / 2 + PE
    Total System Jitter     (TSJ):    0.050ns
    Total Input Jitter      (TIJ):    0.000ns
    Discrete Jitter          (DJ):    0.000ns
    Phase Error              (PE):    0.000ns
  Clock Net Delay (Destination): 1.262ns (routing 0.570ns, distribution 0.692ns)

    Location             Delay type                Incr(ns)  Path(ns)    Netlist Resource(s)
  -------------------------------------------------------------------    -------------------
    H1                                                0.000     0.000 r  mem_out[15]
                         net (fo=0)                   0.000     0.000    mem_out_IBUF[15]_inst/I
    H1                   INBUF (Prop_INBUF_HPIOB_M_PAD_O)
                                                      0.504     0.504 r  mem_out_IBUF[15]_inst/INBUF_INST/O
                         net (fo=1, routed)           0.000     0.504    mem_out_IBUF[15]_inst/OUT
    H1                   IBUFCTRL (Prop_IBUFCTRL_HPIOB_M_I_O)
                                                      0.000     0.504 r  mem_out_IBUF[15]_inst/IBUFCTRL_INST/O
                         net (fo=1, routed)           1.145     1.649    mem_out_IBUF[15]
    SLICE_X49Y142        FDRE                                         r  memreg_reg[15]/D
  -------------------------------------------------------------------    -------------------

                         (clock clk rise edge)        0.000     0.000 r  <hidden>
    E14                                               0.000     0.000 r  clk
                         net (fo=0)                   0.000     0.000    clk_IBUF_inst/I
    E14                  INBUF (Prop_INBUF_HDIOB_M_PAD_O)
                                                      0.815     0.815 r  clk_IBUF_inst/INBUF_INST/O
                         net (fo=1, routed)           0.000     0.815    clk_IBUF_inst/OUT
    E14                  IBUFCTRL (Prop_IBUFCTRL_HDIOB_M_I_O)
                                                      0.000     0.815 r  clk_IBUF_inst/IBUFCTRL_INST/O
                         net (fo=1, routed)           0.169     0.984    clk_IBUF
    BUFGCE_HDIO_X1Y4     BUFGCE (Prop_BUFCE_BUFGCE_HDIO_I_O)
                                                      0.024     1.008 r  clk_IBUF_BUFG_inst/O
    X1Y2 (CLOCK_ROOT)    net (fo=39, routed)          1.262     2.270    clk_IBUF_BUFG
    SLICE_X49Y142        FDRE                                         r  memreg_reg[15]/C

Slack:                    inf
  Source:                 mem_out[6]
                            (input port)
  Destination:            memreg_reg[6]/D
                            (rising edge-triggered cell FDRE clocked by clk  {rise@0.000ns fall@1.500ns period=3.000ns})
  Path Group:             (none)
  Path Type:              Setup (Max at Slow Process Corner)
  Data Path Delay:        1.615ns  (logic 0.528ns (32.698%)  route 1.087ns (67.302%))
  Logic Levels:           2  (IBUFCTRL=1 INBUF=1)
  Clock Path Skew:        2.271ns (DCD - SCD + CPR)
    Destination Clock Delay (DCD):    2.271ns
    Source Clock Delay      (SCD):    0.000ns
    Clock Pessimism Removal (CPR):    0.000ns
  Clock Uncertainty:      0.025ns  ((TSJ^2 + TIJ^2)^1/2 + DJ) / 2 + PE
    Total System Jitter     (TSJ):    0.050ns
    Total Input Jitter      (TIJ):    0.000ns
    Discrete Jitter          (DJ):    0.000ns
    Phase Error              (PE):    0.000ns
  Clock Net Delay (Destination): 1.263ns (routing 0.570ns, distribution 0.693ns)

    Location             Delay type                Incr(ns)  Path(ns)    Netlist Resource(s)
  -------------------------------------------------------------------    -------------------
    A2                                                0.000     0.000 r  mem_out[6]
                         net (fo=0)                   0.000     0.000    mem_out_IBUF[6]_inst/I
    A2                   INBUF (Prop_INBUF_HPIOB_S_PAD_O)
                                                      0.528     0.528 r  mem_out_IBUF[6]_inst/INBUF_INST/O
                         net (fo=1, routed)           0.000     0.528    mem_out_IBUF[6]_inst/OUT
    A2                   IBUFCTRL (Prop_IBUFCTRL_HPIOB_S_I_O)
                                                      0.000     0.528 r  mem_out_IBUF[6]_inst/IBUFCTRL_INST/O
                         net (fo=1, routed)           1.087     1.615    mem_out_IBUF[6]
    SLICE_X49Y142        FDRE                                         r  memreg_reg[6]/D
  -------------------------------------------------------------------    -------------------

                         (clock clk rise edge)        0.000     0.000 r  <hidden>
    E14                                               0.000     0.000 r  clk
                         net (fo=0)                   0.000     0.000    clk_IBUF_inst/I
    E14                  INBUF (Prop_INBUF_HDIOB_M_PAD_O)
                                                      0.815     0.815 r  clk_IBUF_inst/INBUF_INST/O
                         net (fo=1, routed)           0.000     0.815    clk_IBUF_inst/OUT
    E14                  IBUFCTRL (Prop_IBUFCTRL_HDIOB_M_I_O)
                                                      0.000     0.815 r  clk_IBUF_inst/IBUFCTRL_INST/O
                         net (fo=1, routed)           0.169     0.984    clk_IBUF
    BUFGCE_HDIO_X1Y4     BUFGCE (Prop_BUFCE_BUFGCE_HDIO_I_O)
                                                      0.024     1.008 r  clk_IBUF_BUFG_inst/O
    X1Y2 (CLOCK_ROOT)    net (fo=39, routed)          1.263     2.271    clk_IBUF_BUFG
    SLICE_X49Y142        FDRE                                         r  memreg_reg[6]/C

Slack:                    inf
  Source:                 mem_out[12]
                            (input port)
  Destination:            memreg_reg[12]/D
                            (rising edge-triggered cell FDRE clocked by clk  {rise@0.000ns fall@1.500ns period=3.000ns})
  Path Group:             (none)
  Path Type:              Setup (Max at Slow Process Corner)
  Data Path Delay:        1.574ns  (logic 0.501ns (31.809%)  route 1.073ns (68.191%))
  Logic Levels:           2  (IBUFCTRL=1 INBUF=1)
  Clock Path Skew:        2.270ns (DCD - SCD + CPR)
    Destination Clock Delay (DCD):    2.270ns
    Source Clock Delay      (SCD):    0.000ns
    Clock Pessimism Removal (CPR):    0.000ns
  Clock Uncertainty:      0.025ns  ((TSJ^2 + TIJ^2)^1/2 + DJ) / 2 + PE
    Total System Jitter     (TSJ):    0.050ns
    Total Input Jitter      (TIJ):    0.000ns
    Discrete Jitter          (DJ):    0.000ns
    Phase Error              (PE):    0.000ns
  Clock Net Delay (Destination): 1.262ns (routing 0.570ns, distribution 0.692ns)

    Location             Delay type                Incr(ns)  Path(ns)    Netlist Resource(s)
  -------------------------------------------------------------------    -------------------
    K2                                                0.000     0.000 r  mem_out[12]
                         net (fo=0)                   0.000     0.000    mem_out_IBUF[12]_inst/I
    K2                   INBUF (Prop_INBUF_HPIOB_S_PAD_O)
                                                      0.501     0.501 r  mem_out_IBUF[12]_inst/INBUF_INST/O
                         net (fo=1, routed)           0.000     0.501    mem_out_IBUF[12]_inst/OUT
    K2                   IBUFCTRL (Prop_IBUFCTRL_HPIOB_S_I_O)
                                                      0.000     0.501 r  mem_out_IBUF[12]_inst/IBUFCTRL_INST/O
                         net (fo=1, routed)           1.073     1.574    mem_out_IBUF[12]
    SLICE_X49Y142        FDRE                                         r  memreg_reg[12]/D
  -------------------------------------------------------------------    -------------------

                         (clock clk rise edge)        0.000     0.000 r  <hidden>
    E14                                               0.000     0.000 r  clk
                         net (fo=0)                   0.000     0.000    clk_IBUF_inst/I
    E14                  INBUF (Prop_INBUF_HDIOB_M_PAD_O)
                                                      0.815     0.815 r  clk_IBUF_inst/INBUF_INST/O
                         net (fo=1, routed)           0.000     0.815    clk_IBUF_inst/OUT
    E14                  IBUFCTRL (Prop_IBUFCTRL_HDIOB_M_I_O)
                                                      0.000     0.815 r  clk_IBUF_inst/IBUFCTRL_INST/O
                         net (fo=1, routed)           0.169     0.984    clk_IBUF
    BUFGCE_HDIO_X1Y4     BUFGCE (Prop_BUFCE_BUFGCE_HDIO_I_O)
                                                      0.024     1.008 r  clk_IBUF_BUFG_inst/O
    X1Y2 (CLOCK_ROOT)    net (fo=39, routed)          1.262     2.270    clk_IBUF_BUFG
    SLICE_X49Y142        FDRE                                         r  memreg_reg[12]/C

Slack:                    inf
  Source:                 mem_out[14]
                            (input port)
  Destination:            memreg_reg[14]/D
                            (rising edge-triggered cell FDRE clocked by clk  {rise@0.000ns fall@1.500ns period=3.000ns})
  Path Group:             (none)
  Path Type:              Setup (Max at Slow Process Corner)
  Data Path Delay:        1.568ns  (logic 0.500ns (31.893%)  route 1.068ns (68.107%))
  Logic Levels:           2  (IBUFCTRL=1 INBUF=1)
  Clock Path Skew:        2.270ns (DCD - SCD + CPR)
    Destination Clock Delay (DCD):    2.270ns
    Source Clock Delay      (SCD):    0.000ns
    Clock Pessimism Removal (CPR):    0.000ns
  Clock Uncertainty:      0.025ns  ((TSJ^2 + TIJ^2)^1/2 + DJ) / 2 + PE
    Total System Jitter     (TSJ):    0.050ns
    Total Input Jitter      (TIJ):    0.000ns
    Discrete Jitter          (DJ):    0.000ns
    Phase Error              (PE):    0.000ns
  Clock Net Delay (Destination): 1.262ns (routing 0.570ns, distribution 0.692ns)

    Location             Delay type                Incr(ns)  Path(ns)    Netlist Resource(s)
  -------------------------------------------------------------------    -------------------
    J1                                                0.000     0.000 r  mem_out[14]
                         net (fo=0)                   0.000     0.000    mem_out_IBUF[14]_inst/I
    J1                   INBUF (Prop_INBUF_HPIOB_S_PAD_O)
                                                      0.500     0.500 r  mem_out_IBUF[14]_inst/INBUF_INST/O
                         net (fo=1, routed)           0.000     0.500    mem_out_IBUF[14]_inst/OUT
    J1                   IBUFCTRL (Prop_IBUFCTRL_HPIOB_S_I_O)
                                                      0.000     0.500 r  mem_out_IBUF[14]_inst/IBUFCTRL_INST/O
                         net (fo=1, routed)           1.068     1.568    mem_out_IBUF[14]
    SLICE_X49Y142        FDRE                                         r  memreg_reg[14]/D
  -------------------------------------------------------------------    -------------------

                         (clock clk rise edge)        0.000     0.000 r  <hidden>
    E14                                               0.000     0.000 r  clk
                         net (fo=0)                   0.000     0.000    clk_IBUF_inst/I
    E14                  INBUF (Prop_INBUF_HDIOB_M_PAD_O)
                                                      0.815     0.815 r  clk_IBUF_inst/INBUF_INST/O
                         net (fo=1, routed)           0.000     0.815    clk_IBUF_inst/OUT
    E14                  IBUFCTRL (Prop_IBUFCTRL_HDIOB_M_I_O)
                                                      0.000     0.815 r  clk_IBUF_inst/IBUFCTRL_INST/O
                         net (fo=1, routed)           0.169     0.984    clk_IBUF
    BUFGCE_HDIO_X1Y4     BUFGCE (Prop_BUFCE_BUFGCE_HDIO_I_O)
                                                      0.024     1.008 r  clk_IBUF_BUFG_inst/O
    X1Y2 (CLOCK_ROOT)    net (fo=39, routed)          1.262     2.270    clk_IBUF_BUFG
    SLICE_X49Y142        FDRE                                         r  memreg_reg[14]/C

Slack:                    inf
  Source:                 mem_out[11]
                            (input port)
  Destination:            memreg_reg[11]/D
                            (rising edge-triggered cell FDRE clocked by clk  {rise@0.000ns fall@1.500ns period=3.000ns})
  Path Group:             (none)
  Path Type:              Setup (Max at Slow Process Corner)
  Data Path Delay:        1.553ns  (logic 0.501ns (32.239%)  route 1.052ns (67.761%))
  Logic Levels:           2  (IBUFCTRL=1 INBUF=1)
  Clock Path Skew:        2.270ns (DCD - SCD + CPR)
    Destination Clock Delay (DCD):    2.270ns
    Source Clock Delay      (SCD):    0.000ns
    Clock Pessimism Removal (CPR):    0.000ns
  Clock Uncertainty:      0.025ns  ((TSJ^2 + TIJ^2)^1/2 + DJ) / 2 + PE
    Total System Jitter     (TSJ):    0.050ns
    Total Input Jitter      (TIJ):    0.000ns
    Discrete Jitter          (DJ):    0.000ns
    Phase Error              (PE):    0.000ns
  Clock Net Delay (Destination): 1.262ns (routing 0.570ns, distribution 0.692ns)

    Location             Delay type                Incr(ns)  Path(ns)    Netlist Resource(s)
  -------------------------------------------------------------------    -------------------
    K3                                                0.000     0.000 r  mem_out[11]
                         net (fo=0)                   0.000     0.000    mem_out_IBUF[11]_inst/I
    K3                   INBUF (Prop_INBUF_HPIOB_M_PAD_O)
                                                      0.501     0.501 r  mem_out_IBUF[11]_inst/INBUF_INST/O
                         net (fo=1, routed)           0.000     0.501    mem_out_IBUF[11]_inst/OUT
    K3                   IBUFCTRL (Prop_IBUFCTRL_HPIOB_M_I_O)
                                                      0.000     0.501 r  mem_out_IBUF[11]_inst/IBUFCTRL_INST/O
                         net (fo=1, routed)           1.052     1.553    mem_out_IBUF[11]
    SLICE_X49Y142        FDRE                                         r  memreg_reg[11]/D
  -------------------------------------------------------------------    -------------------

                         (clock clk rise edge)        0.000     0.000 r  <hidden>
    E14                                               0.000     0.000 r  clk
                         net (fo=0)                   0.000     0.000    clk_IBUF_inst/I
    E14                  INBUF (Prop_INBUF_HDIOB_M_PAD_O)
                                                      0.815     0.815 r  clk_IBUF_inst/INBUF_INST/O
                         net (fo=1, routed)           0.000     0.815    clk_IBUF_inst/OUT
    E14                  IBUFCTRL (Prop_IBUFCTRL_HDIOB_M_I_O)
                                                      0.000     0.815 r  clk_IBUF_inst/IBUFCTRL_INST/O
                         net (fo=1, routed)           0.169     0.984    clk_IBUF
    BUFGCE_HDIO_X1Y4     BUFGCE (Prop_BUFCE_BUFGCE_HDIO_I_O)
                                                      0.024     1.008 r  clk_IBUF_BUFG_inst/O
    X1Y2 (CLOCK_ROOT)    net (fo=39, routed)          1.262     2.270    clk_IBUF_BUFG
    SLICE_X49Y142        FDRE                                         r  memreg_reg[11]/C

Slack:                    inf
  Source:                 mem_out[8]
                            (input port)
  Destination:            memreg_reg[8]/D
                            (rising edge-triggered cell FDRE clocked by clk  {rise@0.000ns fall@1.500ns period=3.000ns})
  Path Group:             (none)
  Path Type:              Setup (Max at Slow Process Corner)
  Data Path Delay:        1.545ns  (logic 0.520ns (33.640%)  route 1.025ns (66.360%))
  Logic Levels:           2  (IBUFCTRL=1 INBUF=1)
  Clock Path Skew:        2.261ns (DCD - SCD + CPR)
    Destination Clock Delay (DCD):    2.261ns
    Source Clock Delay      (SCD):    0.000ns
    Clock Pessimism Removal (CPR):    0.000ns
  Clock Uncertainty:      0.025ns  ((TSJ^2 + TIJ^2)^1/2 + DJ) / 2 + PE
    Total System Jitter     (TSJ):    0.050ns
    Total Input Jitter      (TIJ):    0.000ns
    Discrete Jitter          (DJ):    0.000ns
    Phase Error              (PE):    0.000ns
  Clock Net Delay (Destination): 1.253ns (routing 0.570ns, distribution 0.683ns)

    Location             Delay type                Incr(ns)  Path(ns)    Netlist Resource(s)
  -------------------------------------------------------------------    -------------------
    D1                                                0.000     0.000 r  mem_out[8]
                         net (fo=0)                   0.000     0.000    mem_out_IBUF[8]_inst/I
    D1                   INBUF (Prop_INBUF_HPIOB_S_PAD_O)
                                                      0.520     0.520 r  mem_out_IBUF[8]_inst/INBUF_INST/O
                         net (fo=1, routed)           0.000     0.520    mem_out_IBUF[8]_inst/OUT
    D1                   IBUFCTRL (Prop_IBUFCTRL_HPIOB_S_I_O)
                                                      0.000     0.520 r  mem_out_IBUF[8]_inst/IBUFCTRL_INST/O
                         net (fo=1, routed)           1.025     1.545    mem_out_IBUF[8]
    SLICE_X48Y141        FDRE                                         r  memreg_reg[8]/D
  -------------------------------------------------------------------    -------------------

                         (clock clk rise edge)        0.000     0.000 r  <hidden>
    E14                                               0.000     0.000 r  clk
                         net (fo=0)                   0.000     0.000    clk_IBUF_inst/I
    E14                  INBUF (Prop_INBUF_HDIOB_M_PAD_O)
                                                      0.815     0.815 r  clk_IBUF_inst/INBUF_INST/O
                         net (fo=1, routed)           0.000     0.815    clk_IBUF_inst/OUT
    E14                  IBUFCTRL (Prop_IBUFCTRL_HDIOB_M_I_O)
                                                      0.000     0.815 r  clk_IBUF_inst/IBUFCTRL_INST/O
                         net (fo=1, routed)           0.169     0.984    clk_IBUF
    BUFGCE_HDIO_X1Y4     BUFGCE (Prop_BUFCE_BUFGCE_HDIO_I_O)
                                                      0.024     1.008 r  clk_IBUF_BUFG_inst/O
    X1Y2 (CLOCK_ROOT)    net (fo=39, routed)          1.253     2.261    clk_IBUF_BUFG
    SLICE_X48Y141        FDRE                                         r  memreg_reg[8]/C

Slack:                    inf
  Source:                 mem_out[9]
                            (input port)
  Destination:            memreg_reg[9]/D
                            (rising edge-triggered cell FDRE clocked by clk  {rise@0.000ns fall@1.500ns period=3.000ns})
  Path Group:             (none)
  Path Type:              Setup (Max at Slow Process Corner)
  Data Path Delay:        1.539ns  (logic 0.532ns (34.571%)  route 1.007ns (65.429%))
  Logic Levels:           2  (IBUFCTRL=1 INBUF=1)
  Clock Path Skew:        2.261ns (DCD - SCD + CPR)
    Destination Clock Delay (DCD):    2.261ns
    Source Clock Delay      (SCD):    0.000ns
    Clock Pessimism Removal (CPR):    0.000ns
  Clock Uncertainty:      0.025ns  ((TSJ^2 + TIJ^2)^1/2 + DJ) / 2 + PE
    Total System Jitter     (TSJ):    0.050ns
    Total Input Jitter      (TIJ):    0.000ns
    Discrete Jitter          (DJ):    0.000ns
    Phase Error              (PE):    0.000ns
  Clock Net Delay (Destination): 1.253ns (routing 0.570ns, distribution 0.683ns)

    Location             Delay type                Incr(ns)  Path(ns)    Netlist Resource(s)
  -------------------------------------------------------------------    -------------------
    C1                                                0.000     0.000 r  mem_out[9]
                         net (fo=0)                   0.000     0.000    mem_out_IBUF[9]_inst/I
    C1                   INBUF (Prop_INBUF_HPIOB_M_PAD_O)
                                                      0.532     0.532 r  mem_out_IBUF[9]_inst/INBUF_INST/O
                         net (fo=1, routed)           0.000     0.532    mem_out_IBUF[9]_inst/OUT
    C1                   IBUFCTRL (Prop_IBUFCTRL_HPIOB_M_I_O)
                                                      0.000     0.532 r  mem_out_IBUF[9]_inst/IBUFCTRL_INST/O
                         net (fo=1, routed)           1.007     1.539    mem_out_IBUF[9]
    SLICE_X48Y141        FDRE                                         r  memreg_reg[9]/D
  -------------------------------------------------------------------    -------------------

                         (clock clk rise edge)        0.000     0.000 r  <hidden>
    E14                                               0.000     0.000 r  clk
                         net (fo=0)                   0.000     0.000    clk_IBUF_inst/I
    E14                  INBUF (Prop_INBUF_HDIOB_M_PAD_O)
                                                      0.815     0.815 r  clk_IBUF_inst/INBUF_INST/O
                         net (fo=1, routed)           0.000     0.815    clk_IBUF_inst/OUT
    E14                  IBUFCTRL (Prop_IBUFCTRL_HDIOB_M_I_O)
                                                      0.000     0.815 r  clk_IBUF_inst/IBUFCTRL_INST/O
                         net (fo=1, routed)           0.169     0.984    clk_IBUF
    BUFGCE_HDIO_X1Y4     BUFGCE (Prop_BUFCE_BUFGCE_HDIO_I_O)
                                                      0.024     1.008 r  clk_IBUF_BUFG_inst/O
    X1Y2 (CLOCK_ROOT)    net (fo=39, routed)          1.253     2.261    clk_IBUF_BUFG
    SLICE_X48Y141        FDRE                                         r  memreg_reg[9]/C

Slack:                    inf
  Source:                 mem_out[10]
                            (input port)
  Destination:            memreg_reg[10]/D
                            (rising edge-triggered cell FDRE clocked by clk  {rise@0.000ns fall@1.500ns period=3.000ns})
  Path Group:             (none)
  Path Type:              Setup (Max at Slow Process Corner)
  Data Path Delay:        1.527ns  (logic 0.531ns (34.771%)  route 0.996ns (65.229%))
  Logic Levels:           2  (IBUFCTRL=1 INBUF=1)
  Clock Path Skew:        2.270ns (DCD - SCD + CPR)
    Destination Clock Delay (DCD):    2.270ns
    Source Clock Delay      (SCD):    0.000ns
    Clock Pessimism Removal (CPR):    0.000ns
  Clock Uncertainty:      0.025ns  ((TSJ^2 + TIJ^2)^1/2 + DJ) / 2 + PE
    Total System Jitter     (TSJ):    0.050ns
    Total Input Jitter      (TIJ):    0.000ns
    Discrete Jitter          (DJ):    0.000ns
    Phase Error              (PE):    0.000ns
  Clock Net Delay (Destination): 1.262ns (routing 0.570ns, distribution 0.692ns)

    Location             Delay type                Incr(ns)  Path(ns)    Netlist Resource(s)
  -------------------------------------------------------------------    -------------------
    B1                                                0.000     0.000 r  mem_out[10]
                         net (fo=0)                   0.000     0.000    mem_out_IBUF[10]_inst/I
    B1                   INBUF (Prop_INBUF_HPIOB_S_PAD_O)
                                                      0.531     0.531 r  mem_out_IBUF[10]_inst/INBUF_INST/O
                         net (fo=1, routed)           0.000     0.531    mem_out_IBUF[10]_inst/OUT
    B1                   IBUFCTRL (Prop_IBUFCTRL_HPIOB_S_I_O)
                                                      0.000     0.531 r  mem_out_IBUF[10]_inst/IBUFCTRL_INST/O
                         net (fo=1, routed)           0.996     1.527    mem_out_IBUF[10]
    SLICE_X49Y142        FDRE                                         r  memreg_reg[10]/D
  -------------------------------------------------------------------    -------------------

                         (clock clk rise edge)        0.000     0.000 r  <hidden>
    E14                                               0.000     0.000 r  clk
                         net (fo=0)                   0.000     0.000    clk_IBUF_inst/I
    E14                  INBUF (Prop_INBUF_HDIOB_M_PAD_O)
                                                      0.815     0.815 r  clk_IBUF_inst/INBUF_INST/O
                         net (fo=1, routed)           0.000     0.815    clk_IBUF_inst/OUT
    E14                  IBUFCTRL (Prop_IBUFCTRL_HDIOB_M_I_O)
                                                      0.000     0.815 r  clk_IBUF_inst/IBUFCTRL_INST/O
                         net (fo=1, routed)           0.169     0.984    clk_IBUF
    BUFGCE_HDIO_X1Y4     BUFGCE (Prop_BUFCE_BUFGCE_HDIO_I_O)
                                                      0.024     1.008 r  clk_IBUF_BUFG_inst/O
    X1Y2 (CLOCK_ROOT)    net (fo=39, routed)          1.262     2.270    clk_IBUF_BUFG
    SLICE_X49Y142        FDRE                                         r  memreg_reg[10]/C

Slack:                    inf
  Source:                 mem_out[5]
                            (input port)
  Destination:            memreg_reg[5]/D
                            (rising edge-triggered cell FDRE clocked by clk  {rise@0.000ns fall@1.500ns period=3.000ns})
  Path Group:             (none)
  Path Type:              Setup (Max at Slow Process Corner)
  Data Path Delay:        1.516ns  (logic 0.530ns (34.941%)  route 0.986ns (65.059%))
  Logic Levels:           2  (IBUFCTRL=1 INBUF=1)
  Clock Path Skew:        2.274ns (DCD - SCD + CPR)
    Destination Clock Delay (DCD):    2.274ns
    Source Clock Delay      (SCD):    0.000ns
    Clock Pessimism Removal (CPR):    0.000ns
  Clock Uncertainty:      0.025ns  ((TSJ^2 + TIJ^2)^1/2 + DJ) / 2 + PE
    Total System Jitter     (TSJ):    0.050ns
    Total Input Jitter      (TIJ):    0.000ns
    Discrete Jitter          (DJ):    0.000ns
    Phase Error              (PE):    0.000ns
  Clock Net Delay (Destination): 1.265ns (routing 0.570ns, distribution 0.695ns)

    Location             Delay type                Incr(ns)  Path(ns)    Netlist Resource(s)
  -------------------------------------------------------------------    -------------------
    A3                                                0.000     0.000 r  mem_out[5]
                         net (fo=0)                   0.000     0.000    mem_out_IBUF[5]_inst/I
    A3                   INBUF (Prop_INBUF_HPIOB_M_PAD_O)
                                                      0.530     0.530 r  mem_out_IBUF[5]_inst/INBUF_INST/O
                         net (fo=1, routed)           0.000     0.530    mem_out_IBUF[5]_inst/OUT
    A3                   IBUFCTRL (Prop_IBUFCTRL_HPIOB_M_I_O)
                                                      0.000     0.530 r  mem_out_IBUF[5]_inst/IBUFCTRL_INST/O
                         net (fo=1, routed)           0.986     1.516    mem_out_IBUF[5]
    SLICE_X48Y143        FDRE                                         r  memreg_reg[5]/D
  -------------------------------------------------------------------    -------------------

                         (clock clk rise edge)        0.000     0.000 r  <hidden>
    E14                                               0.000     0.000 r  clk
                         net (fo=0)                   0.000     0.000    clk_IBUF_inst/I
    E14                  INBUF (Prop_INBUF_HDIOB_M_PAD_O)
                                                      0.815     0.815 r  clk_IBUF_inst/INBUF_INST/O
                         net (fo=1, routed)           0.000     0.815    clk_IBUF_inst/OUT
    E14                  IBUFCTRL (Prop_IBUFCTRL_HDIOB_M_I_O)
                                                      0.000     0.815 r  clk_IBUF_inst/IBUFCTRL_INST/O
                         net (fo=1, routed)           0.169     0.984    clk_IBUF
    BUFGCE_HDIO_X1Y4     BUFGCE (Prop_BUFCE_BUFGCE_HDIO_I_O)
                                                      0.024     1.008 r  clk_IBUF_BUFG_inst/O
    X1Y2 (CLOCK_ROOT)    net (fo=39, routed)          1.265     2.274    clk_IBUF_BUFG
    SLICE_X48Y143        FDRE                                         r  memreg_reg[5]/C





Min Delay Paths
--------------------------------------------------------------------------------------
Slack:                    inf
  Source:                 mem_out[4]
                            (input port)
  Destination:            memreg_reg[4]/D
                            (rising edge-triggered cell FDRE clocked by clk  {rise@0.000ns fall@1.500ns period=3.000ns})
  Path Group:             (none)
  Path Type:              Hold (Min at Fast Process Corner)
  Data Path Delay:        0.493ns  (logic 0.159ns (32.248%)  route 0.334ns (67.752%))
  Logic Levels:           2  (IBUFCTRL=1 INBUF=1)
  Clock Path Skew:        2.087ns (DCD - SCD - CPR)
    Destination Clock Delay (DCD):    2.087ns
    Source Clock Delay      (SCD):    0.000ns
    Clock Pessimism Removal (CPR):    -0.000ns
  Clock Net Delay (Destination): 0.896ns (routing 0.373ns, distribution 0.523ns)

    Location             Delay type                Incr(ns)  Path(ns)    Netlist Resource(s)
  -------------------------------------------------------------------    -------------------
    B3                                                0.000     0.000 r  mem_out[4]
                         net (fo=0)                   0.000     0.000    mem_out_IBUF[4]_inst/I
    B3                   INBUF (Prop_INBUF_HPIOB_S_PAD_O)
                                                      0.159     0.159 r  mem_out_IBUF[4]_inst/INBUF_INST/O
                         net (fo=1, routed)           0.000     0.159    mem_out_IBUF[4]_inst/OUT
    B3                   IBUFCTRL (Prop_IBUFCTRL_HPIOB_S_I_O)
                                                      0.000     0.159 r  mem_out_IBUF[4]_inst/IBUFCTRL_INST/O
                         net (fo=1, routed)           0.334     0.493    mem_out_IBUF[4]
    SLICE_X49Y144        FDRE                                         r  memreg_reg[4]/D
  -------------------------------------------------------------------    -------------------

                         (clock clk rise edge)        0.000     0.000 r  <hidden>
    E14                                               0.000     0.000 r  clk
                         net (fo=0)                   0.000     0.000    clk_IBUF_inst/I
    E14                  INBUF (Prop_INBUF_HDIOB_M_PAD_O)
                                                      1.059     1.059 r  clk_IBUF_inst/INBUF_INST/O
                         net (fo=1, routed)           0.000     1.059    clk_IBUF_inst/OUT
    E14                  IBUFCTRL (Prop_IBUFCTRL_HDIOB_M_I_O)
                                                      0.000     1.059 r  clk_IBUF_inst/IBUFCTRL_INST/O
                         net (fo=1, routed)           0.113     1.172    clk_IBUF
    BUFGCE_HDIO_X1Y4     BUFGCE (Prop_BUFCE_BUFGCE_HDIO_I_O)
                                                      0.019     1.191 r  clk_IBUF_BUFG_inst/O
    X1Y2 (CLOCK_ROOT)    net (fo=39, routed)          0.896     2.087    clk_IBUF_BUFG
    SLICE_X49Y144        FDRE                                         r  memreg_reg[4]/C

Slack:                    inf
  Source:                 mem_out[3]
                            (input port)
  Destination:            memreg_reg[3]/D
                            (rising edge-triggered cell FDRE clocked by clk  {rise@0.000ns fall@1.500ns period=3.000ns})
  Path Group:             (none)
  Path Type:              Hold (Min at Fast Process Corner)
  Data Path Delay:        0.499ns  (logic 0.159ns (31.851%)  route 0.340ns (68.149%))
  Logic Levels:           2  (IBUFCTRL=1 INBUF=1)
  Clock Path Skew:        2.088ns (DCD - SCD - CPR)
    Destination Clock Delay (DCD):    2.088ns
    Source Clock Delay      (SCD):    0.000ns
    Clock Pessimism Removal (CPR):    -0.000ns
  Clock Net Delay (Destination): 0.897ns (routing 0.373ns, distribution 0.524ns)

    Location             Delay type                Incr(ns)  Path(ns)    Netlist Resource(s)
  -------------------------------------------------------------------    -------------------
    B4                                                0.000     0.000 r  mem_out[3]
                         net (fo=0)                   0.000     0.000    mem_out_IBUF[3]_inst/I
    B4                   INBUF (Prop_INBUF_HPIOB_M_PAD_O)
                                                      0.159     0.159 r  mem_out_IBUF[3]_inst/INBUF_INST/O
                         net (fo=1, routed)           0.000     0.159    mem_out_IBUF[3]_inst/OUT
    B4                   IBUFCTRL (Prop_IBUFCTRL_HPIOB_M_I_O)
                                                      0.000     0.159 r  mem_out_IBUF[3]_inst/IBUFCTRL_INST/O
                         net (fo=1, routed)           0.340     0.499    mem_out_IBUF[3]
    SLICE_X49Y143        FDRE                                         r  memreg_reg[3]/D
  -------------------------------------------------------------------    -------------------

                         (clock clk rise edge)        0.000     0.000 r  <hidden>
    E14                                               0.000     0.000 r  clk
                         net (fo=0)                   0.000     0.000    clk_IBUF_inst/I
    E14                  INBUF (Prop_INBUF_HDIOB_M_PAD_O)
                                                      1.059     1.059 r  clk_IBUF_inst/INBUF_INST/O
                         net (fo=1, routed)           0.000     1.059    clk_IBUF_inst/OUT
    E14                  IBUFCTRL (Prop_IBUFCTRL_HDIOB_M_I_O)
                                                      0.000     1.059 r  clk_IBUF_inst/IBUFCTRL_INST/O
                         net (fo=1, routed)           0.113     1.172    clk_IBUF
    BUFGCE_HDIO_X1Y4     BUFGCE (Prop_BUFCE_BUFGCE_HDIO_I_O)
                                                      0.019     1.191 r  clk_IBUF_BUFG_inst/O
    X1Y2 (CLOCK_ROOT)    net (fo=39, routed)          0.897     2.088    clk_IBUF_BUFG
    SLICE_X49Y143        FDRE                                         r  memreg_reg[3]/C

Slack:                    inf
  Source:                 mem_out[2]
                            (input port)
  Destination:            memreg_reg[2]/D
                            (rising edge-triggered cell FDRE clocked by clk  {rise@0.000ns fall@1.500ns period=3.000ns})
  Path Group:             (none)
  Path Type:              Hold (Min at Fast Process Corner)
  Data Path Delay:        0.500ns  (logic 0.148ns (29.555%)  route 0.352ns (70.445%))
  Logic Levels:           2  (IBUFCTRL=1 INBUF=1)
  Clock Path Skew:        2.082ns (DCD - SCD - CPR)
    Destination Clock Delay (DCD):    2.082ns
    Source Clock Delay      (SCD):    0.000ns
    Clock Pessimism Removal (CPR):    -0.000ns
  Clock Net Delay (Destination): 0.891ns (routing 0.373ns, distribution 0.518ns)

    Location             Delay type                Incr(ns)  Path(ns)    Netlist Resource(s)
  -------------------------------------------------------------------    -------------------
    C3                                                0.000     0.000 r  mem_out[2]
                         net (fo=0)                   0.000     0.000    mem_out_IBUF[2]_inst/I
    C3                   INBUF (Prop_INBUF_HPIOB_S_PAD_O)
                                                      0.148     0.148 r  mem_out_IBUF[2]_inst/INBUF_INST/O
                         net (fo=1, routed)           0.000     0.148    mem_out_IBUF[2]_inst/OUT
    C3                   IBUFCTRL (Prop_IBUFCTRL_HPIOB_S_I_O)
                                                      0.000     0.148 r  mem_out_IBUF[2]_inst/IBUFCTRL_INST/O
                         net (fo=1, routed)           0.352     0.500    mem_out_IBUF[2]
    SLICE_X49Y145        FDRE                                         r  memreg_reg[2]/D
  -------------------------------------------------------------------    -------------------

                         (clock clk rise edge)        0.000     0.000 r  <hidden>
    E14                                               0.000     0.000 r  clk
                         net (fo=0)                   0.000     0.000    clk_IBUF_inst/I
    E14                  INBUF (Prop_INBUF_HDIOB_M_PAD_O)
                                                      1.059     1.059 r  clk_IBUF_inst/INBUF_INST/O
                         net (fo=1, routed)           0.000     1.059    clk_IBUF_inst/OUT
    E14                  IBUFCTRL (Prop_IBUFCTRL_HDIOB_M_I_O)
                                                      0.000     1.059 r  clk_IBUF_inst/IBUFCTRL_INST/O
                         net (fo=1, routed)           0.113     1.172    clk_IBUF
    BUFGCE_HDIO_X1Y4     BUFGCE (Prop_BUFCE_BUFGCE_HDIO_I_O)
                                                      0.019     1.191 r  clk_IBUF_BUFG_inst/O
    X1Y2 (CLOCK_ROOT)    net (fo=39, routed)          0.891     2.082    clk_IBUF_BUFG
    SLICE_X49Y145        FDRE                                         r  memreg_reg[2]/C

Slack:                    inf
  Source:                 mem_out[1]
                            (input port)
  Destination:            memreg_reg[1]/D
                            (rising edge-triggered cell FDRE clocked by clk  {rise@0.000ns fall@1.500ns period=3.000ns})
  Path Group:             (none)
  Path Type:              Hold (Min at Fast Process Corner)
  Data Path Delay:        0.502ns  (logic 0.148ns (29.432%)  route 0.354ns (70.568%))
  Logic Levels:           2  (IBUFCTRL=1 INBUF=1)
  Clock Path Skew:        2.088ns (DCD - SCD - CPR)
    Destination Clock Delay (DCD):    2.088ns
    Source Clock Delay      (SCD):    0.000ns
    Clock Pessimism Removal (CPR):    -0.000ns
  Clock Net Delay (Destination): 0.897ns (routing 0.373ns, distribution 0.524ns)

    Location             Delay type                Incr(ns)  Path(ns)    Netlist Resource(s)
  -------------------------------------------------------------------    -------------------
    C4                                                0.000     0.000 r  mem_out[1]
                         net (fo=0)                   0.000     0.000    mem_out_IBUF[1]_inst/I
    C4                   INBUF (Prop_INBUF_HPIOB_M_PAD_O)
                                                      0.148     0.148 r  mem_out_IBUF[1]_inst/INBUF_INST/O
                         net (fo=1, routed)           0.000     0.148    mem_out_IBUF[1]_inst/OUT
    C4                   IBUFCTRL (Prop_IBUFCTRL_HPIOB_M_I_O)
                                                      0.000     0.148 r  mem_out_IBUF[1]_inst/IBUFCTRL_INST/O
                         net (fo=1, routed)           0.354     0.502    mem_out_IBUF[1]
    SLICE_X49Y143        FDRE                                         r  memreg_reg[1]/D
  -------------------------------------------------------------------    -------------------

                         (clock clk rise edge)        0.000     0.000 r  <hidden>
    E14                                               0.000     0.000 r  clk
                         net (fo=0)                   0.000     0.000    clk_IBUF_inst/I
    E14                  INBUF (Prop_INBUF_HDIOB_M_PAD_O)
                                                      1.059     1.059 r  clk_IBUF_inst/INBUF_INST/O
                         net (fo=1, routed)           0.000     1.059    clk_IBUF_inst/OUT
    E14                  IBUFCTRL (Prop_IBUFCTRL_HDIOB_M_I_O)
                                                      0.000     1.059 r  clk_IBUF_inst/IBUFCTRL_INST/O
                         net (fo=1, routed)           0.113     1.172    clk_IBUF
    BUFGCE_HDIO_X1Y4     BUFGCE (Prop_BUFCE_BUFGCE_HDIO_I_O)
                                                      0.019     1.191 r  clk_IBUF_BUFG_inst/O
    X1Y2 (CLOCK_ROOT)    net (fo=39, routed)          0.897     2.088    clk_IBUF_BUFG
    SLICE_X49Y143        FDRE                                         r  memreg_reg[1]/C

Slack:                    inf
  Source:                 mem_out[0]
                            (input port)
  Destination:            memreg_reg[0]/D
                            (rising edge-triggered cell FDRE clocked by clk  {rise@0.000ns fall@1.500ns period=3.000ns})
  Path Group:             (none)
  Path Type:              Hold (Min at Fast Process Corner)
  Data Path Delay:        0.516ns  (logic 0.141ns (27.360%)  route 0.375ns (72.640%))
  Logic Levels:           2  (IBUFCTRL=1 INBUF=1)
  Clock Path Skew:        2.086ns (DCD - SCD - CPR)
    Destination Clock Delay (DCD):    2.086ns
    Source Clock Delay      (SCD):    0.000ns
    Clock Pessimism Removal (CPR):    -0.000ns
  Clock Net Delay (Destination): 0.895ns (routing 0.373ns, distribution 0.522ns)

    Location             Delay type                Incr(ns)  Path(ns)    Netlist Resource(s)
  -------------------------------------------------------------------    -------------------
    E3                                                0.000     0.000 r  mem_out[0]
                         net (fo=0)                   0.000     0.000    mem_out_IBUF[0]_inst/I
    E3                   INBUF (Prop_INBUF_HPIOB_S_PAD_O)
                                                      0.141     0.141 r  mem_out_IBUF[0]_inst/INBUF_INST/O
                         net (fo=1, routed)           0.000     0.141    mem_out_IBUF[0]_inst/OUT
    E3                   IBUFCTRL (Prop_IBUFCTRL_HPIOB_S_I_O)
                                                      0.000     0.141 r  mem_out_IBUF[0]_inst/IBUFCTRL_INST/O
                         net (fo=1, routed)           0.375     0.516    mem_out_IBUF[0]
    SLICE_X49Y146        FDRE                                         r  memreg_reg[0]/D
  -------------------------------------------------------------------    -------------------

                         (clock clk rise edge)        0.000     0.000 r  <hidden>
    E14                                               0.000     0.000 r  clk
                         net (fo=0)                   0.000     0.000    clk_IBUF_inst/I
    E14                  INBUF (Prop_INBUF_HDIOB_M_PAD_O)
                                                      1.059     1.059 r  clk_IBUF_inst/INBUF_INST/O
                         net (fo=1, routed)           0.000     1.059    clk_IBUF_inst/OUT
    E14                  IBUFCTRL (Prop_IBUFCTRL_HDIOB_M_I_O)
                                                      0.000     1.059 r  clk_IBUF_inst/IBUFCTRL_INST/O
                         net (fo=1, routed)           0.113     1.172    clk_IBUF
    BUFGCE_HDIO_X1Y4     BUFGCE (Prop_BUFCE_BUFGCE_HDIO_I_O)
                                                      0.019     1.191 r  clk_IBUF_BUFG_inst/O
    X1Y2 (CLOCK_ROOT)    net (fo=39, routed)          0.895     2.086    clk_IBUF_BUFG
    SLICE_X49Y146        FDRE                                         r  memreg_reg[0]/C

Slack:                    inf
  Source:                 mem_out[7]
                            (input port)
  Destination:            memreg_reg[7]/D
                            (rising edge-triggered cell FDRE clocked by clk  {rise@0.000ns fall@1.500ns period=3.000ns})
  Path Group:             (none)
  Path Type:              Hold (Min at Fast Process Corner)
  Data Path Delay:        0.521ns  (logic 0.154ns (29.499%)  route 0.367ns (70.501%))
  Logic Levels:           2  (IBUFCTRL=1 INBUF=1)
  Clock Path Skew:        2.082ns (DCD - SCD - CPR)
    Destination Clock Delay (DCD):    2.082ns
    Source Clock Delay      (SCD):    0.000ns
    Clock Pessimism Removal (CPR):    -0.000ns
  Clock Net Delay (Destination): 0.891ns (routing 0.373ns, distribution 0.518ns)

    Location             Delay type                Incr(ns)  Path(ns)    Netlist Resource(s)
  -------------------------------------------------------------------    -------------------
    D2                                                0.000     0.000 r  mem_out[7]
                         net (fo=0)                   0.000     0.000    mem_out_IBUF[7]_inst/I
    D2                   INBUF (Prop_INBUF_HPIOB_M_PAD_O)
                                                      0.154     0.154 r  mem_out_IBUF[7]_inst/INBUF_INST/O
                         net (fo=1, routed)           0.000     0.154    mem_out_IBUF[7]_inst/OUT
    D2                   IBUFCTRL (Prop_IBUFCTRL_HPIOB_M_I_O)
                                                      0.000     0.154 r  mem_out_IBUF[7]_inst/IBUFCTRL_INST/O
                         net (fo=1, routed)           0.367     0.521    mem_out_IBUF[7]
    SLICE_X48Y141        FDRE                                         r  memreg_reg[7]/D
  -------------------------------------------------------------------    -------------------

                         (clock clk rise edge)        0.000     0.000 r  <hidden>
    E14                                               0.000     0.000 r  clk
                         net (fo=0)                   0.000     0.000    clk_IBUF_inst/I
    E14                  INBUF (Prop_INBUF_HDIOB_M_PAD_O)
                                                      1.059     1.059 r  clk_IBUF_inst/INBUF_INST/O
                         net (fo=1, routed)           0.000     1.059    clk_IBUF_inst/OUT
    E14                  IBUFCTRL (Prop_IBUFCTRL_HDIOB_M_I_O)
                                                      0.000     1.059 r  clk_IBUF_inst/IBUFCTRL_INST/O
                         net (fo=1, routed)           0.113     1.172    clk_IBUF
    BUFGCE_HDIO_X1Y4     BUFGCE (Prop_BUFCE_BUFGCE_HDIO_I_O)
                                                      0.019     1.191 r  clk_IBUF_BUFG_inst/O
    X1Y2 (CLOCK_ROOT)    net (fo=39, routed)          0.891     2.082    clk_IBUF_BUFG
    SLICE_X48Y141        FDRE                                         r  memreg_reg[7]/C

Slack:                    inf
  Source:                 mem_out[8]
                            (input port)
  Destination:            memreg_reg[8]/D
                            (rising edge-triggered cell FDRE clocked by clk  {rise@0.000ns fall@1.500ns period=3.000ns})
  Path Group:             (none)
  Path Type:              Hold (Min at Fast Process Corner)
  Data Path Delay:        0.548ns  (logic 0.155ns (28.233%)  route 0.393ns (71.767%))
  Logic Levels:           2  (IBUFCTRL=1 INBUF=1)
  Clock Path Skew:        2.082ns (DCD - SCD - CPR)
    Destination Clock Delay (DCD):    2.082ns
    Source Clock Delay      (SCD):    0.000ns
    Clock Pessimism Removal (CPR):    -0.000ns
  Clock Net Delay (Destination): 0.891ns (routing 0.373ns, distribution 0.518ns)

    Location             Delay type                Incr(ns)  Path(ns)    Netlist Resource(s)
  -------------------------------------------------------------------    -------------------
    D1                                                0.000     0.000 r  mem_out[8]
                         net (fo=0)                   0.000     0.000    mem_out_IBUF[8]_inst/I
    D1                   INBUF (Prop_INBUF_HPIOB_S_PAD_O)
                                                      0.155     0.155 r  mem_out_IBUF[8]_inst/INBUF_INST/O
                         net (fo=1, routed)           0.000     0.155    mem_out_IBUF[8]_inst/OUT
    D1                   IBUFCTRL (Prop_IBUFCTRL_HPIOB_S_I_O)
                                                      0.000     0.155 r  mem_out_IBUF[8]_inst/IBUFCTRL_INST/O
                         net (fo=1, routed)           0.393     0.548    mem_out_IBUF[8]
    SLICE_X48Y141        FDRE                                         r  memreg_reg[8]/D
  -------------------------------------------------------------------    -------------------

                         (clock clk rise edge)        0.000     0.000 r  <hidden>
    E14                                               0.000     0.000 r  clk
                         net (fo=0)                   0.000     0.000    clk_IBUF_inst/I
    E14                  INBUF (Prop_INBUF_HDIOB_M_PAD_O)
                                                      1.059     1.059 r  clk_IBUF_inst/INBUF_INST/O
                         net (fo=1, routed)           0.000     1.059    clk_IBUF_inst/OUT
    E14                  IBUFCTRL (Prop_IBUFCTRL_HDIOB_M_I_O)
                                                      0.000     1.059 r  clk_IBUF_inst/IBUFCTRL_INST/O
                         net (fo=1, routed)           0.113     1.172    clk_IBUF
    BUFGCE_HDIO_X1Y4     BUFGCE (Prop_BUFCE_BUFGCE_HDIO_I_O)
                                                      0.019     1.191 r  clk_IBUF_BUFG_inst/O
    X1Y2 (CLOCK_ROOT)    net (fo=39, routed)          0.891     2.082    clk_IBUF_BUFG
    SLICE_X48Y141        FDRE                                         r  memreg_reg[8]/C

Slack:                    inf
  Source:                 mem_out[5]
                            (input port)
  Destination:            memreg_reg[5]/D
                            (rising edge-triggered cell FDRE clocked by clk  {rise@0.000ns fall@1.500ns period=3.000ns})
  Path Group:             (none)
  Path Type:              Hold (Min at Fast Process Corner)
  Data Path Delay:        0.548ns  (logic 0.164ns (29.982%)  route 0.384ns (70.018%))
  Logic Levels:           2  (IBUFCTRL=1 INBUF=1)
  Clock Path Skew:        2.094ns (DCD - SCD - CPR)
    Destination Clock Delay (DCD):    2.094ns
    Source Clock Delay      (SCD):    0.000ns
    Clock Pessimism Removal (CPR):    -0.000ns
  Clock Net Delay (Destination): 0.903ns (routing 0.373ns, distribution 0.530ns)

    Location             Delay type                Incr(ns)  Path(ns)    Netlist Resource(s)
  -------------------------------------------------------------------    -------------------
    A3                                                0.000     0.000 r  mem_out[5]
                         net (fo=0)                   0.000     0.000    mem_out_IBUF[5]_inst/I
    A3                   INBUF (Prop_INBUF_HPIOB_M_PAD_O)
                                                      0.164     0.164 r  mem_out_IBUF[5]_inst/INBUF_INST/O
                         net (fo=1, routed)           0.000     0.164    mem_out_IBUF[5]_inst/OUT
    A3                   IBUFCTRL (Prop_IBUFCTRL_HPIOB_M_I_O)
                                                      0.000     0.164 r  mem_out_IBUF[5]_inst/IBUFCTRL_INST/O
                         net (fo=1, routed)           0.384     0.548    mem_out_IBUF[5]
    SLICE_X48Y143        FDRE                                         r  memreg_reg[5]/D
  -------------------------------------------------------------------    -------------------

                         (clock clk rise edge)        0.000     0.000 r  <hidden>
    E14                                               0.000     0.000 r  clk
                         net (fo=0)                   0.000     0.000    clk_IBUF_inst/I
    E14                  INBUF (Prop_INBUF_HDIOB_M_PAD_O)
                                                      1.059     1.059 r  clk_IBUF_inst/INBUF_INST/O
                         net (fo=1, routed)           0.000     1.059    clk_IBUF_inst/OUT
    E14                  IBUFCTRL (Prop_IBUFCTRL_HDIOB_M_I_O)
                                                      0.000     1.059 r  clk_IBUF_inst/IBUFCTRL_INST/O
                         net (fo=1, routed)           0.113     1.172    clk_IBUF
    BUFGCE_HDIO_X1Y4     BUFGCE (Prop_BUFCE_BUFGCE_HDIO_I_O)
                                                      0.019     1.191 r  clk_IBUF_BUFG_inst/O
    X1Y2 (CLOCK_ROOT)    net (fo=39, routed)          0.903     2.094    clk_IBUF_BUFG
    SLICE_X48Y143        FDRE                                         r  memreg_reg[5]/C

Slack:                    inf
  Source:                 mem_out[10]
                            (input port)
  Destination:            memreg_reg[10]/D
                            (rising edge-triggered cell FDRE clocked by clk  {rise@0.000ns fall@1.500ns period=3.000ns})
  Path Group:             (none)
  Path Type:              Hold (Min at Fast Process Corner)
  Data Path Delay:        0.554ns  (logic 0.166ns (29.939%)  route 0.388ns (70.061%))
  Logic Levels:           2  (IBUFCTRL=1 INBUF=1)
  Clock Path Skew:        2.089ns (DCD - SCD - CPR)
    Destination Clock Delay (DCD):    2.089ns
    Source Clock Delay      (SCD):    0.000ns
    Clock Pessimism Removal (CPR):    -0.000ns
  Clock Net Delay (Destination): 0.898ns (routing 0.373ns, distribution 0.525ns)

    Location             Delay type                Incr(ns)  Path(ns)    Netlist Resource(s)
  -------------------------------------------------------------------    -------------------
    B1                                                0.000     0.000 r  mem_out[10]
                         net (fo=0)                   0.000     0.000    mem_out_IBUF[10]_inst/I
    B1                   INBUF (Prop_INBUF_HPIOB_S_PAD_O)
                                                      0.166     0.166 r  mem_out_IBUF[10]_inst/INBUF_INST/O
                         net (fo=1, routed)           0.000     0.166    mem_out_IBUF[10]_inst/OUT
    B1                   IBUFCTRL (Prop_IBUFCTRL_HPIOB_S_I_O)
                                                      0.000     0.166 r  mem_out_IBUF[10]_inst/IBUFCTRL_INST/O
                         net (fo=1, routed)           0.388     0.554    mem_out_IBUF[10]
    SLICE_X49Y142        FDRE                                         r  memreg_reg[10]/D
  -------------------------------------------------------------------    -------------------

                         (clock clk rise edge)        0.000     0.000 r  <hidden>
    E14                                               0.000     0.000 r  clk
                         net (fo=0)                   0.000     0.000    clk_IBUF_inst/I
    E14                  INBUF (Prop_INBUF_HDIOB_M_PAD_O)
                                                      1.059     1.059 r  clk_IBUF_inst/INBUF_INST/O
                         net (fo=1, routed)           0.000     1.059    clk_IBUF_inst/OUT
    E14                  IBUFCTRL (Prop_IBUFCTRL_HDIOB_M_I_O)
                                                      0.000     1.059 r  clk_IBUF_inst/IBUFCTRL_INST/O
                         net (fo=1, routed)           0.113     1.172    clk_IBUF
    BUFGCE_HDIO_X1Y4     BUFGCE (Prop_BUFCE_BUFGCE_HDIO_I_O)
                                                      0.019     1.191 r  clk_IBUF_BUFG_inst/O
    X1Y2 (CLOCK_ROOT)    net (fo=39, routed)          0.898     2.089    clk_IBUF_BUFG
    SLICE_X49Y142        FDRE                                         r  memreg_reg[10]/C

Slack:                    inf
  Source:                 mem_out[11]
                            (input port)
  Destination:            memreg_reg[11]/D
                            (rising edge-triggered cell FDRE clocked by clk  {rise@0.000ns fall@1.500ns period=3.000ns})
  Path Group:             (none)
  Path Type:              Hold (Min at Fast Process Corner)
  Data Path Delay:        0.557ns  (logic 0.136ns (24.375%)  route 0.421ns (75.625%))
  Logic Levels:           2  (IBUFCTRL=1 INBUF=1)
  Clock Path Skew:        2.089ns (DCD - SCD - CPR)
    Destination Clock Delay (DCD):    2.089ns
    Source Clock Delay      (SCD):    0.000ns
    Clock Pessimism Removal (CPR):    -0.000ns
  Clock Net Delay (Destination): 0.898ns (routing 0.373ns, distribution 0.525ns)

    Location             Delay type                Incr(ns)  Path(ns)    Netlist Resource(s)
  -------------------------------------------------------------------    -------------------
    K3                                                0.000     0.000 r  mem_out[11]
                         net (fo=0)                   0.000     0.000    mem_out_IBUF[11]_inst/I
    K3                   INBUF (Prop_INBUF_HPIOB_M_PAD_O)
                                                      0.136     0.136 r  mem_out_IBUF[11]_inst/INBUF_INST/O
                         net (fo=1, routed)           0.000     0.136    mem_out_IBUF[11]_inst/OUT
    K3                   IBUFCTRL (Prop_IBUFCTRL_HPIOB_M_I_O)
                                                      0.000     0.136 r  mem_out_IBUF[11]_inst/IBUFCTRL_INST/O
                         net (fo=1, routed)           0.421     0.557    mem_out_IBUF[11]
    SLICE_X49Y142        FDRE                                         r  memreg_reg[11]/D
  -------------------------------------------------------------------    -------------------

                         (clock clk rise edge)        0.000     0.000 r  <hidden>
    E14                                               0.000     0.000 r  clk
                         net (fo=0)                   0.000     0.000    clk_IBUF_inst/I
    E14                  INBUF (Prop_INBUF_HDIOB_M_PAD_O)
                                                      1.059     1.059 r  clk_IBUF_inst/INBUF_INST/O
                         net (fo=1, routed)           0.000     1.059    clk_IBUF_inst/OUT
    E14                  IBUFCTRL (Prop_IBUFCTRL_HDIOB_M_I_O)
                                                      0.000     1.059 r  clk_IBUF_inst/IBUFCTRL_INST/O
                         net (fo=1, routed)           0.113     1.172    clk_IBUF
    BUFGCE_HDIO_X1Y4     BUFGCE (Prop_BUFCE_BUFGCE_HDIO_I_O)
                                                      0.019     1.191 r  clk_IBUF_BUFG_inst/O
    X1Y2 (CLOCK_ROOT)    net (fo=39, routed)          0.898     2.089    clk_IBUF_BUFG
    SLICE_X49Y142        FDRE                                         r  memreg_reg[11]/C





