Copyright 1986-2022 Xilinx, Inc. All Rights Reserved. Copyright 2022-2026 Advanced Micro Devices, Inc. All Rights Reserved.
--------------------------------------------------------------------------------------------------------------------------------------------------------------------------------------------------------------------------------------------------------------
| Tool Version      : Vivado v.2026.1 (win64) Build 6511674 Tue Jun 16 11:02:23 MDT 2026
| Date              : Sun Sep 13 21:50:13 2026
| Host              : DESKTOP-3JJEEI1 running 64-bit major release  (build 9200)
| Command           : report_timing_summary -max_paths 10 -routable_nets -report_unconstrained -file f13_e9_mult_zu3_timing_summary_routed.rpt -pb f13_e9_mult_zu3_timing_summary_routed.pb -rpx f13_e9_mult_zu3_timing_summary_routed.rpx -warn_on_violation
| Design            : f13_e9_mult_zu3
| Device            : xczu2cg-sfvc784
| Speed File        : -2L  PRODUCTION 1.31 12-08-2025
| Design State      : Routed
| Temperature Grade : E
--------------------------------------------------------------------------------------------------------------------------------------------------------------------------------------------------------------------------------------------------------------

Timing Summary Report

------------------------------------------------------------------------------------------------
| Timer Settings
| --------------
------------------------------------------------------------------------------------------------

  Enable Multi Corner Analysis               :  Yes
  Enable Pessimism Removal                   :  Yes
  Pessimism Removal Resolution               :  Nearest Common Node
  Enable Input Delay Default Clock           :  No
  Enable Preset / Clear Arcs                 :  No
  Disable Flight Delays                      :  No
  Ignore I/O Paths                           :  No
  Timing Early Launch at Borrowing Latches   :  No
  Borrow Time for Max Delay Exceptions       :  Yes
  Merge Timing Exceptions                    :  Yes
  Inter-SLR Compensation                     :  Conservative

  Corner  Analyze    Analyze    
  Name    Max Paths  Min Paths  
  ------  ---------  ---------  
  Slow    Yes        Yes        
  Fast    Yes        Yes        


------------------------------------------------------------------------------------------------
| Report Methodology
| ------------------
------------------------------------------------------------------------------------------------

Rule       Severity  Description                    Violations  
---------  --------  -----------------------------  ----------  
TIMING-18  Warning   Missing input or output delay  75          

Note: This report is based on the most recent report_methodology run and may not be up-to-date. Run report_methodology on the current design for the latest report.



check_timing report

Table of Contents
-----------------
1. checking no_clock (0)
2. checking constant_clock (0)
3. checking pulse_width_clock (0)
4. checking unconstrained_internal_endpoints (0)
5. checking no_input_delay (50)
6. checking no_output_delay (25)
7. checking multiple_clock (0)
8. checking generated_clocks (0)
9. checking loops (0)
10. checking partial_input_delay (0)
11. checking partial_output_delay (0)
12. checking latch_loops (0)

1. checking no_clock (0)
------------------------
 There are 0 register/latch pins with no clock.


2. checking constant_clock (0)
------------------------------
 There are 0 register/latch pins with constant_clock.


3. checking pulse_width_clock (0)
---------------------------------
 There are 0 register/latch pins which need pulse_width check


4. checking unconstrained_internal_endpoints (0)
------------------------------------------------
 There are 0 pins that are not constrained for maximum delay.

 There are 0 pins that are not constrained for maximum delay due to constant clock.


5. checking no_input_delay (50)
-------------------------------
 There are 50 input ports with no input delay specified. (HIGH)

 There are 0 input ports with no input delay but user has a false path constraint.


6. checking no_output_delay (25)
--------------------------------
 There are 25 ports with no output delay specified. (HIGH)

 There are 0 ports with no output delay but user has a false path constraint

 There are 0 ports with no output delay but with a timing clock defined on it or propagating through it


7. checking multiple_clock (0)
------------------------------
 There are 0 register/latch pins with multiple clocks.


8. checking generated_clocks (0)
--------------------------------
 There are 0 generated clocks that are not connected to a clock source.


9. checking loops (0)
---------------------
 There are 0 combinational loops in the design.


10. checking partial_input_delay (0)
------------------------------------
 There are 0 input ports with partial input delay specified.


11. checking partial_output_delay (0)
-------------------------------------
 There are 0 ports with partial output delay specified.


12. checking latch_loops (0)
----------------------------
 There are 0 combinational latch loops in the design through latch input



------------------------------------------------------------------------------------------------
| Design Timing Summary
| ---------------------
------------------------------------------------------------------------------------------------

    WNS(ns)      TNS(ns)  TNS Failing Endpoints  TNS Total Endpoints      WHS(ns)      THS(ns)  THS Failing Endpoints  THS Total Endpoints     WPWS(ns)     TPWS(ns)  TPWS Failing Endpoints  TPWS Total Endpoints  
    -------      -------  ---------------------  -------------------      -------      -------  ---------------------  -------------------     --------     --------  ----------------------  --------------------  
      0.298        0.000                      0                   39        0.089        0.000                      0                   39        1.225        0.000                       0                    50  


All user specified timing constraints are met.


------------------------------------------------------------------------------------------------
| Clock Summary
| -------------
------------------------------------------------------------------------------------------------

Clock  Waveform(ns)         Period(ns)      Frequency(MHz)
-----  ------------         ----------      --------------
clk    {0.000 1.500}        3.000           333.333         


------------------------------------------------------------------------------------------------
| Intra Clock Table
| -----------------
------------------------------------------------------------------------------------------------

Clock             WNS(ns)      TNS(ns)  TNS Failing Endpoints  TNS Total Endpoints      WHS(ns)      THS(ns)  THS Failing Endpoints  THS Total Endpoints     WPWS(ns)     TPWS(ns)  TPWS Failing Endpoints  TPWS Total Endpoints  
-----             -------      -------  ---------------------  -------------------      -------      -------  ---------------------  -------------------     --------     --------  ----------------------  --------------------  
clk                 0.298        0.000                      0                   39        0.089        0.000                      0                   39        1.225        0.000                       0                    50  


------------------------------------------------------------------------------------------------
| Inter Clock Table
| -----------------
------------------------------------------------------------------------------------------------

From Clock    To Clock          WNS(ns)      TNS(ns)  TNS Failing Endpoints  TNS Total Endpoints      WHS(ns)      THS(ns)  THS Failing Endpoints  THS Total Endpoints  
----------    --------          -------      -------  ---------------------  -------------------      -------      -------  ---------------------  -------------------  


------------------------------------------------------------------------------------------------
| Other Path Groups Table
| -----------------------
------------------------------------------------------------------------------------------------

Path Group    From Clock    To Clock          WNS(ns)      TNS(ns)  TNS Failing Endpoints  TNS Total Endpoints      WHS(ns)      THS(ns)  THS Failing Endpoints  THS Total Endpoints  
----------    ----------    --------          -------      -------  ---------------------  -------------------      -------      -------  ---------------------  -------------------  


------------------------------------------------------------------------------------------------
| User Ignored Path Table
| -----------------------
------------------------------------------------------------------------------------------------

Path Group    From Clock    To Clock    
----------    ----------    --------    


------------------------------------------------------------------------------------------------
| Unconstrained Path Table
| ------------------------
------------------------------------------------------------------------------------------------

Path Group    From Clock    To Clock    
----------    ----------    --------    
(none)        clk                         
(none)                      clk           


------------------------------------------------------------------------------------------------
| Timing Details
| --------------
------------------------------------------------------------------------------------------------


---------------------------------------------------------------------------------------------------
From Clock:  clk
  To Clock:  clk

Setup :            0  Failing Endpoints,  Worst Slack        0.298ns,  Total Violation        0.000ns
Hold  :            0  Failing Endpoints,  Worst Slack        0.089ns,  Total Violation        0.000ns
PW    :            0  Failing Endpoints,  Worst Slack        1.225ns,  Total Violation        0.000ns
---------------------------------------------------------------------------------------------------


Max Delay Paths
--------------------------------------------------------------------------------------
Slack (MET) :             0.298ns  (required time - arrival time)
  Source:                 product_temp/DSP_A_B_DATA_INST/CLK
                            (rising edge-triggered cell DSP_A_B_DATA clocked by clk  {rise@0.000ns fall@1.500ns period=3.000ns})
  Destination:            result_reg[expon][6]/D
                            (rising edge-triggered cell FDRE clocked by clk  {rise@0.000ns fall@1.500ns period=3.000ns})
  Path Group:             clk
  Path Type:              Setup (Max at Slow Process Corner)
  Requirement:            3.000ns  (clk rise@3.000ns - clk rise@0.000ns)
  Data Path Delay:        2.567ns  (logic 2.172ns (84.599%)  route 0.395ns (15.401%))
  Logic Levels:           7  (DSP_ALU=1 DSP_M_DATA=1 DSP_MULTIPLIER=1 DSP_OUTPUT=1 DSP_PREADD_DATA=1 LUT4=1 LUT6=1)
  Clock Path Skew:        -0.124ns (DCD - SCD + CPR)
    Destination Clock Delay (DCD):    2.254ns = ( 5.254 - 3.000 ) 
    Source Clock Delay      (SCD):    2.928ns
    Clock Pessimism Removal (CPR):    0.550ns
  Clock Uncertainty:      0.035ns  ((TSJ^2 + TIJ^2)^1/2 + DJ) / 2 + PE
    Total System Jitter     (TSJ):    0.071ns
    Total Input Jitter      (TIJ):    0.000ns
    Discrete Jitter          (DJ):    0.000ns
    Phase Error              (PE):    0.000ns
  Clock Net Delay (Source):      1.476ns (routing 0.584ns, distribution 0.892ns)
  Clock Net Delay (Destination): 1.264ns (routing 0.531ns, distribution 0.733ns)

    Location             Delay type                Incr(ns)  Path(ns)    Netlist Resource(s)
  -------------------------------------------------------------------    -------------------
                         (clock clk rise edge)        0.000     0.000 r  <hidden>
    AB11                                              0.000     0.000 r  clk
                         net (fo=0)                   0.000     0.000    clk_IBUF_inst/I
    AB11                 INBUF (Prop_INBUF_HDIOB_M_PAD_O)
                                                      1.220     1.220 r  clk_IBUF_inst/INBUF_INST/O
                         net (fo=1, routed)           0.000     1.220    clk_IBUF_inst/OUT
    AB11                 IBUFCTRL (Prop_IBUFCTRL_HDIOB_M_I_O)
                                                      0.000     1.220 r  clk_IBUF_inst/IBUFCTRL_INST/O
                         net (fo=1, routed)           0.204     1.424    clk_IBUF
    BUFGCE_HDIO_X2Y1     BUFGCE (Prop_BUFCE_BUFGCE_HDIO_I_O)
                                                      0.028     1.452 r  clk_IBUF_BUFG_inst/O
    X1Y1 (CLOCK_ROOT)    net (fo=55, routed)          1.476     2.928    product_temp/CLK
    DSP48E2_X4Y28        DSP_A_B_DATA                                 r  product_temp/DSP_A_B_DATA_INST/CLK
  -------------------------------------------------------------------    -------------------
    DSP48E2_X4Y28        DSP_A_B_DATA (Prop_DSP_A_B_DATA_DSP48E2_CLK_B2_DATA[17])
                                                      0.212     3.140 r  product_temp/DSP_A_B_DATA_INST/B2_DATA[17]
                         net (fo=1, routed)           0.000     3.140    product_temp/DSP_A_B_DATA.B2_DATA<17>
    DSP48E2_X4Y28        DSP_PREADD_DATA (Prop_DSP_PREADD_DATA_DSP48E2_B2_DATA[17]_B2B1[17])
                                                      0.073     3.213 r  product_temp/DSP_PREADD_DATA_INST/B2B1[17]
                         net (fo=1, routed)           0.000     3.213    product_temp/DSP_PREADD_DATA.B2B1<17>
    DSP48E2_X4Y28        DSP_MULTIPLIER (Prop_DSP_MULTIPLIER_DSP48E2_B2B1[17]_V[43])
                                                      0.609     3.822 f  product_temp/DSP_MULTIPLIER_INST/V[43]
                         net (fo=1, routed)           0.000     3.822    product_temp/DSP_MULTIPLIER.V<43>
    DSP48E2_X4Y28        DSP_M_DATA (Prop_DSP_M_DATA_DSP48E2_V[43]_V_DATA[43])
                                                      0.046     3.868 r  product_temp/DSP_M_DATA_INST/V_DATA[43]
                         net (fo=1, routed)           0.000     3.868    product_temp/DSP_M_DATA.V_DATA<43>
    DSP48E2_X4Y28        DSP_ALU (Prop_DSP_ALU_DSP48E2_V_DATA[43]_ALU_OUT[47])
                                                      0.571     4.439 r  product_temp/DSP_ALU_INST/ALU_OUT[47]
                         net (fo=1, routed)           0.000     4.439    product_temp/DSP_ALU.ALU_OUT<47>
    DSP48E2_X4Y28        DSP_OUTPUT (Prop_DSP_OUTPUT_DSP48E2_ALU_OUT[47]_PATTERN_DETECT)
                                                      0.363     4.802 r  product_temp/DSP_OUTPUT_INST/PATTERN_DETECT
                         net (fo=19, routed)          0.227     5.029    product_temp_n_4
    SLICE_X43Y72         LUT6 (Prop_A6LUT_SLICEM_I2_O)
                                                      0.150     5.179 r  result[expon][8]_i_3/O
                         net (fo=5, routed)           0.113     5.293    result[expon][8]_i_3_n_0
    SLICE_X43Y71         LUT4 (Prop_E6LUT_SLICEM_I1_O)
                                                      0.148     5.441 r  result[expon][6]_i_1/O
                         net (fo=1, routed)           0.055     5.496    result[expon][6]_i_1_n_0
    SLICE_X43Y71         FDRE                                         r  result_reg[expon][6]/D
  -------------------------------------------------------------------    -------------------

                         (clock clk rise edge)        3.000     3.000 r  <hidden>
    AB11                                              0.000     3.000 r  clk
                         net (fo=0)                   0.000     3.000    clk_IBUF_inst/I
    AB11                 INBUF (Prop_INBUF_HDIOB_M_PAD_O)
                                                      0.798     3.798 r  clk_IBUF_inst/INBUF_INST/O
                         net (fo=1, routed)           0.000     3.798    clk_IBUF_inst/OUT
    AB11                 IBUFCTRL (Prop_IBUFCTRL_HDIOB_M_I_O)
                                                      0.000     3.798 r  clk_IBUF_inst/IBUFCTRL_INST/O
                         net (fo=1, routed)           0.169     3.967    clk_IBUF
    BUFGCE_HDIO_X2Y1     BUFGCE (Prop_BUFCE_BUFGCE_HDIO_I_O)
                                                      0.024     3.991 r  clk_IBUF_BUFG_inst/O
    X1Y1 (CLOCK_ROOT)    net (fo=55, routed)          1.264     5.254    clk_IBUF_BUFG
    SLICE_X43Y71         FDRE                                         r  result_reg[expon][6]/C
                         clock pessimism              0.550     5.804    <hidden>
                         clock uncertainty           -0.035     5.769    <hidden>
    SLICE_X43Y71         FDRE (Setup_EFF_SLICEM_C_D)
                                                      0.025     5.794    result_reg[expon][6]
  -------------------------------------------------------------------
                         required time                          5.794    <hidden>
                         arrival time                          -5.496    <hidden>
  -------------------------------------------------------------------
                         slack                                  0.298    <hidden>

Slack (MET) :             0.360ns  (required time - arrival time)
  Source:                 product_temp/DSP_A_B_DATA_INST/CLK
                            (rising edge-triggered cell DSP_A_B_DATA clocked by clk  {rise@0.000ns fall@1.500ns period=3.000ns})
  Destination:            result_reg[expon][9]/D
                            (rising edge-triggered cell FDRE clocked by clk  {rise@0.000ns fall@1.500ns period=3.000ns})
  Path Group:             clk
  Path Type:              Setup (Max at Slow Process Corner)
  Requirement:            3.000ns  (clk rise@3.000ns - clk rise@0.000ns)
  Data Path Delay:        2.505ns  (logic 2.114ns (84.386%)  route 0.391ns (15.614%))
  Logic Levels:           8  (DSP_ALU=1 DSP_M_DATA=1 DSP_MULTIPLIER=1 DSP_OUTPUT=1 DSP_PREADD_DATA=1 LUT4=2 LUT6=1)
  Clock Path Skew:        -0.124ns (DCD - SCD + CPR)
    Destination Clock Delay (DCD):    2.254ns = ( 5.254 - 3.000 ) 
    Source Clock Delay      (SCD):    2.928ns
    Clock Pessimism Removal (CPR):    0.550ns
  Clock Uncertainty:      0.035ns  ((TSJ^2 + TIJ^2)^1/2 + DJ) / 2 + PE
    Total System Jitter     (TSJ):    0.071ns
    Total Input Jitter      (TIJ):    0.000ns
    Discrete Jitter          (DJ):    0.000ns
    Phase Error              (PE):    0.000ns
  Clock Net Delay (Source):      1.476ns (routing 0.584ns, distribution 0.892ns)
  Clock Net Delay (Destination): 1.264ns (routing 0.531ns, distribution 0.733ns)

    Location             Delay type                Incr(ns)  Path(ns)    Netlist Resource(s)
  -------------------------------------------------------------------    -------------------
                         (clock clk rise edge)        0.000     0.000 r  <hidden>
    AB11                                              0.000     0.000 r  clk
                         net (fo=0)                   0.000     0.000    clk_IBUF_inst/I
    AB11                 INBUF (Prop_INBUF_HDIOB_M_PAD_O)
                                                      1.220     1.220 r  clk_IBUF_inst/INBUF_INST/O
                         net (fo=1, routed)           0.000     1.220    clk_IBUF_inst/OUT
    AB11                 IBUFCTRL (Prop_IBUFCTRL_HDIOB_M_I_O)
                                                      0.000     1.220 r  clk_IBUF_inst/IBUFCTRL_INST/O
                         net (fo=1, routed)           0.204     1.424    clk_IBUF
    BUFGCE_HDIO_X2Y1     BUFGCE (Prop_BUFCE_BUFGCE_HDIO_I_O)
                                                      0.028     1.452 r  clk_IBUF_BUFG_inst/O
    X1Y1 (CLOCK_ROOT)    net (fo=55, routed)          1.476     2.928    product_temp/CLK
    DSP48E2_X4Y28        DSP_A_B_DATA                                 r  product_temp/DSP_A_B_DATA_INST/CLK
  -------------------------------------------------------------------    -------------------
    DSP48E2_X4Y28        DSP_A_B_DATA (Prop_DSP_A_B_DATA_DSP48E2_CLK_B2_DATA[17])
                                                      0.212     3.140 r  product_temp/DSP_A_B_DATA_INST/B2_DATA[17]
                         net (fo=1, routed)           0.000     3.140    product_temp/DSP_A_B_DATA.B2_DATA<17>
    DSP48E2_X4Y28        DSP_PREADD_DATA (Prop_DSP_PREADD_DATA_DSP48E2_B2_DATA[17]_B2B1[17])
                                                      0.073     3.213 r  product_temp/DSP_PREADD_DATA_INST/B2B1[17]
                         net (fo=1, routed)           0.000     3.213    product_temp/DSP_PREADD_DATA.B2B1<17>
    DSP48E2_X4Y28        DSP_MULTIPLIER (Prop_DSP_MULTIPLIER_DSP48E2_B2B1[17]_V[43])
                                                      0.609     3.822 f  product_temp/DSP_MULTIPLIER_INST/V[43]
                         net (fo=1, routed)           0.000     3.822    product_temp/DSP_MULTIPLIER.V<43>
    DSP48E2_X4Y28        DSP_M_DATA (Prop_DSP_M_DATA_DSP48E2_V[43]_V_DATA[43])
                                                      0.046     3.868 r  product_temp/DSP_M_DATA_INST/V_DATA[43]
                         net (fo=1, routed)           0.000     3.868    product_temp/DSP_M_DATA.V_DATA<43>
    DSP48E2_X4Y28        DSP_ALU (Prop_DSP_ALU_DSP48E2_V_DATA[43]_ALU_OUT[47])
                                                      0.571     4.439 r  product_temp/DSP_ALU_INST/ALU_OUT[47]
                         net (fo=1, routed)           0.000     4.439    product_temp/DSP_ALU.ALU_OUT<47>
    DSP48E2_X4Y28        DSP_OUTPUT (Prop_DSP_OUTPUT_DSP48E2_ALU_OUT[47]_PATTERN_DETECT)
                                                      0.363     4.802 r  product_temp/DSP_OUTPUT_INST/PATTERN_DETECT
                         net (fo=19, routed)          0.227     5.029    product_temp_n_4
    SLICE_X43Y72         LUT6 (Prop_A6LUT_SLICEM_I2_O)
                                                      0.150     5.179 r  result[expon][8]_i_3/O
                         net (fo=5, routed)           0.058     5.237    result[expon][8]_i_3_n_0
    SLICE_X43Y71         LUT4 (Prop_G6LUT_SLICEM_I1_O)
                                                      0.037     5.274 r  result[expon][9]_i_3/O
                         net (fo=1, routed)           0.048     5.322    result[expon][9]_i_3_n_0
    SLICE_X43Y71         LUT4 (Prop_H6LUT_SLICEM_I1_O)
                                                      0.053     5.375 r  result[expon][9]_i_1/O
                         net (fo=1, routed)           0.058     5.433    result[expon][9]_i_1_n_0
    SLICE_X43Y71         FDRE                                         r  result_reg[expon][9]/D
  -------------------------------------------------------------------    -------------------

                         (clock clk rise edge)        3.000     3.000 r  <hidden>
    AB11                                              0.000     3.000 r  clk
                         net (fo=0)                   0.000     3.000    clk_IBUF_inst/I
    AB11                 INBUF (Prop_INBUF_HDIOB_M_PAD_O)
                                                      0.798     3.798 r  clk_IBUF_inst/INBUF_INST/O
                         net (fo=1, routed)           0.000     3.798    clk_IBUF_inst/OUT
    AB11                 IBUFCTRL (Prop_IBUFCTRL_HDIOB_M_I_O)
                                                      0.000     3.798 r  clk_IBUF_inst/IBUFCTRL_INST/O
                         net (fo=1, routed)           0.169     3.967    clk_IBUF
    BUFGCE_HDIO_X2Y1     BUFGCE (Prop_BUFCE_BUFGCE_HDIO_I_O)
                                                      0.024     3.991 r  clk_IBUF_BUFG_inst/O
    X1Y1 (CLOCK_ROOT)    net (fo=55, routed)          1.264     5.254    clk_IBUF_BUFG
    SLICE_X43Y71         FDRE                                         r  result_reg[expon][9]/C
                         clock pessimism              0.550     5.804    <hidden>
                         clock uncertainty           -0.035     5.769    <hidden>
    SLICE_X43Y71         FDRE (Setup_HFF_SLICEM_C_D)
                                                      0.025     5.794    result_reg[expon][9]
  -------------------------------------------------------------------
                         required time                          5.794    <hidden>
                         arrival time                          -5.433    <hidden>
  -------------------------------------------------------------------
                         slack                                  0.360    <hidden>

Slack (MET) :             0.383ns  (required time - arrival time)
  Source:                 product_temp/DSP_A_B_DATA_INST/CLK
                            (rising edge-triggered cell DSP_A_B_DATA clocked by clk  {rise@0.000ns fall@1.500ns period=3.000ns})
  Destination:            result_reg[expon][8]/D
                            (rising edge-triggered cell FDRE clocked by clk  {rise@0.000ns fall@1.500ns period=3.000ns})
  Path Group:             clk
  Path Type:              Setup (Max at Slow Process Corner)
  Requirement:            3.000ns  (clk rise@3.000ns - clk rise@0.000ns)
  Data Path Delay:        2.474ns  (logic 2.075ns (83.874%)  route 0.399ns (16.126%))
  Logic Levels:           7  (DSP_ALU=1 DSP_M_DATA=1 DSP_MULTIPLIER=1 DSP_OUTPUT=1 DSP_PREADD_DATA=1 LUT6=2)
  Clock Path Skew:        -0.133ns (DCD - SCD + CPR)
    Destination Clock Delay (DCD):    2.246ns = ( 5.246 - 3.000 ) 
    Source Clock Delay      (SCD):    2.928ns
    Clock Pessimism Removal (CPR):    0.550ns
  Clock Uncertainty:      0.035ns  ((TSJ^2 + TIJ^2)^1/2 + DJ) / 2 + PE
    Total System Jitter     (TSJ):    0.071ns
    Total Input Jitter      (TIJ):    0.000ns
    Discrete Jitter          (DJ):    0.000ns
    Phase Error              (PE):    0.000ns
  Clock Net Delay (Source):      1.476ns (routing 0.584ns, distribution 0.892ns)
  Clock Net Delay (Destination): 1.255ns (routing 0.531ns, distribution 0.724ns)

    Location             Delay type                Incr(ns)  Path(ns)    Netlist Resource(s)
  -------------------------------------------------------------------    -------------------
                         (clock clk rise edge)        0.000     0.000 r  <hidden>
    AB11                                              0.000     0.000 r  clk
                         net (fo=0)                   0.000     0.000    clk_IBUF_inst/I
    AB11                 INBUF (Prop_INBUF_HDIOB_M_PAD_O)
                                                      1.220     1.220 r  clk_IBUF_inst/INBUF_INST/O
                         net (fo=1, routed)           0.000     1.220    clk_IBUF_inst/OUT
    AB11                 IBUFCTRL (Prop_IBUFCTRL_HDIOB_M_I_O)
                                                      0.000     1.220 r  clk_IBUF_inst/IBUFCTRL_INST/O
                         net (fo=1, routed)           0.204     1.424    clk_IBUF
    BUFGCE_HDIO_X2Y1     BUFGCE (Prop_BUFCE_BUFGCE_HDIO_I_O)
                                                      0.028     1.452 r  clk_IBUF_BUFG_inst/O
    X1Y1 (CLOCK_ROOT)    net (fo=55, routed)          1.476     2.928    product_temp/CLK
    DSP48E2_X4Y28        DSP_A_B_DATA                                 r  product_temp/DSP_A_B_DATA_INST/CLK
  -------------------------------------------------------------------    -------------------
    DSP48E2_X4Y28        DSP_A_B_DATA (Prop_DSP_A_B_DATA_DSP48E2_CLK_B2_DATA[17])
                                                      0.212     3.140 r  product_temp/DSP_A_B_DATA_INST/B2_DATA[17]
                         net (fo=1, routed)           0.000     3.140    product_temp/DSP_A_B_DATA.B2_DATA<17>
    DSP48E2_X4Y28        DSP_PREADD_DATA (Prop_DSP_PREADD_DATA_DSP48E2_B2_DATA[17]_B2B1[17])
                                                      0.073     3.213 r  product_temp/DSP_PREADD_DATA_INST/B2B1[17]
                         net (fo=1, routed)           0.000     3.213    product_temp/DSP_PREADD_DATA.B2B1<17>
    DSP48E2_X4Y28        DSP_MULTIPLIER (Prop_DSP_MULTIPLIER_DSP48E2_B2B1[17]_V[43])
                                                      0.609     3.822 f  product_temp/DSP_MULTIPLIER_INST/V[43]
                         net (fo=1, routed)           0.000     3.822    product_temp/DSP_MULTIPLIER.V<43>
    DSP48E2_X4Y28        DSP_M_DATA (Prop_DSP_M_DATA_DSP48E2_V[43]_V_DATA[43])
                                                      0.046     3.868 r  product_temp/DSP_M_DATA_INST/V_DATA[43]
                         net (fo=1, routed)           0.000     3.868    product_temp/DSP_M_DATA.V_DATA<43>
    DSP48E2_X4Y28        DSP_ALU (Prop_DSP_ALU_DSP48E2_V_DATA[43]_ALU_OUT[47])
                                                      0.571     4.439 r  product_temp/DSP_ALU_INST/ALU_OUT[47]
                         net (fo=1, routed)           0.000     4.439    product_temp/DSP_ALU.ALU_OUT<47>
    DSP48E2_X4Y28        DSP_OUTPUT (Prop_DSP_OUTPUT_DSP48E2_ALU_OUT[47]_PATTERN_DETECT)
                                                      0.363     4.802 r  product_temp/DSP_OUTPUT_INST/PATTERN_DETECT
                         net (fo=19, routed)          0.227     5.029    product_temp_n_4
    SLICE_X43Y72         LUT6 (Prop_A6LUT_SLICEM_I2_O)
                                                      0.150     5.179 r  result[expon][8]_i_3/O
                         net (fo=5, routed)           0.105     5.284    result[expon][8]_i_3_n_0
    SLICE_X43Y70         LUT6 (Prop_F6LUT_SLICEM_I2_O)
                                                      0.051     5.335 r  result[expon][8]_i_1/O
                         net (fo=1, routed)           0.067     5.402    result[expon][8]_i_1_n_0
    SLICE_X43Y70         FDRE                                         r  result_reg[expon][8]/D
  -------------------------------------------------------------------    -------------------

                         (clock clk rise edge)        3.000     3.000 r  <hidden>
    AB11                                              0.000     3.000 r  clk
                         net (fo=0)                   0.000     3.000    clk_IBUF_inst/I
    AB11                 INBUF (Prop_INBUF_HDIOB_M_PAD_O)
                                                      0.798     3.798 r  clk_IBUF_inst/INBUF_INST/O
                         net (fo=1, routed)           0.000     3.798    clk_IBUF_inst/OUT
    AB11                 IBUFCTRL (Prop_IBUFCTRL_HDIOB_M_I_O)
                                                      0.000     3.798 r  clk_IBUF_inst/IBUFCTRL_INST/O
                         net (fo=1, routed)           0.169     3.967    clk_IBUF
    BUFGCE_HDIO_X2Y1     BUFGCE (Prop_BUFCE_BUFGCE_HDIO_I_O)
                                                      0.024     3.991 r  clk_IBUF_BUFG_inst/O
    X1Y1 (CLOCK_ROOT)    net (fo=55, routed)          1.255     5.246    clk_IBUF_BUFG
    SLICE_X43Y70         FDRE                                         r  result_reg[expon][8]/C
                         clock pessimism              0.550     5.795    <hidden>
                         clock uncertainty           -0.035     5.760    <hidden>
    SLICE_X43Y70         FDRE (Setup_FFF_SLICEM_C_D)
                                                      0.025     5.785    result_reg[expon][8]
  -------------------------------------------------------------------
                         required time                          5.785    <hidden>
                         arrival time                          -5.402    <hidden>
  -------------------------------------------------------------------
                         slack                                  0.383    <hidden>

Slack (MET) :             0.385ns  (required time - arrival time)
  Source:                 product_temp/DSP_A_B_DATA_INST/CLK
                            (rising edge-triggered cell DSP_A_B_DATA clocked by clk  {rise@0.000ns fall@1.500ns period=3.000ns})
  Destination:            result_reg[frac][0]/S
                            (rising edge-triggered cell FDSE clocked by clk  {rise@0.000ns fall@1.500ns period=3.000ns})
  Path Group:             clk
  Path Type:              Setup (Max at Slow Process Corner)
  Requirement:            3.000ns  (clk rise@3.000ns - clk rise@0.000ns)
  Data Path Delay:        2.377ns  (logic 1.772ns (74.548%)  route 0.605ns (25.452%))
  Logic Levels:           7  (DSP_ALU=1 DSP_M_DATA=1 DSP_MULTIPLIER=1 DSP_OUTPUT=1 DSP_PREADD_DATA=1 LUT4=1 LUT6=1)
  Clock Path Skew:        -0.129ns (DCD - SCD + CPR)
    Destination Clock Delay (DCD):    2.250ns = ( 5.250 - 3.000 ) 
    Source Clock Delay      (SCD):    2.928ns
    Clock Pessimism Removal (CPR):    0.550ns
  Clock Uncertainty:      0.035ns  ((TSJ^2 + TIJ^2)^1/2 + DJ) / 2 + PE
    Total System Jitter     (TSJ):    0.071ns
    Total Input Jitter      (TIJ):    0.000ns
    Discrete Jitter          (DJ):    0.000ns
    Phase Error              (PE):    0.000ns
  Clock Net Delay (Source):      1.476ns (routing 0.584ns, distribution 0.892ns)
  Clock Net Delay (Destination): 1.259ns (routing 0.531ns, distribution 0.728ns)

    Location             Delay type                Incr(ns)  Path(ns)    Netlist Resource(s)
  -------------------------------------------------------------------    -------------------
                         (clock clk rise edge)        0.000     0.000 r  <hidden>
    AB11                                              0.000     0.000 r  clk
                         net (fo=0)                   0.000     0.000    clk_IBUF_inst/I
    AB11                 INBUF (Prop_INBUF_HDIOB_M_PAD_O)
                                                      1.220     1.220 r  clk_IBUF_inst/INBUF_INST/O
                         net (fo=1, routed)           0.000     1.220    clk_IBUF_inst/OUT
    AB11                 IBUFCTRL (Prop_IBUFCTRL_HDIOB_M_I_O)
                                                      0.000     1.220 r  clk_IBUF_inst/IBUFCTRL_INST/O
                         net (fo=1, routed)           0.204     1.424    clk_IBUF
    BUFGCE_HDIO_X2Y1     BUFGCE (Prop_BUFCE_BUFGCE_HDIO_I_O)
                                                      0.028     1.452 r  clk_IBUF_BUFG_inst/O
    X1Y1 (CLOCK_ROOT)    net (fo=55, routed)          1.476     2.928    product_temp/CLK
    DSP48E2_X4Y28        DSP_A_B_DATA                                 r  product_temp/DSP_A_B_DATA_INST/CLK
  -------------------------------------------------------------------    -------------------
    DSP48E2_X4Y28        DSP_A_B_DATA (Prop_DSP_A_B_DATA_DSP48E2_CLK_B2_DATA[5])
                                                      0.212     3.140 r  product_temp/DSP_A_B_DATA_INST/B2_DATA[5]
                         net (fo=1, routed)           0.000     3.140    product_temp/DSP_A_B_DATA.B2_DATA<5>
    DSP48E2_X4Y28        DSP_PREADD_DATA (Prop_DSP_PREADD_DATA_DSP48E2_B2_DATA[5]_B2B1[5])
                                                      0.073     3.213 r  product_temp/DSP_PREADD_DATA_INST/B2B1[5]
                         net (fo=1, routed)           0.000     3.213    product_temp/DSP_PREADD_DATA.B2B1<5>
    DSP48E2_X4Y28        DSP_MULTIPLIER (Prop_DSP_MULTIPLIER_DSP48E2_B2B1[5]_V[5])
                                                      0.609     3.822 f  product_temp/DSP_MULTIPLIER_INST/V[5]
                         net (fo=1, routed)           0.000     3.822    product_temp/DSP_MULTIPLIER.V<5>
    DSP48E2_X4Y28        DSP_M_DATA (Prop_DSP_M_DATA_DSP48E2_V[5]_V_DATA[5])
                                                      0.046     3.868 r  product_temp/DSP_M_DATA_INST/V_DATA[5]
                         net (fo=1, routed)           0.000     3.868    product_temp/DSP_M_DATA.V_DATA<5>
    DSP48E2_X4Y28        DSP_ALU (Prop_DSP_ALU_DSP48E2_V_DATA[5]_ALU_OUT[5])
                                                      0.571     4.439 f  product_temp/DSP_ALU_INST/ALU_OUT[5]
                         net (fo=1, routed)           0.000     4.439    product_temp/DSP_ALU.ALU_OUT<5>
    DSP48E2_X4Y28        DSP_OUTPUT (Prop_DSP_OUTPUT_DSP48E2_ALU_OUT[5]_P[5])
                                                      0.109     4.548 r  product_temp/DSP_OUTPUT_INST/P[5]
                         net (fo=1, routed)           0.247     4.795    product_temp_n_100
    SLICE_X42Y69         LUT6 (Prop_D6LUT_SLICEM_I1_O)
                                                      0.099     4.894 r  result[frac][0]_i_4/O
                         net (fo=1, routed)           0.144     5.038    result[frac][0]_i_4_n_0
    SLICE_X42Y65         LUT4 (Prop_H6LUT_SLICEM_I3_O)
                                                      0.053     5.091 r  result[frac][0]_i_1/O
                         net (fo=1, routed)           0.214     5.305    result[frac][0]_i_1_n_0
    SLICE_X41Y65         FDSE                                         r  result_reg[frac][0]/S
  -------------------------------------------------------------------    -------------------

                         (clock clk rise edge)        3.000     3.000 r  <hidden>
    AB11                                              0.000     3.000 r  clk
                         net (fo=0)                   0.000     3.000    clk_IBUF_inst/I
    AB11                 INBUF (Prop_INBUF_HDIOB_M_PAD_O)
                                                      0.798     3.798 r  clk_IBUF_inst/INBUF_INST/O
                         net (fo=1, routed)           0.000     3.798    clk_IBUF_inst/OUT
    AB11                 IBUFCTRL (Prop_IBUFCTRL_HDIOB_M_I_O)
                                                      0.000     3.798 r  clk_IBUF_inst/IBUFCTRL_INST/O
                         net (fo=1, routed)           0.169     3.967    clk_IBUF
    BUFGCE_HDIO_X2Y1     BUFGCE (Prop_BUFCE_BUFGCE_HDIO_I_O)
                                                      0.024     3.991 r  clk_IBUF_BUFG_inst/O
    X1Y1 (CLOCK_ROOT)    net (fo=55, routed)          1.259     5.250    clk_IBUF_BUFG
    SLICE_X41Y65         FDSE                                         r  result_reg[frac][0]/C
                         clock pessimism              0.550     5.799    <hidden>
                         clock uncertainty           -0.035     5.764    <hidden>
    SLICE_X41Y65         FDSE (Setup_EFF2_SLICEL_C_S)
                                                     -0.074     5.690    result_reg[frac][0]
  -------------------------------------------------------------------
                         required time                          5.690    <hidden>
                         arrival time                          -5.305    <hidden>
  -------------------------------------------------------------------
                         slack                                  0.385    <hidden>

Slack (MET) :             0.391ns  (required time - arrival time)
  Source:                 product_temp/DSP_A_B_DATA_INST/CLK
                            (rising edge-triggered cell DSP_A_B_DATA clocked by clk  {rise@0.000ns fall@1.500ns period=3.000ns})
  Destination:            result_reg[expon][5]/D
                            (rising edge-triggered cell FDRE clocked by clk  {rise@0.000ns fall@1.500ns period=3.000ns})
  Path Group:             clk
  Path Type:              Setup (Max at Slow Process Corner)
  Requirement:            3.000ns  (clk rise@3.000ns - clk rise@0.000ns)
  Data Path Delay:        2.466ns  (logic 2.076ns (84.186%)  route 0.390ns (15.814%))
  Logic Levels:           7  (DSP_ALU=1 DSP_M_DATA=1 DSP_MULTIPLIER=1 DSP_OUTPUT=1 DSP_PREADD_DATA=1 LUT3=1 LUT6=1)
  Clock Path Skew:        -0.133ns (DCD - SCD + CPR)
    Destination Clock Delay (DCD):    2.246ns = ( 5.246 - 3.000 ) 
    Source Clock Delay      (SCD):    2.928ns
    Clock Pessimism Removal (CPR):    0.550ns
  Clock Uncertainty:      0.035ns  ((TSJ^2 + TIJ^2)^1/2 + DJ) / 2 + PE
    Total System Jitter     (TSJ):    0.071ns
    Total Input Jitter      (TIJ):    0.000ns
    Discrete Jitter          (DJ):    0.000ns
    Phase Error              (PE):    0.000ns
  Clock Net Delay (Source):      1.476ns (routing 0.584ns, distribution 0.892ns)
  Clock Net Delay (Destination): 1.255ns (routing 0.531ns, distribution 0.724ns)

    Location             Delay type                Incr(ns)  Path(ns)    Netlist Resource(s)
  -------------------------------------------------------------------    -------------------
                         (clock clk rise edge)        0.000     0.000 r  <hidden>
    AB11                                              0.000     0.000 r  clk
                         net (fo=0)                   0.000     0.000    clk_IBUF_inst/I
    AB11                 INBUF (Prop_INBUF_HDIOB_M_PAD_O)
                                                      1.220     1.220 r  clk_IBUF_inst/INBUF_INST/O
                         net (fo=1, routed)           0.000     1.220    clk_IBUF_inst/OUT
    AB11                 IBUFCTRL (Prop_IBUFCTRL_HDIOB_M_I_O)
                                                      0.000     1.220 r  clk_IBUF_inst/IBUFCTRL_INST/O
                         net (fo=1, routed)           0.204     1.424    clk_IBUF
    BUFGCE_HDIO_X2Y1     BUFGCE (Prop_BUFCE_BUFGCE_HDIO_I_O)
                                                      0.028     1.452 r  clk_IBUF_BUFG_inst/O
    X1Y1 (CLOCK_ROOT)    net (fo=55, routed)          1.476     2.928    product_temp/CLK
    DSP48E2_X4Y28        DSP_A_B_DATA                                 r  product_temp/DSP_A_B_DATA_INST/CLK
  -------------------------------------------------------------------    -------------------
    DSP48E2_X4Y28        DSP_A_B_DATA (Prop_DSP_A_B_DATA_DSP48E2_CLK_B2_DATA[17])
                                                      0.212     3.140 r  product_temp/DSP_A_B_DATA_INST/B2_DATA[17]
                         net (fo=1, routed)           0.000     3.140    product_temp/DSP_A_B_DATA.B2_DATA<17>
    DSP48E2_X4Y28        DSP_PREADD_DATA (Prop_DSP_PREADD_DATA_DSP48E2_B2_DATA[17]_B2B1[17])
                                                      0.073     3.213 r  product_temp/DSP_PREADD_DATA_INST/B2B1[17]
                         net (fo=1, routed)           0.000     3.213    product_temp/DSP_PREADD_DATA.B2B1<17>
    DSP48E2_X4Y28        DSP_MULTIPLIER (Prop_DSP_MULTIPLIER_DSP48E2_B2B1[17]_V[43])
                                                      0.609     3.822 f  product_temp/DSP_MULTIPLIER_INST/V[43]
                         net (fo=1, routed)           0.000     3.822    product_temp/DSP_MULTIPLIER.V<43>
    DSP48E2_X4Y28        DSP_M_DATA (Prop_DSP_M_DATA_DSP48E2_V[43]_V_DATA[43])
                                                      0.046     3.868 r  product_temp/DSP_M_DATA_INST/V_DATA[43]
                         net (fo=1, routed)           0.000     3.868    product_temp/DSP_M_DATA.V_DATA<43>
    DSP48E2_X4Y28        DSP_ALU (Prop_DSP_ALU_DSP48E2_V_DATA[43]_ALU_OUT[47])
                                                      0.571     4.439 r  product_temp/DSP_ALU_INST/ALU_OUT[47]
                         net (fo=1, routed)           0.000     4.439    product_temp/DSP_ALU.ALU_OUT<47>
    DSP48E2_X4Y28        DSP_OUTPUT (Prop_DSP_OUTPUT_DSP48E2_ALU_OUT[47]_PATTERN_DETECT)
                                                      0.363     4.802 r  product_temp/DSP_OUTPUT_INST/PATTERN_DETECT
                         net (fo=19, routed)          0.227     5.029    product_temp_n_4
    SLICE_X43Y72         LUT6 (Prop_A6LUT_SLICEM_I2_O)
                                                      0.150     5.179 r  result[expon][8]_i_3/O
                         net (fo=5, routed)           0.108     5.287    result[expon][8]_i_3_n_0
    SLICE_X43Y70         LUT3 (Prop_E6LUT_SLICEM_I1_O)
                                                      0.052     5.339 r  result[expon][5]_i_1/O
                         net (fo=1, routed)           0.055     5.394    result[expon][5]_i_1_n_0
    SLICE_X43Y70         FDRE                                         r  result_reg[expon][5]/D
  -------------------------------------------------------------------    -------------------

                         (clock clk rise edge)        3.000     3.000 r  <hidden>
    AB11                                              0.000     3.000 r  clk
                         net (fo=0)                   0.000     3.000    clk_IBUF_inst/I
    AB11                 INBUF (Prop_INBUF_HDIOB_M_PAD_O)
                                                      0.798     3.798 r  clk_IBUF_inst/INBUF_INST/O
                         net (fo=1, routed)           0.000     3.798    clk_IBUF_inst/OUT
    AB11                 IBUFCTRL (Prop_IBUFCTRL_HDIOB_M_I_O)
                                                      0.000     3.798 r  clk_IBUF_inst/IBUFCTRL_INST/O
                         net (fo=1, routed)           0.169     3.967    clk_IBUF
    BUFGCE_HDIO_X2Y1     BUFGCE (Prop_BUFCE_BUFGCE_HDIO_I_O)
                                                      0.024     3.991 r  clk_IBUF_BUFG_inst/O
    X1Y1 (CLOCK_ROOT)    net (fo=55, routed)          1.255     5.246    clk_IBUF_BUFG
    SLICE_X43Y70         FDRE                                         r  result_reg[expon][5]/C
                         clock pessimism              0.550     5.795    <hidden>
                         clock uncertainty           -0.035     5.760    <hidden>
    SLICE_X43Y70         FDRE (Setup_EFF_SLICEM_C_D)
                                                      0.025     5.785    result_reg[expon][5]
  -------------------------------------------------------------------
                         required time                          5.785    <hidden>
                         arrival time                          -5.394    <hidden>
  -------------------------------------------------------------------
                         slack                                  0.391    <hidden>

Slack (MET) :             0.393ns  (required time - arrival time)
  Source:                 product_temp/DSP_A_B_DATA_INST/CLK
                            (rising edge-triggered cell DSP_A_B_DATA clocked by clk  {rise@0.000ns fall@1.500ns period=3.000ns})
  Destination:            result_reg[expon][7]/D
                            (rising edge-triggered cell FDRE clocked by clk  {rise@0.000ns fall@1.500ns period=3.000ns})
  Path Group:             clk
  Path Type:              Setup (Max at Slow Process Corner)
  Requirement:            3.000ns  (clk rise@3.000ns - clk rise@0.000ns)
  Data Path Delay:        2.461ns  (logic 2.076ns (84.342%)  route 0.385ns (15.658%))
  Logic Levels:           7  (DSP_ALU=1 DSP_M_DATA=1 DSP_MULTIPLIER=1 DSP_OUTPUT=1 DSP_PREADD_DATA=1 LUT5=1 LUT6=1)
  Clock Path Skew:        -0.135ns (DCD - SCD + CPR)
    Destination Clock Delay (DCD):    2.244ns = ( 5.244 - 3.000 ) 
    Source Clock Delay      (SCD):    2.928ns
    Clock Pessimism Removal (CPR):    0.550ns
  Clock Uncertainty:      0.035ns  ((TSJ^2 + TIJ^2)^1/2 + DJ) / 2 + PE
    Total System Jitter     (TSJ):    0.071ns
    Total Input Jitter      (TIJ):    0.000ns
    Discrete Jitter          (DJ):    0.000ns
    Phase Error              (PE):    0.000ns
  Clock Net Delay (Source):      1.476ns (routing 0.584ns, distribution 0.892ns)
  Clock Net Delay (Destination): 1.253ns (routing 0.531ns, distribution 0.722ns)

    Location             Delay type                Incr(ns)  Path(ns)    Netlist Resource(s)
  -------------------------------------------------------------------    -------------------
                         (clock clk rise edge)        0.000     0.000 r  <hidden>
    AB11                                              0.000     0.000 r  clk
                         net (fo=0)                   0.000     0.000    clk_IBUF_inst/I
    AB11                 INBUF (Prop_INBUF_HDIOB_M_PAD_O)
                                                      1.220     1.220 r  clk_IBUF_inst/INBUF_INST/O
                         net (fo=1, routed)           0.000     1.220    clk_IBUF_inst/OUT
    AB11                 IBUFCTRL (Prop_IBUFCTRL_HDIOB_M_I_O)
                                                      0.000     1.220 r  clk_IBUF_inst/IBUFCTRL_INST/O
                         net (fo=1, routed)           0.204     1.424    clk_IBUF
    BUFGCE_HDIO_X2Y1     BUFGCE (Prop_BUFCE_BUFGCE_HDIO_I_O)
                                                      0.028     1.452 r  clk_IBUF_BUFG_inst/O
    X1Y1 (CLOCK_ROOT)    net (fo=55, routed)          1.476     2.928    product_temp/CLK
    DSP48E2_X4Y28        DSP_A_B_DATA                                 r  product_temp/DSP_A_B_DATA_INST/CLK
  -------------------------------------------------------------------    -------------------
    DSP48E2_X4Y28        DSP_A_B_DATA (Prop_DSP_A_B_DATA_DSP48E2_CLK_B2_DATA[17])
                                                      0.212     3.140 r  product_temp/DSP_A_B_DATA_INST/B2_DATA[17]
                         net (fo=1, routed)           0.000     3.140    product_temp/DSP_A_B_DATA.B2_DATA<17>
    DSP48E2_X4Y28        DSP_PREADD_DATA (Prop_DSP_PREADD_DATA_DSP48E2_B2_DATA[17]_B2B1[17])
                                                      0.073     3.213 r  product_temp/DSP_PREADD_DATA_INST/B2B1[17]
                         net (fo=1, routed)           0.000     3.213    product_temp/DSP_PREADD_DATA.B2B1<17>
    DSP48E2_X4Y28        DSP_MULTIPLIER (Prop_DSP_MULTIPLIER_DSP48E2_B2B1[17]_V[43])
                                                      0.609     3.822 f  product_temp/DSP_MULTIPLIER_INST/V[43]
                         net (fo=1, routed)           0.000     3.822    product_temp/DSP_MULTIPLIER.V<43>
    DSP48E2_X4Y28        DSP_M_DATA (Prop_DSP_M_DATA_DSP48E2_V[43]_V_DATA[43])
                                                      0.046     3.868 r  product_temp/DSP_M_DATA_INST/V_DATA[43]
                         net (fo=1, routed)           0.000     3.868    product_temp/DSP_M_DATA.V_DATA<43>
    DSP48E2_X4Y28        DSP_ALU (Prop_DSP_ALU_DSP48E2_V_DATA[43]_ALU_OUT[47])
                                                      0.571     4.439 r  product_temp/DSP_ALU_INST/ALU_OUT[47]
                         net (fo=1, routed)           0.000     4.439    product_temp/DSP_ALU.ALU_OUT<47>
    DSP48E2_X4Y28        DSP_OUTPUT (Prop_DSP_OUTPUT_DSP48E2_ALU_OUT[47]_PATTERN_DETECT)
                                                      0.363     4.802 r  product_temp/DSP_OUTPUT_INST/PATTERN_DETECT
                         net (fo=19, routed)          0.227     5.029    product_temp_n_4
    SLICE_X43Y72         LUT6 (Prop_A6LUT_SLICEM_I2_O)
                                                      0.150     5.179 r  result[expon][8]_i_3/O
                         net (fo=5, routed)           0.103     5.283    result[expon][8]_i_3_n_0
    SLICE_X43Y73         LUT5 (Prop_E6LUT_SLICEM_I2_O)
                                                      0.052     5.335 r  result[expon][7]_i_1/O
                         net (fo=1, routed)           0.055     5.390    result[expon][7]_i_1_n_0
    SLICE_X43Y73         FDRE                                         r  result_reg[expon][7]/D
  -------------------------------------------------------------------    -------------------

                         (clock clk rise edge)        3.000     3.000 r  <hidden>
    AB11                                              0.000     3.000 r  clk
                         net (fo=0)                   0.000     3.000    clk_IBUF_inst/I
    AB11                 INBUF (Prop_INBUF_HDIOB_M_PAD_O)
                                                      0.798     3.798 r  clk_IBUF_inst/INBUF_INST/O
                         net (fo=1, routed)           0.000     3.798    clk_IBUF_inst/OUT
    AB11                 IBUFCTRL (Prop_IBUFCTRL_HDIOB_M_I_O)
                                                      0.000     3.798 r  clk_IBUF_inst/IBUFCTRL_INST/O
                         net (fo=1, routed)           0.169     3.967    clk_IBUF
    BUFGCE_HDIO_X2Y1     BUFGCE (Prop_BUFCE_BUFGCE_HDIO_I_O)
                                                      0.024     3.991 r  clk_IBUF_BUFG_inst/O
    X1Y1 (CLOCK_ROOT)    net (fo=55, routed)          1.253     5.244    clk_IBUF_BUFG
    SLICE_X43Y73         FDRE                                         r  result_reg[expon][7]/C
                         clock pessimism              0.550     5.793    <hidden>
                         clock uncertainty           -0.035     5.758    <hidden>
    SLICE_X43Y73         FDRE (Setup_EFF_SLICEM_C_D)
                                                      0.025     5.783    result_reg[expon][7]
  -------------------------------------------------------------------
                         required time                          5.783    <hidden>
                         arrival time                          -5.390    <hidden>
  -------------------------------------------------------------------
                         slack                                  0.393    <hidden>

Slack (MET) :             0.457ns  (required time - arrival time)
  Source:                 product_temp/DSP_A_B_DATA_INST/CLK
                            (rising edge-triggered cell DSP_A_B_DATA clocked by clk  {rise@0.000ns fall@1.500ns period=3.000ns})
  Destination:            result_reg[frac][12]/D
                            (rising edge-triggered cell FDSE clocked by clk  {rise@0.000ns fall@1.500ns period=3.000ns})
  Path Group:             clk
  Path Type:              Setup (Max at Slow Process Corner)
  Requirement:            3.000ns  (clk rise@3.000ns - clk rise@0.000ns)
  Data Path Delay:        2.405ns  (logic 1.997ns (83.027%)  route 0.408ns (16.973%))
  Logic Levels:           6  (DSP_ALU=1 DSP_M_DATA=1 DSP_MULTIPLIER=1 DSP_OUTPUT=1 DSP_PREADD_DATA=1 LUT3=1)
  Clock Path Skew:        -0.127ns (DCD - SCD + CPR)
    Destination Clock Delay (DCD):    2.251ns = ( 5.251 - 3.000 ) 
    Source Clock Delay      (SCD):    2.928ns
    Clock Pessimism Removal (CPR):    0.550ns
  Clock Uncertainty:      0.035ns  ((TSJ^2 + TIJ^2)^1/2 + DJ) / 2 + PE
    Total System Jitter     (TSJ):    0.071ns
    Total Input Jitter      (TIJ):    0.000ns
    Discrete Jitter          (DJ):    0.000ns
    Phase Error              (PE):    0.000ns
  Clock Net Delay (Source):      1.476ns (routing 0.584ns, distribution 0.892ns)
  Clock Net Delay (Destination): 1.261ns (routing 0.531ns, distribution 0.730ns)

    Location             Delay type                Incr(ns)  Path(ns)    Netlist Resource(s)
  -------------------------------------------------------------------    -------------------
                         (clock clk rise edge)        0.000     0.000 r  <hidden>
    AB11                                              0.000     0.000 r  clk
                         net (fo=0)                   0.000     0.000    clk_IBUF_inst/I
    AB11                 INBUF (Prop_INBUF_HDIOB_M_PAD_O)
                                                      1.220     1.220 r  clk_IBUF_inst/INBUF_INST/O
                         net (fo=1, routed)           0.000     1.220    clk_IBUF_inst/OUT
    AB11                 IBUFCTRL (Prop_IBUFCTRL_HDIOB_M_I_O)
                                                      0.000     1.220 r  clk_IBUF_inst/IBUFCTRL_INST/O
                         net (fo=1, routed)           0.204     1.424    clk_IBUF
    BUFGCE_HDIO_X2Y1     BUFGCE (Prop_BUFCE_BUFGCE_HDIO_I_O)
                                                      0.028     1.452 r  clk_IBUF_BUFG_inst/O
    X1Y1 (CLOCK_ROOT)    net (fo=55, routed)          1.476     2.928    product_temp/CLK
    DSP48E2_X4Y28        DSP_A_B_DATA                                 r  product_temp/DSP_A_B_DATA_INST/CLK
  -------------------------------------------------------------------    -------------------
    DSP48E2_X4Y28        DSP_A_B_DATA (Prop_DSP_A_B_DATA_DSP48E2_CLK_B2_DATA[17])
                                                      0.212     3.140 r  product_temp/DSP_A_B_DATA_INST/B2_DATA[17]
                         net (fo=1, routed)           0.000     3.140    product_temp/DSP_A_B_DATA.B2_DATA<17>
    DSP48E2_X4Y28        DSP_PREADD_DATA (Prop_DSP_PREADD_DATA_DSP48E2_B2_DATA[17]_B2B1[17])
                                                      0.073     3.213 r  product_temp/DSP_PREADD_DATA_INST/B2B1[17]
                         net (fo=1, routed)           0.000     3.213    product_temp/DSP_PREADD_DATA.B2B1<17>
    DSP48E2_X4Y28        DSP_MULTIPLIER (Prop_DSP_MULTIPLIER_DSP48E2_B2B1[17]_V[43])
                                                      0.609     3.822 f  product_temp/DSP_MULTIPLIER_INST/V[43]
                         net (fo=1, routed)           0.000     3.822    product_temp/DSP_MULTIPLIER.V<43>
    DSP48E2_X4Y28        DSP_M_DATA (Prop_DSP_M_DATA_DSP48E2_V[43]_V_DATA[43])
                                                      0.046     3.868 r  product_temp/DSP_M_DATA_INST/V_DATA[43]
                         net (fo=1, routed)           0.000     3.868    product_temp/DSP_M_DATA.V_DATA<43>
    DSP48E2_X4Y28        DSP_ALU (Prop_DSP_ALU_DSP48E2_V_DATA[43]_ALU_OUT[47])
                                                      0.571     4.439 r  product_temp/DSP_ALU_INST/ALU_OUT[47]
                         net (fo=1, routed)           0.000     4.439    product_temp/DSP_ALU.ALU_OUT<47>
    DSP48E2_X4Y28        DSP_OUTPUT (Prop_DSP_OUTPUT_DSP48E2_ALU_OUT[47]_PATTERN_DETECT)
                                                      0.363     4.802 r  product_temp/DSP_OUTPUT_INST/PATTERN_DETECT
                         net (fo=19, routed)          0.342     5.145    product_temp_n_4
    SLICE_X43Y69         LUT3 (Prop_C6LUT_SLICEM_I1_O)
                                                      0.123     5.268 r  result[frac][12]_i_2/O
                         net (fo=1, routed)           0.066     5.334    result[frac][12]_i_2_n_0
    SLICE_X43Y69         FDSE                                         r  result_reg[frac][12]/D
  -------------------------------------------------------------------    -------------------

                         (clock clk rise edge)        3.000     3.000 r  <hidden>
    AB11                                              0.000     3.000 r  clk
                         net (fo=0)                   0.000     3.000    clk_IBUF_inst/I
    AB11                 INBUF (Prop_INBUF_HDIOB_M_PAD_O)
                                                      0.798     3.798 r  clk_IBUF_inst/INBUF_INST/O
                         net (fo=1, routed)           0.000     3.798    clk_IBUF_inst/OUT
    AB11                 IBUFCTRL (Prop_IBUFCTRL_HDIOB_M_I_O)
                                                      0.000     3.798 r  clk_IBUF_inst/IBUFCTRL_INST/O
                         net (fo=1, routed)           0.169     3.967    clk_IBUF
    BUFGCE_HDIO_X2Y1     BUFGCE (Prop_BUFCE_BUFGCE_HDIO_I_O)
                                                      0.024     3.991 r  clk_IBUF_BUFG_inst/O
    X1Y1 (CLOCK_ROOT)    net (fo=55, routed)          1.261     5.251    clk_IBUF_BUFG
    SLICE_X43Y69         FDSE                                         r  result_reg[frac][12]/C
                         clock pessimism              0.550     5.801    <hidden>
                         clock uncertainty           -0.035     5.766    <hidden>
    SLICE_X43Y69         FDSE (Setup_CFF_SLICEM_C_D)
                                                      0.025     5.791    result_reg[frac][12]
  -------------------------------------------------------------------
                         required time                          5.791    <hidden>
                         arrival time                          -5.334    <hidden>
  -------------------------------------------------------------------
                         slack                                  0.457    <hidden>

Slack (MET) :             0.473ns  (required time - arrival time)
  Source:                 product_temp/DSP_A_B_DATA_INST/CLK
                            (rising edge-triggered cell DSP_A_B_DATA clocked by clk  {rise@0.000ns fall@1.500ns period=3.000ns})
  Destination:            result_reg[frac][2]/D
                            (rising edge-triggered cell FDSE clocked by clk  {rise@0.000ns fall@1.500ns period=3.000ns})
  Path Group:             clk
  Path Type:              Setup (Max at Slow Process Corner)
  Requirement:            3.000ns  (clk rise@3.000ns - clk rise@0.000ns)
  Data Path Delay:        2.390ns  (logic 1.997ns (83.570%)  route 0.393ns (16.430%))
  Logic Levels:           6  (DSP_ALU=1 DSP_M_DATA=1 DSP_MULTIPLIER=1 DSP_OUTPUT=1 DSP_PREADD_DATA=1 LUT3=1)
  Clock Path Skew:        -0.127ns (DCD - SCD + CPR)
    Destination Clock Delay (DCD):    2.251ns = ( 5.251 - 3.000 ) 
    Source Clock Delay      (SCD):    2.928ns
    Clock Pessimism Removal (CPR):    0.550ns
  Clock Uncertainty:      0.035ns  ((TSJ^2 + TIJ^2)^1/2 + DJ) / 2 + PE
    Total System Jitter     (TSJ):    0.071ns
    Total Input Jitter      (TIJ):    0.000ns
    Discrete Jitter          (DJ):    0.000ns
    Phase Error              (PE):    0.000ns
  Clock Net Delay (Source):      1.476ns (routing 0.584ns, distribution 0.892ns)
  Clock Net Delay (Destination): 1.261ns (routing 0.531ns, distribution 0.730ns)

    Location             Delay type                Incr(ns)  Path(ns)    Netlist Resource(s)
  -------------------------------------------------------------------    -------------------
                         (clock clk rise edge)        0.000     0.000 r  <hidden>
    AB11                                              0.000     0.000 r  clk
                         net (fo=0)                   0.000     0.000    clk_IBUF_inst/I
    AB11                 INBUF (Prop_INBUF_HDIOB_M_PAD_O)
                                                      1.220     1.220 r  clk_IBUF_inst/INBUF_INST/O
                         net (fo=1, routed)           0.000     1.220    clk_IBUF_inst/OUT
    AB11                 IBUFCTRL (Prop_IBUFCTRL_HDIOB_M_I_O)
                                                      0.000     1.220 r  clk_IBUF_inst/IBUFCTRL_INST/O
                         net (fo=1, routed)           0.204     1.424    clk_IBUF
    BUFGCE_HDIO_X2Y1     BUFGCE (Prop_BUFCE_BUFGCE_HDIO_I_O)
                                                      0.028     1.452 r  clk_IBUF_BUFG_inst/O
    X1Y1 (CLOCK_ROOT)    net (fo=55, routed)          1.476     2.928    product_temp/CLK
    DSP48E2_X4Y28        DSP_A_B_DATA                                 r  product_temp/DSP_A_B_DATA_INST/CLK
  -------------------------------------------------------------------    -------------------
    DSP48E2_X4Y28        DSP_A_B_DATA (Prop_DSP_A_B_DATA_DSP48E2_CLK_B2_DATA[17])
                                                      0.212     3.140 r  product_temp/DSP_A_B_DATA_INST/B2_DATA[17]
                         net (fo=1, routed)           0.000     3.140    product_temp/DSP_A_B_DATA.B2_DATA<17>
    DSP48E2_X4Y28        DSP_PREADD_DATA (Prop_DSP_PREADD_DATA_DSP48E2_B2_DATA[17]_B2B1[17])
                                                      0.073     3.213 r  product_temp/DSP_PREADD_DATA_INST/B2B1[17]
                         net (fo=1, routed)           0.000     3.213    product_temp/DSP_PREADD_DATA.B2B1<17>
    DSP48E2_X4Y28        DSP_MULTIPLIER (Prop_DSP_MULTIPLIER_DSP48E2_B2B1[17]_V[43])
                                                      0.609     3.822 f  product_temp/DSP_MULTIPLIER_INST/V[43]
                         net (fo=1, routed)           0.000     3.822    product_temp/DSP_MULTIPLIER.V<43>
    DSP48E2_X4Y28        DSP_M_DATA (Prop_DSP_M_DATA_DSP48E2_V[43]_V_DATA[43])
                                                      0.046     3.868 r  product_temp/DSP_M_DATA_INST/V_DATA[43]
                         net (fo=1, routed)           0.000     3.868    product_temp/DSP_M_DATA.V_DATA<43>
    DSP48E2_X4Y28        DSP_ALU (Prop_DSP_ALU_DSP48E2_V_DATA[43]_ALU_OUT[47])
                                                      0.571     4.439 r  product_temp/DSP_ALU_INST/ALU_OUT[47]
                         net (fo=1, routed)           0.000     4.439    product_temp/DSP_ALU.ALU_OUT<47>
    DSP48E2_X4Y28        DSP_OUTPUT (Prop_DSP_OUTPUT_DSP48E2_ALU_OUT[47]_PATTERN_DETECT)
                                                      0.363     4.802 r  product_temp/DSP_OUTPUT_INST/PATTERN_DETECT
                         net (fo=19, routed)          0.327     5.129    product_temp_n_4
    SLICE_X43Y68         LUT3 (Prop_C6LUT_SLICEM_I1_O)
                                                      0.123     5.252 r  result[frac][2]_i_1/O
                         net (fo=1, routed)           0.066     5.318    result[frac][2]_i_1_n_0
    SLICE_X43Y68         FDSE                                         r  result_reg[frac][2]/D
  -------------------------------------------------------------------    -------------------

                         (clock clk rise edge)        3.000     3.000 r  <hidden>
    AB11                                              0.000     3.000 r  clk
                         net (fo=0)                   0.000     3.000    clk_IBUF_inst/I
    AB11                 INBUF (Prop_INBUF_HDIOB_M_PAD_O)
                                                      0.798     3.798 r  clk_IBUF_inst/INBUF_INST/O
                         net (fo=1, routed)           0.000     3.798    clk_IBUF_inst/OUT
    AB11                 IBUFCTRL (Prop_IBUFCTRL_HDIOB_M_I_O)
                                                      0.000     3.798 r  clk_IBUF_inst/IBUFCTRL_INST/O
                         net (fo=1, routed)           0.169     3.967    clk_IBUF
    BUFGCE_HDIO_X2Y1     BUFGCE (Prop_BUFCE_BUFGCE_HDIO_I_O)
                                                      0.024     3.991 r  clk_IBUF_BUFG_inst/O
    X1Y1 (CLOCK_ROOT)    net (fo=55, routed)          1.261     5.251    clk_IBUF_BUFG
    SLICE_X43Y68         FDSE                                         r  result_reg[frac][2]/C
                         clock pessimism              0.550     5.801    <hidden>
                         clock uncertainty           -0.035     5.766    <hidden>
    SLICE_X43Y68         FDSE (Setup_CFF_SLICEM_C_D)
                                                      0.025     5.791    result_reg[frac][2]
  -------------------------------------------------------------------
                         required time                          5.791    <hidden>
                         arrival time                          -5.318    <hidden>
  -------------------------------------------------------------------
                         slack                                  0.473    <hidden>

Slack (MET) :             0.474ns  (required time - arrival time)
  Source:                 product_temp/DSP_A_B_DATA_INST/CLK
                            (rising edge-triggered cell DSP_A_B_DATA clocked by clk  {rise@0.000ns fall@1.500ns period=3.000ns})
  Destination:            result_reg[frac][0]/D
                            (rising edge-triggered cell FDSE clocked by clk  {rise@0.000ns fall@1.500ns period=3.000ns})
  Path Group:             clk
  Path Type:              Setup (Max at Slow Process Corner)
  Requirement:            3.000ns  (clk rise@3.000ns - clk rise@0.000ns)
  Data Path Delay:        2.387ns  (logic 1.988ns (83.281%)  route 0.399ns (16.719%))
  Logic Levels:           6  (DSP_ALU=1 DSP_M_DATA=1 DSP_MULTIPLIER=1 DSP_OUTPUT=1 DSP_PREADD_DATA=1 LUT2=1)
  Clock Path Skew:        -0.129ns (DCD - SCD + CPR)
    Destination Clock Delay (DCD):    2.250ns = ( 5.250 - 3.000 ) 
    Source Clock Delay      (SCD):    2.928ns
    Clock Pessimism Removal (CPR):    0.550ns
  Clock Uncertainty:      0.035ns  ((TSJ^2 + TIJ^2)^1/2 + DJ) / 2 + PE
    Total System Jitter     (TSJ):    0.071ns
    Total Input Jitter      (TIJ):    0.000ns
    Discrete Jitter          (DJ):    0.000ns
    Phase Error              (PE):    0.000ns
  Clock Net Delay (Source):      1.476ns (routing 0.584ns, distribution 0.892ns)
  Clock Net Delay (Destination): 1.259ns (routing 0.531ns, distribution 0.728ns)

    Location             Delay type                Incr(ns)  Path(ns)    Netlist Resource(s)
  -------------------------------------------------------------------    -------------------
                         (clock clk rise edge)        0.000     0.000 r  <hidden>
    AB11                                              0.000     0.000 r  clk
                         net (fo=0)                   0.000     0.000    clk_IBUF_inst/I
    AB11                 INBUF (Prop_INBUF_HDIOB_M_PAD_O)
                                                      1.220     1.220 r  clk_IBUF_inst/INBUF_INST/O
                         net (fo=1, routed)           0.000     1.220    clk_IBUF_inst/OUT
    AB11                 IBUFCTRL (Prop_IBUFCTRL_HDIOB_M_I_O)
                                                      0.000     1.220 r  clk_IBUF_inst/IBUFCTRL_INST/O
                         net (fo=1, routed)           0.204     1.424    clk_IBUF
    BUFGCE_HDIO_X2Y1     BUFGCE (Prop_BUFCE_BUFGCE_HDIO_I_O)
                                                      0.028     1.452 r  clk_IBUF_BUFG_inst/O
    X1Y1 (CLOCK_ROOT)    net (fo=55, routed)          1.476     2.928    product_temp/CLK
    DSP48E2_X4Y28        DSP_A_B_DATA                                 r  product_temp/DSP_A_B_DATA_INST/CLK
  -------------------------------------------------------------------    -------------------
    DSP48E2_X4Y28        DSP_A_B_DATA (Prop_DSP_A_B_DATA_DSP48E2_CLK_B2_DATA[17])
                                                      0.212     3.140 r  product_temp/DSP_A_B_DATA_INST/B2_DATA[17]
                         net (fo=1, routed)           0.000     3.140    product_temp/DSP_A_B_DATA.B2_DATA<17>
    DSP48E2_X4Y28        DSP_PREADD_DATA (Prop_DSP_PREADD_DATA_DSP48E2_B2_DATA[17]_B2B1[17])
                                                      0.073     3.213 r  product_temp/DSP_PREADD_DATA_INST/B2B1[17]
                         net (fo=1, routed)           0.000     3.213    product_temp/DSP_PREADD_DATA.B2B1<17>
    DSP48E2_X4Y28        DSP_MULTIPLIER (Prop_DSP_MULTIPLIER_DSP48E2_B2B1[17]_V[43])
                                                      0.609     3.822 f  product_temp/DSP_MULTIPLIER_INST/V[43]
                         net (fo=1, routed)           0.000     3.822    product_temp/DSP_MULTIPLIER.V<43>
    DSP48E2_X4Y28        DSP_M_DATA (Prop_DSP_M_DATA_DSP48E2_V[43]_V_DATA[43])
                                                      0.046     3.868 r  product_temp/DSP_M_DATA_INST/V_DATA[43]
                         net (fo=1, routed)           0.000     3.868    product_temp/DSP_M_DATA.V_DATA<43>
    DSP48E2_X4Y28        DSP_ALU (Prop_DSP_ALU_DSP48E2_V_DATA[43]_ALU_OUT[47])
                                                      0.571     4.439 r  product_temp/DSP_ALU_INST/ALU_OUT[47]
                         net (fo=1, routed)           0.000     4.439    product_temp/DSP_ALU.ALU_OUT<47>
    DSP48E2_X4Y28        DSP_OUTPUT (Prop_DSP_OUTPUT_DSP48E2_ALU_OUT[47]_PATTERN_DETECT)
                                                      0.363     4.802 f  product_temp/DSP_OUTPUT_INST/PATTERN_DETECT
                         net (fo=19, routed)          0.381     5.183    product_temp_n_4
    SLICE_X41Y65         LUT2 (Prop_E5LUT_SLICEL_I0_O)
                                                      0.114     5.297 r  result[frac][0]_i_2/O
                         net (fo=1, routed)           0.018     5.315    result[frac][0]_i_2_n_0
    SLICE_X41Y65         FDSE                                         r  result_reg[frac][0]/D
  -------------------------------------------------------------------    -------------------

                         (clock clk rise edge)        3.000     3.000 r  <hidden>
    AB11                                              0.000     3.000 r  clk
                         net (fo=0)                   0.000     3.000    clk_IBUF_inst/I
    AB11                 INBUF (Prop_INBUF_HDIOB_M_PAD_O)
                                                      0.798     3.798 r  clk_IBUF_inst/INBUF_INST/O
                         net (fo=1, routed)           0.000     3.798    clk_IBUF_inst/OUT
    AB11                 IBUFCTRL (Prop_IBUFCTRL_HDIOB_M_I_O)
                                                      0.000     3.798 r  clk_IBUF_inst/IBUFCTRL_INST/O
                         net (fo=1, routed)           0.169     3.967    clk_IBUF
    BUFGCE_HDIO_X2Y1     BUFGCE (Prop_BUFCE_BUFGCE_HDIO_I_O)
                                                      0.024     3.991 r  clk_IBUF_BUFG_inst/O
    X1Y1 (CLOCK_ROOT)    net (fo=55, routed)          1.259     5.250    clk_IBUF_BUFG
    SLICE_X41Y65         FDSE                                         r  result_reg[frac][0]/C
                         clock pessimism              0.550     5.799    <hidden>
                         clock uncertainty           -0.035     5.764    <hidden>
    SLICE_X41Y65         FDSE (Setup_EFF2_SLICEL_C_D)
                                                      0.025     5.789    result_reg[frac][0]
  -------------------------------------------------------------------
                         required time                          5.789    <hidden>
                         arrival time                          -5.315    <hidden>
  -------------------------------------------------------------------
                         slack                                  0.474    <hidden>

Slack (MET) :             0.485ns  (required time - arrival time)
  Source:                 product_temp/DSP_A_B_DATA_INST/CLK
                            (rising edge-triggered cell DSP_A_B_DATA clocked by clk  {rise@0.000ns fall@1.500ns period=3.000ns})
  Destination:            result_reg[frac][10]/D
                            (rising edge-triggered cell FDSE clocked by clk  {rise@0.000ns fall@1.500ns period=3.000ns})
  Path Group:             clk
  Path Type:              Setup (Max at Slow Process Corner)
  Requirement:            3.000ns  (clk rise@3.000ns - clk rise@0.000ns)
  Data Path Delay:        2.377ns  (logic 2.009ns (84.509%)  route 0.368ns (15.491%))
  Logic Levels:           6  (DSP_ALU=1 DSP_M_DATA=1 DSP_MULTIPLIER=1 DSP_OUTPUT=1 DSP_PREADD_DATA=1 LUT3=1)
  Clock Path Skew:        -0.127ns (DCD - SCD + CPR)
    Destination Clock Delay (DCD):    2.251ns = ( 5.251 - 3.000 ) 
    Source Clock Delay      (SCD):    2.928ns
    Clock Pessimism Removal (CPR):    0.550ns
  Clock Uncertainty:      0.035ns  ((TSJ^2 + TIJ^2)^1/2 + DJ) / 2 + PE
    Total System Jitter     (TSJ):    0.071ns
    Total Input Jitter      (TIJ):    0.000ns
    Discrete Jitter          (DJ):    0.000ns
    Phase Error              (PE):    0.000ns
  Clock Net Delay (Source):      1.476ns (routing 0.584ns, distribution 0.892ns)
  Clock Net Delay (Destination): 1.261ns (routing 0.531ns, distribution 0.730ns)

    Location             Delay type                Incr(ns)  Path(ns)    Netlist Resource(s)
  -------------------------------------------------------------------    -------------------
                         (clock clk rise edge)        0.000     0.000 r  <hidden>
    AB11                                              0.000     0.000 r  clk
                         net (fo=0)                   0.000     0.000    clk_IBUF_inst/I
    AB11                 INBUF (Prop_INBUF_HDIOB_M_PAD_O)
                                                      1.220     1.220 r  clk_IBUF_inst/INBUF_INST/O
                         net (fo=1, routed)           0.000     1.220    clk_IBUF_inst/OUT
    AB11                 IBUFCTRL (Prop_IBUFCTRL_HDIOB_M_I_O)
                                                      0.000     1.220 r  clk_IBUF_inst/IBUFCTRL_INST/O
                         net (fo=1, routed)           0.204     1.424    clk_IBUF
    BUFGCE_HDIO_X2Y1     BUFGCE (Prop_BUFCE_BUFGCE_HDIO_I_O)
                                                      0.028     1.452 r  clk_IBUF_BUFG_inst/O
    X1Y1 (CLOCK_ROOT)    net (fo=55, routed)          1.476     2.928    product_temp/CLK
    DSP48E2_X4Y28        DSP_A_B_DATA                                 r  product_temp/DSP_A_B_DATA_INST/CLK
  -------------------------------------------------------------------    -------------------
    DSP48E2_X4Y28        DSP_A_B_DATA (Prop_DSP_A_B_DATA_DSP48E2_CLK_B2_DATA[17])
                                                      0.212     3.140 r  product_temp/DSP_A_B_DATA_INST/B2_DATA[17]
                         net (fo=1, routed)           0.000     3.140    product_temp/DSP_A_B_DATA.B2_DATA<17>
    DSP48E2_X4Y28        DSP_PREADD_DATA (Prop_DSP_PREADD_DATA_DSP48E2_B2_DATA[17]_B2B1[17])
                                                      0.073     3.213 r  product_temp/DSP_PREADD_DATA_INST/B2B1[17]
                         net (fo=1, routed)           0.000     3.213    product_temp/DSP_PREADD_DATA.B2B1<17>
    DSP48E2_X4Y28        DSP_MULTIPLIER (Prop_DSP_MULTIPLIER_DSP48E2_B2B1[17]_V[43])
                                                      0.609     3.822 f  product_temp/DSP_MULTIPLIER_INST/V[43]
                         net (fo=1, routed)           0.000     3.822    product_temp/DSP_MULTIPLIER.V<43>
    DSP48E2_X4Y28        DSP_M_DATA (Prop_DSP_M_DATA_DSP48E2_V[43]_V_DATA[43])
                                                      0.046     3.868 r  product_temp/DSP_M_DATA_INST/V_DATA[43]
                         net (fo=1, routed)           0.000     3.868    product_temp/DSP_M_DATA.V_DATA<43>
    DSP48E2_X4Y28        DSP_ALU (Prop_DSP_ALU_DSP48E2_V_DATA[43]_ALU_OUT[47])
                                                      0.571     4.439 r  product_temp/DSP_ALU_INST/ALU_OUT[47]
                         net (fo=1, routed)           0.000     4.439    product_temp/DSP_ALU.ALU_OUT<47>
    DSP48E2_X4Y28        DSP_OUTPUT (Prop_DSP_OUTPUT_DSP48E2_ALU_OUT[47]_PATTERN_DETECT)
                                                      0.363     4.802 r  product_temp/DSP_OUTPUT_INST/PATTERN_DETECT
                         net (fo=19, routed)          0.338     5.141    product_temp_n_4
    SLICE_X43Y69         LUT3 (Prop_D5LUT_SLICEM_I1_O)
                                                      0.135     5.276 r  result[frac][10]_i_1/O
                         net (fo=1, routed)           0.030     5.306    result[frac][10]_i_1_n_0
    SLICE_X43Y69         FDSE                                         r  result_reg[frac][10]/D
  -------------------------------------------------------------------    -------------------

                         (clock clk rise edge)        3.000     3.000 r  <hidden>
    AB11                                              0.000     3.000 r  clk
                         net (fo=0)                   0.000     3.000    clk_IBUF_inst/I
    AB11                 INBUF (Prop_INBUF_HDIOB_M_PAD_O)
                                                      0.798     3.798 r  clk_IBUF_inst/INBUF_INST/O
                         net (fo=1, routed)           0.000     3.798    clk_IBUF_inst/OUT
    AB11                 IBUFCTRL (Prop_IBUFCTRL_HDIOB_M_I_O)
                                                      0.000     3.798 r  clk_IBUF_inst/IBUFCTRL_INST/O
                         net (fo=1, routed)           0.169     3.967    clk_IBUF
    BUFGCE_HDIO_X2Y1     BUFGCE (Prop_BUFCE_BUFGCE_HDIO_I_O)
                                                      0.024     3.991 r  clk_IBUF_BUFG_inst/O
    X1Y1 (CLOCK_ROOT)    net (fo=55, routed)          1.261     5.251    clk_IBUF_BUFG
    SLICE_X43Y69         FDSE                                         r  result_reg[frac][10]/C
                         clock pessimism              0.550     5.801    <hidden>
                         clock uncertainty           -0.035     5.766    <hidden>
    SLICE_X43Y69         FDSE (Setup_DFF2_SLICEM_C_D)
                                                      0.025     5.791    result_reg[frac][10]
  -------------------------------------------------------------------
                         required time                          5.791    <hidden>
                         arrival time                          -5.306    <hidden>
  -------------------------------------------------------------------
                         slack                                  0.485    <hidden>





Min Delay Paths
--------------------------------------------------------------------------------------
Slack (MET) :             0.089ns  (arrival time - required time)
  Source:                 alu_ina_reg[sign]/C
                            (rising edge-triggered cell FDRE clocked by clk  {rise@0.000ns fall@1.500ns period=3.000ns})
  Destination:            result_reg[sign]/D
                            (rising edge-triggered cell FDSE clocked by clk  {rise@0.000ns fall@1.500ns period=3.000ns})
  Path Group:             clk
  Path Type:              Hold (Min at Fast Process Corner)
  Requirement:            0.000ns  (clk rise@0.000ns - clk rise@0.000ns)
  Data Path Delay:        0.151ns  (logic 0.089ns (58.980%)  route 0.062ns (41.020%))
  Logic Levels:           1  (LUT2=1)
  Clock Path Skew:        0.015ns (DCD - SCD - CPR)
    Destination Clock Delay (DCD):    2.053ns
    Source Clock Delay      (SCD):    1.677ns
    Clock Pessimism Removal (CPR):    0.361ns
  Clock Net Delay (Source):      0.772ns (routing 0.321ns, distribution 0.451ns)
  Clock Net Delay (Destination): 0.879ns (routing 0.358ns, distribution 0.521ns)

    Location             Delay type                Incr(ns)  Path(ns)    Netlist Resource(s)
  -------------------------------------------------------------------    -------------------
                         (clock clk rise edge)        0.000     0.000 r  <hidden>
    AB11                                              0.000     0.000 r  clk
                         net (fo=0)                   0.000     0.000    clk_IBUF_inst/I
    AB11                 INBUF (Prop_INBUF_HDIOB_M_PAD_O)
                                                      0.798     0.798 r  clk_IBUF_inst/INBUF_INST/O
                         net (fo=1, routed)           0.000     0.798    clk_IBUF_inst/OUT
    AB11                 IBUFCTRL (Prop_IBUFCTRL_HDIOB_M_I_O)
                                                      0.000     0.798 r  clk_IBUF_inst/IBUFCTRL_INST/O
                         net (fo=1, routed)           0.091     0.889    clk_IBUF
    BUFGCE_HDIO_X2Y1     BUFGCE (Prop_BUFCE_BUFGCE_HDIO_I_O)
                                                      0.017     0.906 r  clk_IBUF_BUFG_inst/O
    X1Y1 (CLOCK_ROOT)    net (fo=55, routed)          0.772     1.677    clk_IBUF_BUFG
    SLICE_X48Y91         FDRE                                         r  alu_ina_reg[sign]/C
  -------------------------------------------------------------------    -------------------
    SLICE_X48Y91         FDRE (Prop_EFF_SLICEM_C_Q)
                                                      0.038     1.715 r  alu_ina_reg[sign]/Q
                         net (fo=2, routed)           0.053     1.768    alu_ina_reg[sign]__0
    SLICE_X48Y91         LUT2 (Prop_D5LUT_SLICEM_I1_O)
                                                      0.051     1.819 r  result[sign]_i_2/O
                         net (fo=1, routed)           0.009     1.828    result[sign]_i_2_n_0
    SLICE_X48Y91         FDSE                                         r  result_reg[sign]/D
  -------------------------------------------------------------------    -------------------

                         (clock clk rise edge)        0.000     0.000 r  <hidden>
    AB11                                              0.000     0.000 r  clk
                         net (fo=0)                   0.000     0.000    clk_IBUF_inst/I
    AB11                 INBUF (Prop_INBUF_HDIOB_M_PAD_O)
                                                      1.041     1.041 r  clk_IBUF_inst/INBUF_INST/O
                         net (fo=1, routed)           0.000     1.041    clk_IBUF_inst/OUT
    AB11                 IBUFCTRL (Prop_IBUFCTRL_HDIOB_M_I_O)
                                                      0.000     1.041 r  clk_IBUF_inst/IBUFCTRL_INST/O
                         net (fo=1, routed)           0.113     1.154    clk_IBUF
    BUFGCE_HDIO_X2Y1     BUFGCE (Prop_BUFCE_BUFGCE_HDIO_I_O)
                                                      0.019     1.173 r  clk_IBUF_BUFG_inst/O
    X1Y1 (CLOCK_ROOT)    net (fo=55, routed)          0.879     2.053    clk_IBUF_BUFG
    SLICE_X48Y91         FDSE                                         r  result_reg[sign]/C
                         clock pessimism             -0.361     1.692    <hidden>
    SLICE_X48Y91         FDSE (Hold_DFF2_SLICEM_C_D)
                                                      0.047     1.739    result_reg[sign]
  -------------------------------------------------------------------
                         required time                         -1.739    <hidden>
                         arrival time                           1.828    <hidden>
  -------------------------------------------------------------------
                         slack                                  0.089    <hidden>

Slack (MET) :             0.102ns  (arrival time - required time)
  Source:                 alu_inb_reg[znan]/C
                            (rising edge-triggered cell FDRE clocked by clk  {rise@0.000ns fall@1.500ns period=3.000ns})
  Destination:            result_reg[znan]/D
                            (rising edge-triggered cell FDRE clocked by clk  {rise@0.000ns fall@1.500ns period=3.000ns})
  Path Group:             clk
  Path Type:              Hold (Min at Fast Process Corner)
  Requirement:            0.000ns  (clk rise@0.000ns - clk rise@0.000ns)
  Data Path Delay:        0.155ns  (logic 0.073ns (47.097%)  route 0.082ns (52.903%))
  Logic Levels:           1  (LUT2=1)
  Clock Path Skew:        0.006ns (DCD - SCD - CPR)
    Destination Clock Delay (DCD):    2.051ns
    Source Clock Delay      (SCD):    1.677ns
    Clock Pessimism Removal (CPR):    0.367ns
  Clock Net Delay (Source):      0.772ns (routing 0.321ns, distribution 0.451ns)
  Clock Net Delay (Destination): 0.877ns (routing 0.358ns, distribution 0.519ns)

    Location             Delay type                Incr(ns)  Path(ns)    Netlist Resource(s)
  -------------------------------------------------------------------    -------------------
                         (clock clk rise edge)        0.000     0.000 r  <hidden>
    AB11                                              0.000     0.000 r  clk
                         net (fo=0)                   0.000     0.000    clk_IBUF_inst/I
    AB11                 INBUF (Prop_INBUF_HDIOB_M_PAD_O)
                                                      0.798     0.798 r  clk_IBUF_inst/INBUF_INST/O
                         net (fo=1, routed)           0.000     0.798    clk_IBUF_inst/OUT
    AB11                 IBUFCTRL (Prop_IBUFCTRL_HDIOB_M_I_O)
                                                      0.000     0.798 r  clk_IBUF_inst/IBUFCTRL_INST/O
                         net (fo=1, routed)           0.091     0.889    clk_IBUF
    BUFGCE_HDIO_X2Y1     BUFGCE (Prop_BUFCE_BUFGCE_HDIO_I_O)
                                                      0.017     0.906 r  clk_IBUF_BUFG_inst/O
    X1Y1 (CLOCK_ROOT)    net (fo=55, routed)          0.772     1.677    clk_IBUF_BUFG
    SLICE_X48Y91         FDRE                                         r  alu_inb_reg[znan]/C
  -------------------------------------------------------------------    -------------------
    SLICE_X48Y91         FDRE (Prop_FFF2_SLICEM_C_Q)
                                                      0.040     1.717 r  alu_inb_reg[znan]/Q
                         net (fo=2, routed)           0.076     1.793    alu_inb_reg[znan]__0
    SLICE_X48Y91         LUT2 (Prop_H5LUT_SLICEM_I1_O)
                                                      0.033     1.826 r  result[znan]_i_1/O
                         net (fo=1, routed)           0.006     1.832    alu_out[znan]
    SLICE_X48Y91         FDRE                                         r  result_reg[znan]/D
  -------------------------------------------------------------------    -------------------

                         (clock clk rise edge)        0.000     0.000 r  <hidden>
    AB11                                              0.000     0.000 r  clk
                         net (fo=0)                   0.000     0.000    clk_IBUF_inst/I
    AB11                 INBUF (Prop_INBUF_HDIOB_M_PAD_O)
                                                      1.041     1.041 r  clk_IBUF_inst/INBUF_INST/O
                         net (fo=1, routed)           0.000     1.041    clk_IBUF_inst/OUT
    AB11                 IBUFCTRL (Prop_IBUFCTRL_HDIOB_M_I_O)
                                                      0.000     1.041 r  clk_IBUF_inst/IBUFCTRL_INST/O
                         net (fo=1, routed)           0.113     1.154    clk_IBUF
    BUFGCE_HDIO_X2Y1     BUFGCE (Prop_BUFCE_BUFGCE_HDIO_I_O)
                                                      0.019     1.173 r  clk_IBUF_BUFG_inst/O
    X1Y1 (CLOCK_ROOT)    net (fo=55, routed)          0.877     2.051    clk_IBUF_BUFG
    SLICE_X48Y91         FDRE                                         r  result_reg[znan]/C
                         clock pessimism             -0.367     1.683    <hidden>
    SLICE_X48Y91         FDRE (Hold_HFF2_SLICEM_C_D)
                                                      0.047     1.730    result_reg[znan]
  -------------------------------------------------------------------
                         required time                         -1.730    <hidden>
                         arrival time                           1.832    <hidden>
  -------------------------------------------------------------------
                         slack                                  0.102    <hidden>

Slack (MET) :             0.172ns  (arrival time - required time)
  Source:                 alu_ina_reg[expon][7]/C
                            (rising edge-triggered cell FDRE clocked by clk  {rise@0.000ns fall@1.500ns period=3.000ns})
  Destination:            result_reg[expon][9]/D
                            (rising edge-triggered cell FDRE clocked by clk  {rise@0.000ns fall@1.500ns period=3.000ns})
  Path Group:             clk
  Path Type:              Hold (Min at Fast Process Corner)
  Requirement:            0.000ns  (clk rise@0.000ns - clk rise@0.000ns)
  Data Path Delay:        0.273ns  (logic 0.103ns (37.734%)  route 0.170ns (62.266%))
  Logic Levels:           3  (CARRY8=2 LUT4=1)
  Clock Path Skew:        0.055ns (DCD - SCD - CPR)
    Destination Clock Delay (DCD):    2.079ns
    Source Clock Delay      (SCD):    1.696ns
    Clock Pessimism Removal (CPR):    0.328ns
  Clock Net Delay (Source):      0.791ns (routing 0.321ns, distribution 0.470ns)
  Clock Net Delay (Destination): 0.905ns (routing 0.358ns, distribution 0.547ns)

    Location             Delay type                Incr(ns)  Path(ns)    Netlist Resource(s)
  -------------------------------------------------------------------    -------------------
                         (clock clk rise edge)        0.000     0.000 r  <hidden>
    AB11                                              0.000     0.000 r  clk
                         net (fo=0)                   0.000     0.000    clk_IBUF_inst/I
    AB11                 INBUF (Prop_INBUF_HDIOB_M_PAD_O)
                                                      0.798     0.798 r  clk_IBUF_inst/INBUF_INST/O
                         net (fo=1, routed)           0.000     0.798    clk_IBUF_inst/OUT
    AB11                 IBUFCTRL (Prop_IBUFCTRL_HDIOB_M_I_O)
                                                      0.000     0.798 r  clk_IBUF_inst/IBUFCTRL_INST/O
                         net (fo=1, routed)           0.091     0.889    clk_IBUF
    BUFGCE_HDIO_X2Y1     BUFGCE (Prop_BUFCE_BUFGCE_HDIO_I_O)
                                                      0.017     0.906 r  clk_IBUF_BUFG_inst/O
    X1Y1 (CLOCK_ROOT)    net (fo=55, routed)          0.791     1.696    clk_IBUF_BUFG
    SLICE_X45Y70         FDRE                                         r  alu_ina_reg[expon][7]/C
  -------------------------------------------------------------------    -------------------
    SLICE_X45Y70         FDRE (Prop_EFF2_SLICEM_C_Q)
                                                      0.039     1.735 r  alu_ina_reg[expon][7]/Q
                         net (fo=2, routed)           0.081     1.816    alu_ina_reg[expon][7]
    SLICE_X44Y70         CARRY8 (Prop_CARRY8_SLICEL_DI[7]_CO[7])
                                                      0.030     1.846 r  result_reg[expon][8]_i_2/CO[7]
                         net (fo=1, routed)           0.003     1.849    result_reg[expon][8]_i_2_n_0
    SLICE_X44Y71         CARRY8 (Prop_CARRY8_SLICEL_CI_O[0])
                                                      0.019     1.868 r  result_reg[expon][9]_i_2/O[0]
                         net (fo=3, routed)           0.065     1.933    exp_temp[8]
    SLICE_X43Y71         LUT4 (Prop_H6LUT_SLICEM_I2_O)
                                                      0.015     1.948 r  result[expon][9]_i_1/O
                         net (fo=1, routed)           0.021     1.969    result[expon][9]_i_1_n_0
    SLICE_X43Y71         FDRE                                         r  result_reg[expon][9]/D
  -------------------------------------------------------------------    -------------------

                         (clock clk rise edge)        0.000     0.000 r  <hidden>
    AB11                                              0.000     0.000 r  clk
                         net (fo=0)                   0.000     0.000    clk_IBUF_inst/I
    AB11                 INBUF (Prop_INBUF_HDIOB_M_PAD_O)
                                                      1.041     1.041 r  clk_IBUF_inst/INBUF_INST/O
                         net (fo=1, routed)           0.000     1.041    clk_IBUF_inst/OUT
    AB11                 IBUFCTRL (Prop_IBUFCTRL_HDIOB_M_I_O)
                                                      0.000     1.041 r  clk_IBUF_inst/IBUFCTRL_INST/O
                         net (fo=1, routed)           0.113     1.154    clk_IBUF
    BUFGCE_HDIO_X2Y1     BUFGCE (Prop_BUFCE_BUFGCE_HDIO_I_O)
                                                      0.019     1.173 r  clk_IBUF_BUFG_inst/O
    X1Y1 (CLOCK_ROOT)    net (fo=55, routed)          0.905     2.079    clk_IBUF_BUFG
    SLICE_X43Y71         FDRE                                         r  result_reg[expon][9]/C
                         clock pessimism             -0.328     1.751    <hidden>
    SLICE_X43Y71         FDRE (Hold_HFF_SLICEM_C_D)
                                                      0.046     1.797    result_reg[expon][9]
  -------------------------------------------------------------------
                         required time                         -1.797    <hidden>
                         arrival time                           1.969    <hidden>
  -------------------------------------------------------------------
                         slack                                  0.172    <hidden>

Slack (MET) :             0.174ns  (arrival time - required time)
  Source:                 alu_inb_reg[expon][4]/C
                            (rising edge-triggered cell FDRE clocked by clk  {rise@0.000ns fall@1.500ns period=3.000ns})
  Destination:            result_reg[expon][4]/D
                            (rising edge-triggered cell FDRE clocked by clk  {rise@0.000ns fall@1.500ns period=3.000ns})
  Path Group:             clk
  Path Type:              Hold (Min at Fast Process Corner)
  Requirement:            0.000ns  (clk rise@0.000ns - clk rise@0.000ns)
  Data Path Delay:        0.271ns  (logic 0.105ns (38.682%)  route 0.166ns (61.318%))
  Logic Levels:           3  (CARRY8=1 LUT2=1 LUT3=1)
  Clock Path Skew:        0.052ns (DCD - SCD - CPR)
    Destination Clock Delay (DCD):    2.076ns
    Source Clock Delay      (SCD):    1.696ns
    Clock Pessimism Removal (CPR):    0.328ns
  Clock Net Delay (Source):      0.791ns (routing 0.321ns, distribution 0.470ns)
  Clock Net Delay (Destination): 0.902ns (routing 0.358ns, distribution 0.544ns)

    Location             Delay type                Incr(ns)  Path(ns)    Netlist Resource(s)
  -------------------------------------------------------------------    -------------------
                         (clock clk rise edge)        0.000     0.000 r  <hidden>
    AB11                                              0.000     0.000 r  clk
                         net (fo=0)                   0.000     0.000    clk_IBUF_inst/I
    AB11                 INBUF (Prop_INBUF_HDIOB_M_PAD_O)
                                                      0.798     0.798 r  clk_IBUF_inst/INBUF_INST/O
                         net (fo=1, routed)           0.000     0.798    clk_IBUF_inst/OUT
    AB11                 IBUFCTRL (Prop_IBUFCTRL_HDIOB_M_I_O)
                                                      0.000     0.798 r  clk_IBUF_inst/IBUFCTRL_INST/O
                         net (fo=1, routed)           0.091     0.889    clk_IBUF
    BUFGCE_HDIO_X2Y1     BUFGCE (Prop_BUFCE_BUFGCE_HDIO_I_O)
                                                      0.017     0.906 r  clk_IBUF_BUFG_inst/O
    X1Y1 (CLOCK_ROOT)    net (fo=55, routed)          0.791     1.696    clk_IBUF_BUFG
    SLICE_X45Y70         FDRE                                         r  alu_inb_reg[expon][4]/C
  -------------------------------------------------------------------    -------------------
    SLICE_X45Y70         FDRE (Prop_HFF_SLICEM_C_Q)
                                                      0.039     1.735 r  alu_inb_reg[expon][4]/Q
                         net (fo=1, routed)           0.052     1.787    alu_inb_reg[expon][4]
    SLICE_X44Y70         LUT2 (Prop_E6LUT_SLICEL_I1_O)
                                                      0.014     1.801 r  result[expon][8]_i_7/O
                         net (fo=1, routed)           0.007     1.808    result[expon][8]_i_7_n_0
    SLICE_X44Y70         CARRY8 (Prop_CARRY8_SLICEL_S[4]_O[4])
                                                      0.017     1.825 r  result_reg[expon][8]_i_2/O[4]
                         net (fo=3, routed)           0.088     1.914    exp_temp[4]
    SLICE_X43Y69         LUT3 (Prop_E6LUT_SLICEM_I0_O)
                                                      0.035     1.949 r  result[expon][4]_i_1/O
                         net (fo=1, routed)           0.019     1.968    result[expon][4]_i_1_n_0
    SLICE_X43Y69         FDRE                                         r  result_reg[expon][4]/D
  -------------------------------------------------------------------    -------------------

                         (clock clk rise edge)        0.000     0.000 r  <hidden>
    AB11                                              0.000     0.000 r  clk
                         net (fo=0)                   0.000     0.000    clk_IBUF_inst/I
    AB11                 INBUF (Prop_INBUF_HDIOB_M_PAD_O)
                                                      1.041     1.041 r  clk_IBUF_inst/INBUF_INST/O
                         net (fo=1, routed)           0.000     1.041    clk_IBUF_inst/OUT
    AB11                 IBUFCTRL (Prop_IBUFCTRL_HDIOB_M_I_O)
                                                      0.000     1.041 r  clk_IBUF_inst/IBUFCTRL_INST/O
                         net (fo=1, routed)           0.113     1.154    clk_IBUF
    BUFGCE_HDIO_X2Y1     BUFGCE (Prop_BUFCE_BUFGCE_HDIO_I_O)
                                                      0.019     1.173 r  clk_IBUF_BUFG_inst/O
    X1Y1 (CLOCK_ROOT)    net (fo=55, routed)          0.902     2.076    clk_IBUF_BUFG
    SLICE_X43Y69         FDRE                                         r  result_reg[expon][4]/C
                         clock pessimism             -0.328     1.748    <hidden>
    SLICE_X43Y69         FDRE (Hold_EFF_SLICEM_C_D)
                                                      0.046     1.794    result_reg[expon][4]
  -------------------------------------------------------------------
                         required time                         -1.794    <hidden>
                         arrival time                           1.968    <hidden>
  -------------------------------------------------------------------
                         slack                                  0.174    <hidden>

Slack (MET) :             0.185ns  (arrival time - required time)
  Source:                 alu_ina_reg[expon][6]/C
                            (rising edge-triggered cell FDRE clocked by clk  {rise@0.000ns fall@1.500ns period=3.000ns})
  Destination:            result_reg[expon][8]/D
                            (rising edge-triggered cell FDRE clocked by clk  {rise@0.000ns fall@1.500ns period=3.000ns})
  Path Group:             clk
  Path Type:              Hold (Min at Fast Process Corner)
  Requirement:            0.000ns  (clk rise@0.000ns - clk rise@0.000ns)
  Data Path Delay:        0.278ns  (logic 0.119ns (42.866%)  route 0.159ns (57.134%))
  Logic Levels:           3  (CARRY8=1 LUT2=1 LUT6=1)
  Clock Path Skew:        0.047ns (DCD - SCD - CPR)
    Destination Clock Delay (DCD):    2.070ns
    Source Clock Delay      (SCD):    1.696ns
    Clock Pessimism Removal (CPR):    0.328ns
  Clock Net Delay (Source):      0.791ns (routing 0.321ns, distribution 0.470ns)
  Clock Net Delay (Destination): 0.897ns (routing 0.358ns, distribution 0.539ns)

    Location             Delay type                Incr(ns)  Path(ns)    Netlist Resource(s)
  -------------------------------------------------------------------    -------------------
                         (clock clk rise edge)        0.000     0.000 r  <hidden>
    AB11                                              0.000     0.000 r  clk
                         net (fo=0)                   0.000     0.000    clk_IBUF_inst/I
    AB11                 INBUF (Prop_INBUF_HDIOB_M_PAD_O)
                                                      0.798     0.798 r  clk_IBUF_inst/INBUF_INST/O
                         net (fo=1, routed)           0.000     0.798    clk_IBUF_inst/OUT
    AB11                 IBUFCTRL (Prop_IBUFCTRL_HDIOB_M_I_O)
                                                      0.000     0.798 r  clk_IBUF_inst/IBUFCTRL_INST/O
                         net (fo=1, routed)           0.091     0.889    clk_IBUF
    BUFGCE_HDIO_X2Y1     BUFGCE (Prop_BUFCE_BUFGCE_HDIO_I_O)
                                                      0.017     0.906 r  clk_IBUF_BUFG_inst/O
    X1Y1 (CLOCK_ROOT)    net (fo=55, routed)          0.791     1.696    clk_IBUF_BUFG
    SLICE_X45Y70         FDRE                                         r  alu_ina_reg[expon][6]/C
  -------------------------------------------------------------------    -------------------
    SLICE_X45Y70         FDRE (Prop_EFF_SLICEM_C_Q)
                                                      0.038     1.734 r  alu_ina_reg[expon][6]/Q
                         net (fo=2, routed)           0.060     1.794    alu_ina_reg[expon][6]
    SLICE_X44Y70         LUT2 (Prop_G6LUT_SLICEL_I0_O)
                                                      0.014     1.808 r  result[expon][8]_i_5/O
                         net (fo=1, routed)           0.007     1.815    result[expon][8]_i_5_n_0
    SLICE_X44Y70         CARRY8 (Prop_CARRY8_SLICEL_S[6]_O[6])
                                                      0.017     1.832 r  result_reg[expon][8]_i_2/O[6]
                         net (fo=5, routed)           0.068     1.900    exp_temp[6]
    SLICE_X43Y70         LUT6 (Prop_F6LUT_SLICEM_I1_O)
                                                      0.050     1.950 r  result[expon][8]_i_1/O
                         net (fo=1, routed)           0.024     1.974    result[expon][8]_i_1_n_0
    SLICE_X43Y70         FDRE                                         r  result_reg[expon][8]/D
  -------------------------------------------------------------------    -------------------

                         (clock clk rise edge)        0.000     0.000 r  <hidden>
    AB11                                              0.000     0.000 r  clk
                         net (fo=0)                   0.000     0.000    clk_IBUF_inst/I
    AB11                 INBUF (Prop_INBUF_HDIOB_M_PAD_O)
                                                      1.041     1.041 r  clk_IBUF_inst/INBUF_INST/O
                         net (fo=1, routed)           0.000     1.041    clk_IBUF_inst/OUT
    AB11                 IBUFCTRL (Prop_IBUFCTRL_HDIOB_M_I_O)
                                                      0.000     1.041 r  clk_IBUF_inst/IBUFCTRL_INST/O
                         net (fo=1, routed)           0.113     1.154    clk_IBUF
    BUFGCE_HDIO_X2Y1     BUFGCE (Prop_BUFCE_BUFGCE_HDIO_I_O)
                                                      0.019     1.173 r  clk_IBUF_BUFG_inst/O
    X1Y1 (CLOCK_ROOT)    net (fo=55, routed)          0.897     2.070    clk_IBUF_BUFG
    SLICE_X43Y70         FDRE                                         r  result_reg[expon][8]/C
                         clock pessimism             -0.328     1.743    <hidden>
    SLICE_X43Y70         FDRE (Hold_FFF_SLICEM_C_D)
                                                      0.046     1.789    result_reg[expon][8]
  -------------------------------------------------------------------
                         required time                         -1.789    <hidden>
                         arrival time                           1.974    <hidden>
  -------------------------------------------------------------------
                         slack                                  0.185    <hidden>

Slack (MET) :             0.190ns  (arrival time - required time)
  Source:                 alu_inb_reg[expon][5]/C
                            (rising edge-triggered cell FDRE clocked by clk  {rise@0.000ns fall@1.500ns period=3.000ns})
  Destination:            result_reg[expon][5]/D
                            (rising edge-triggered cell FDRE clocked by clk  {rise@0.000ns fall@1.500ns period=3.000ns})
  Path Group:             clk
  Path Type:              Hold (Min at Fast Process Corner)
  Requirement:            0.000ns  (clk rise@0.000ns - clk rise@0.000ns)
  Data Path Delay:        0.282ns  (logic 0.129ns (45.715%)  route 0.153ns (54.286%))
  Logic Levels:           3  (CARRY8=1 LUT2=1 LUT3=1)
  Clock Path Skew:        0.047ns (DCD - SCD - CPR)
    Destination Clock Delay (DCD):    2.070ns
    Source Clock Delay      (SCD):    1.696ns
    Clock Pessimism Removal (CPR):    0.328ns
  Clock Net Delay (Source):      0.791ns (routing 0.321ns, distribution 0.470ns)
  Clock Net Delay (Destination): 0.897ns (routing 0.358ns, distribution 0.539ns)

    Location             Delay type                Incr(ns)  Path(ns)    Netlist Resource(s)
  -------------------------------------------------------------------    -------------------
                         (clock clk rise edge)        0.000     0.000 r  <hidden>
    AB11                                              0.000     0.000 r  clk
                         net (fo=0)                   0.000     0.000    clk_IBUF_inst/I
    AB11                 INBUF (Prop_INBUF_HDIOB_M_PAD_O)
                                                      0.798     0.798 r  clk_IBUF_inst/INBUF_INST/O
                         net (fo=1, routed)           0.000     0.798    clk_IBUF_inst/OUT
    AB11                 IBUFCTRL (Prop_IBUFCTRL_HDIOB_M_I_O)
                                                      0.000     0.798 r  clk_IBUF_inst/IBUFCTRL_INST/O
                         net (fo=1, routed)           0.091     0.889    clk_IBUF
    BUFGCE_HDIO_X2Y1     BUFGCE (Prop_BUFCE_BUFGCE_HDIO_I_O)
                                                      0.017     0.906 r  clk_IBUF_BUFG_inst/O
    X1Y1 (CLOCK_ROOT)    net (fo=55, routed)          0.791     1.696    clk_IBUF_BUFG
    SLICE_X45Y70         FDRE                                         r  alu_inb_reg[expon][5]/C
  -------------------------------------------------------------------    -------------------
    SLICE_X45Y70         FDRE (Prop_HFF2_SLICEM_C_Q)
                                                      0.039     1.735 r  alu_inb_reg[expon][5]/Q
                         net (fo=1, routed)           0.051     1.786    alu_inb_reg[expon][5]
    SLICE_X44Y70         LUT2 (Prop_F6LUT_SLICEL_I1_O)
                                                      0.014     1.800 r  result[expon][8]_i_6/O
                         net (fo=1, routed)           0.009     1.809    result[expon][8]_i_6_n_0
    SLICE_X44Y70         CARRY8 (Prop_CARRY8_SLICEL_S[5]_O[5])
                                                      0.017     1.826 r  result_reg[expon][8]_i_2/O[5]
                         net (fo=6, routed)           0.074     1.900    exp_temp[5]
    SLICE_X43Y70         LUT3 (Prop_E6LUT_SLICEM_I0_O)
                                                      0.059     1.959 r  result[expon][5]_i_1/O
                         net (fo=1, routed)           0.019     1.978    result[expon][5]_i_1_n_0
    SLICE_X43Y70         FDRE                                         r  result_reg[expon][5]/D
  -------------------------------------------------------------------    -------------------

                         (clock clk rise edge)        0.000     0.000 r  <hidden>
    AB11                                              0.000     0.000 r  clk
                         net (fo=0)                   0.000     0.000    clk_IBUF_inst/I
    AB11                 INBUF (Prop_INBUF_HDIOB_M_PAD_O)
                                                      1.041     1.041 r  clk_IBUF_inst/INBUF_INST/O
                         net (fo=1, routed)           0.000     1.041    clk_IBUF_inst/OUT
    AB11                 IBUFCTRL (Prop_IBUFCTRL_HDIOB_M_I_O)
                                                      0.000     1.041 r  clk_IBUF_inst/IBUFCTRL_INST/O
                         net (fo=1, routed)           0.113     1.154    clk_IBUF
    BUFGCE_HDIO_X2Y1     BUFGCE (Prop_BUFCE_BUFGCE_HDIO_I_O)
                                                      0.019     1.173 r  clk_IBUF_BUFG_inst/O
    X1Y1 (CLOCK_ROOT)    net (fo=55, routed)          0.897     2.070    clk_IBUF_BUFG
    SLICE_X43Y70         FDRE                                         r  result_reg[expon][5]/C
                         clock pessimism             -0.328     1.743    <hidden>
    SLICE_X43Y70         FDRE (Hold_EFF_SLICEM_C_D)
                                                      0.046     1.789    result_reg[expon][5]
  -------------------------------------------------------------------
                         required time                         -1.789    <hidden>
                         arrival time                           1.978    <hidden>
  -------------------------------------------------------------------
                         slack                                  0.190    <hidden>

Slack (MET) :             0.204ns  (arrival time - required time)
  Source:                 alu_ina_reg[expon][3]/C
                            (rising edge-triggered cell FDRE clocked by clk  {rise@0.000ns fall@1.500ns period=3.000ns})
  Destination:            result_reg[expon][3]/D
                            (rising edge-triggered cell FDRE clocked by clk  {rise@0.000ns fall@1.500ns period=3.000ns})
  Path Group:             clk
  Path Type:              Hold (Min at Fast Process Corner)
  Requirement:            0.000ns  (clk rise@0.000ns - clk rise@0.000ns)
  Data Path Delay:        0.301ns  (logic 0.085ns (28.235%)  route 0.216ns (71.766%))
  Logic Levels:           3  (CARRY8=1 LUT2=1 LUT6=1)
  Clock Path Skew:        0.051ns (DCD - SCD - CPR)
    Destination Clock Delay (DCD):    2.079ns
    Source Clock Delay      (SCD):    1.700ns
    Clock Pessimism Removal (CPR):    0.328ns
  Clock Net Delay (Source):      0.794ns (routing 0.321ns, distribution 0.473ns)
  Clock Net Delay (Destination): 0.905ns (routing 0.358ns, distribution 0.547ns)

    Location             Delay type                Incr(ns)  Path(ns)    Netlist Resource(s)
  -------------------------------------------------------------------    -------------------
                         (clock clk rise edge)        0.000     0.000 r  <hidden>
    AB11                                              0.000     0.000 r  clk
                         net (fo=0)                   0.000     0.000    clk_IBUF_inst/I
    AB11                 INBUF (Prop_INBUF_HDIOB_M_PAD_O)
                                                      0.798     0.798 r  clk_IBUF_inst/INBUF_INST/O
                         net (fo=1, routed)           0.000     0.798    clk_IBUF_inst/OUT
    AB11                 IBUFCTRL (Prop_IBUFCTRL_HDIOB_M_I_O)
                                                      0.000     0.798 r  clk_IBUF_inst/IBUFCTRL_INST/O
                         net (fo=1, routed)           0.091     0.889    clk_IBUF
    BUFGCE_HDIO_X2Y1     BUFGCE (Prop_BUFCE_BUFGCE_HDIO_I_O)
                                                      0.017     0.906 r  clk_IBUF_BUFG_inst/O
    X1Y1 (CLOCK_ROOT)    net (fo=55, routed)          0.794     1.700    clk_IBUF_BUFG
    SLICE_X44Y71         FDRE                                         r  alu_ina_reg[expon][3]/C
  -------------------------------------------------------------------    -------------------
    SLICE_X44Y71         FDRE (Prop_FFF2_SLICEL_C_Q)
                                                      0.040     1.740 r  alu_ina_reg[expon][3]/Q
                         net (fo=2, routed)           0.051     1.791    alu_ina_reg[expon][3]
    SLICE_X44Y70         LUT2 (Prop_D6LUT_SLICEL_I0_O)
                                                      0.014     1.805 r  result[expon][8]_i_8/O
                         net (fo=1, routed)           0.007     1.812    result[expon][8]_i_8_n_0
    SLICE_X44Y70         CARRY8 (Prop_CARRY8_SLICEL_S[3]_O[3])
                                                      0.017     1.829 r  result_reg[expon][8]_i_2/O[3]
                         net (fo=4, routed)           0.140     1.969    exp_temp[3]
    SLICE_X42Y72         LUT6 (Prop_A6LUT_SLICEM_I0_O)
                                                      0.014     1.983 r  result[expon][3]_i_1/O
                         net (fo=1, routed)           0.018     2.001    result[expon][3]_i_1_n_0
    SLICE_X42Y72         FDRE                                         r  result_reg[expon][3]/D
  -------------------------------------------------------------------    -------------------

                         (clock clk rise edge)        0.000     0.000 r  <hidden>
    AB11                                              0.000     0.000 r  clk
                         net (fo=0)                   0.000     0.000    clk_IBUF_inst/I
    AB11                 INBUF (Prop_INBUF_HDIOB_M_PAD_O)
                                                      1.041     1.041 r  clk_IBUF_inst/INBUF_INST/O
                         net (fo=1, routed)           0.000     1.041    clk_IBUF_inst/OUT
    AB11                 IBUFCTRL (Prop_IBUFCTRL_HDIOB_M_I_O)
                                                      0.000     1.041 r  clk_IBUF_inst/IBUFCTRL_INST/O
                         net (fo=1, routed)           0.113     1.154    clk_IBUF
    BUFGCE_HDIO_X2Y1     BUFGCE (Prop_BUFCE_BUFGCE_HDIO_I_O)
                                                      0.019     1.173 r  clk_IBUF_BUFG_inst/O
    X1Y1 (CLOCK_ROOT)    net (fo=55, routed)          0.905     2.079    clk_IBUF_BUFG
    SLICE_X42Y72         FDRE                                         r  result_reg[expon][3]/C
                         clock pessimism             -0.328     1.751    <hidden>
    SLICE_X42Y72         FDRE (Hold_AFF_SLICEM_C_D)
                                                      0.046     1.797    result_reg[expon][3]
  -------------------------------------------------------------------
                         required time                         -1.797    <hidden>
                         arrival time                           2.001    <hidden>
  -------------------------------------------------------------------
                         slack                                  0.204    <hidden>

Slack (MET) :             0.208ns  (arrival time - required time)
  Source:                 alu_inb_reg[expon][1]/C
                            (rising edge-triggered cell FDRE clocked by clk  {rise@0.000ns fall@1.500ns period=3.000ns})
  Destination:            result_reg[expon][1]/D
                            (rising edge-triggered cell FDRE clocked by clk  {rise@0.000ns fall@1.500ns period=3.000ns})
  Path Group:             clk
  Path Type:              Hold (Min at Fast Process Corner)
  Requirement:            0.000ns  (clk rise@0.000ns - clk rise@0.000ns)
  Data Path Delay:        0.305ns  (logic 0.096ns (31.441%)  route 0.209ns (68.559%))
  Logic Levels:           3  (CARRY8=1 LUT2=1 LUT4=1)
  Clock Path Skew:        0.051ns (DCD - SCD - CPR)
    Destination Clock Delay (DCD):    2.074ns
    Source Clock Delay      (SCD):    1.696ns
    Clock Pessimism Removal (CPR):    0.328ns
  Clock Net Delay (Source):      0.791ns (routing 0.321ns, distribution 0.470ns)
  Clock Net Delay (Destination): 0.901ns (routing 0.358ns, distribution 0.543ns)

    Location             Delay type                Incr(ns)  Path(ns)    Netlist Resource(s)
  -------------------------------------------------------------------    -------------------
                         (clock clk rise edge)        0.000     0.000 r  <hidden>
    AB11                                              0.000     0.000 r  clk
                         net (fo=0)                   0.000     0.000    clk_IBUF_inst/I
    AB11                 INBUF (Prop_INBUF_HDIOB_M_PAD_O)
                                                      0.798     0.798 r  clk_IBUF_inst/INBUF_INST/O
                         net (fo=1, routed)           0.000     0.798    clk_IBUF_inst/OUT
    AB11                 IBUFCTRL (Prop_IBUFCTRL_HDIOB_M_I_O)
                                                      0.000     0.798 r  clk_IBUF_inst/IBUFCTRL_INST/O
                         net (fo=1, routed)           0.091     0.889    clk_IBUF
    BUFGCE_HDIO_X2Y1     BUFGCE (Prop_BUFCE_BUFGCE_HDIO_I_O)
                                                      0.017     0.906 r  clk_IBUF_BUFG_inst/O
    X1Y1 (CLOCK_ROOT)    net (fo=55, routed)          0.791     1.696    clk_IBUF_BUFG
    SLICE_X45Y70         FDRE                                         r  alu_inb_reg[expon][1]/C
  -------------------------------------------------------------------    -------------------
    SLICE_X45Y70         FDRE (Prop_FFF2_SLICEM_C_Q)
                                                      0.040     1.736 r  alu_inb_reg[expon][1]/Q
                         net (fo=1, routed)           0.051     1.787    alu_inb_reg[expon][1]
    SLICE_X44Y70         LUT2 (Prop_B6LUT_SLICEL_I1_O)
                                                      0.015     1.802 r  result[expon][8]_i_10/O
                         net (fo=1, routed)           0.007     1.809    result[expon][8]_i_10_n_0
    SLICE_X44Y70         CARRY8 (Prop_CARRY8_SLICEL_S[1]_O[1])
                                                      0.017     1.826 r  result_reg[expon][8]_i_2/O[1]
                         net (fo=6, routed)           0.142     1.969    exp_temp[1]
    SLICE_X42Y70         LUT4 (Prop_D5LUT_SLICEM_I0_O)
                                                      0.024     1.993 r  result[expon][1]_i_1/O
                         net (fo=1, routed)           0.009     2.002    result[expon][1]_i_1_n_0
    SLICE_X42Y70         FDRE                                         r  result_reg[expon][1]/D
  -------------------------------------------------------------------    -------------------

                         (clock clk rise edge)        0.000     0.000 r  <hidden>
    AB11                                              0.000     0.000 r  clk
                         net (fo=0)                   0.000     0.000    clk_IBUF_inst/I
    AB11                 INBUF (Prop_INBUF_HDIOB_M_PAD_O)
                                                      1.041     1.041 r  clk_IBUF_inst/INBUF_INST/O
                         net (fo=1, routed)           0.000     1.041    clk_IBUF_inst/OUT
    AB11                 IBUFCTRL (Prop_IBUFCTRL_HDIOB_M_I_O)
                                                      0.000     1.041 r  clk_IBUF_inst/IBUFCTRL_INST/O
                         net (fo=1, routed)           0.113     1.154    clk_IBUF
    BUFGCE_HDIO_X2Y1     BUFGCE (Prop_BUFCE_BUFGCE_HDIO_I_O)
                                                      0.019     1.173 r  clk_IBUF_BUFG_inst/O
    X1Y1 (CLOCK_ROOT)    net (fo=55, routed)          0.901     2.074    clk_IBUF_BUFG
    SLICE_X42Y70         FDRE                                         r  result_reg[expon][1]/C
                         clock pessimism             -0.328     1.747    <hidden>
    SLICE_X42Y70         FDRE (Hold_DFF2_SLICEM_C_D)
                                                      0.047     1.794    result_reg[expon][1]
  -------------------------------------------------------------------
                         required time                         -1.794    <hidden>
                         arrival time                           2.002    <hidden>
  -------------------------------------------------------------------
                         slack                                  0.208    <hidden>

Slack (MET) :             0.208ns  (arrival time - required time)
  Source:                 alu_inb_reg[expon][5]/C
                            (rising edge-triggered cell FDRE clocked by clk  {rise@0.000ns fall@1.500ns period=3.000ns})
  Destination:            result_reg[expon][6]/D
                            (rising edge-triggered cell FDRE clocked by clk  {rise@0.000ns fall@1.500ns period=3.000ns})
  Path Group:             clk
  Path Type:              Hold (Min at Fast Process Corner)
  Requirement:            0.000ns  (clk rise@0.000ns - clk rise@0.000ns)
  Data Path Delay:        0.309ns  (logic 0.092ns (29.786%)  route 0.217ns (70.214%))
  Logic Levels:           3  (CARRY8=1 LUT2=1 LUT4=1)
  Clock Path Skew:        0.055ns (DCD - SCD - CPR)
    Destination Clock Delay (DCD):    2.079ns
    Source Clock Delay      (SCD):    1.696ns
    Clock Pessimism Removal (CPR):    0.328ns
  Clock Net Delay (Source):      0.791ns (routing 0.321ns, distribution 0.470ns)
  Clock Net Delay (Destination): 0.905ns (routing 0.358ns, distribution 0.547ns)

    Location             Delay type                Incr(ns)  Path(ns)    Netlist Resource(s)
  -------------------------------------------------------------------    -------------------
                         (clock clk rise edge)        0.000     0.000 r  <hidden>
    AB11                                              0.000     0.000 r  clk
                         net (fo=0)                   0.000     0.000    clk_IBUF_inst/I
    AB11                 INBUF (Prop_INBUF_HDIOB_M_PAD_O)
                                                      0.798     0.798 r  clk_IBUF_inst/INBUF_INST/O
                         net (fo=1, routed)           0.000     0.798    clk_IBUF_inst/OUT
    AB11                 IBUFCTRL (Prop_IBUFCTRL_HDIOB_M_I_O)
                                                      0.000     0.798 r  clk_IBUF_inst/IBUFCTRL_INST/O
                         net (fo=1, routed)           0.091     0.889    clk_IBUF
    BUFGCE_HDIO_X2Y1     BUFGCE (Prop_BUFCE_BUFGCE_HDIO_I_O)
                                                      0.017     0.906 r  clk_IBUF_BUFG_inst/O
    X1Y1 (CLOCK_ROOT)    net (fo=55, routed)          0.791     1.696    clk_IBUF_BUFG
    SLICE_X45Y70         FDRE                                         r  alu_inb_reg[expon][5]/C
  -------------------------------------------------------------------    -------------------
    SLICE_X45Y70         FDRE (Prop_HFF2_SLICEM_C_Q)
                                                      0.039     1.735 r  alu_inb_reg[expon][5]/Q
                         net (fo=1, routed)           0.051     1.786    alu_inb_reg[expon][5]
    SLICE_X44Y70         LUT2 (Prop_F6LUT_SLICEL_I1_O)
                                                      0.014     1.800 r  result[expon][8]_i_6/O
                         net (fo=1, routed)           0.009     1.809    result[expon][8]_i_6_n_0
    SLICE_X44Y70         CARRY8 (Prop_CARRY8_SLICEL_S[5]_O[5])
                                                      0.017     1.826 r  result_reg[expon][8]_i_2/O[5]
                         net (fo=6, routed)           0.138     1.964    exp_temp[5]
    SLICE_X43Y71         LUT4 (Prop_E6LUT_SLICEM_I2_O)
                                                      0.022     1.986 r  result[expon][6]_i_1/O
                         net (fo=1, routed)           0.019     2.005    result[expon][6]_i_1_n_0
    SLICE_X43Y71         FDRE                                         r  result_reg[expon][6]/D
  -------------------------------------------------------------------    -------------------

                         (clock clk rise edge)        0.000     0.000 r  <hidden>
    AB11                                              0.000     0.000 r  clk
                         net (fo=0)                   0.000     0.000    clk_IBUF_inst/I
    AB11                 INBUF (Prop_INBUF_HDIOB_M_PAD_O)
                                                      1.041     1.041 r  clk_IBUF_inst/INBUF_INST/O
                         net (fo=1, routed)           0.000     1.041    clk_IBUF_inst/OUT
    AB11                 IBUFCTRL (Prop_IBUFCTRL_HDIOB_M_I_O)
                                                      0.000     1.041 r  clk_IBUF_inst/IBUFCTRL_INST/O
                         net (fo=1, routed)           0.113     1.154    clk_IBUF
    BUFGCE_HDIO_X2Y1     BUFGCE (Prop_BUFCE_BUFGCE_HDIO_I_O)
                                                      0.019     1.173 r  clk_IBUF_BUFG_inst/O
    X1Y1 (CLOCK_ROOT)    net (fo=55, routed)          0.905     2.079    clk_IBUF_BUFG
    SLICE_X43Y71         FDRE                                         r  result_reg[expon][6]/C
                         clock pessimism             -0.328     1.751    <hidden>
    SLICE_X43Y71         FDRE (Hold_EFF_SLICEM_C_D)
                                                      0.046     1.797    result_reg[expon][6]
  -------------------------------------------------------------------
                         required time                         -1.797    <hidden>
                         arrival time                           2.005    <hidden>
  -------------------------------------------------------------------
                         slack                                  0.208    <hidden>

Slack (MET) :             0.208ns  (arrival time - required time)
  Source:                 alu_inb_reg[sign]/C
                            (rising edge-triggered cell FDRE clocked by clk  {rise@0.000ns fall@1.500ns period=3.000ns})
  Destination:            result_reg[sign]/S
                            (rising edge-triggered cell FDSE clocked by clk  {rise@0.000ns fall@1.500ns period=3.000ns})
  Path Group:             clk
  Path Type:              Hold (Min at Fast Process Corner)
  Requirement:            0.000ns  (clk rise@0.000ns - clk rise@0.000ns)
  Data Path Delay:        0.213ns  (logic 0.078ns (36.674%)  route 0.135ns (63.326%))
  Logic Levels:           1  (LUT4=1)
  Clock Path Skew:        0.015ns (DCD - SCD - CPR)
    Destination Clock Delay (DCD):    2.053ns
    Source Clock Delay      (SCD):    1.677ns
    Clock Pessimism Removal (CPR):    0.361ns
  Clock Net Delay (Source):      0.772ns (routing 0.321ns, distribution 0.451ns)
  Clock Net Delay (Destination): 0.879ns (routing 0.358ns, distribution 0.521ns)

    Location             Delay type                Incr(ns)  Path(ns)    Netlist Resource(s)
  -------------------------------------------------------------------    -------------------
                         (clock clk rise edge)        0.000     0.000 r  <hidden>
    AB11                                              0.000     0.000 r  clk
                         net (fo=0)                   0.000     0.000    clk_IBUF_inst/I
    AB11                 INBUF (Prop_INBUF_HDIOB_M_PAD_O)
                                                      0.798     0.798 r  clk_IBUF_inst/INBUF_INST/O
                         net (fo=1, routed)           0.000     0.798    clk_IBUF_inst/OUT
    AB11                 IBUFCTRL (Prop_IBUFCTRL_HDIOB_M_I_O)
                                                      0.000     0.798 r  clk_IBUF_inst/IBUFCTRL_INST/O
                         net (fo=1, routed)           0.091     0.889    clk_IBUF
    BUFGCE_HDIO_X2Y1     BUFGCE (Prop_BUFCE_BUFGCE_HDIO_I_O)
                                                      0.017     0.906 r  clk_IBUF_BUFG_inst/O
    X1Y1 (CLOCK_ROOT)    net (fo=55, routed)          0.772     1.677    clk_IBUF_BUFG
    SLICE_X48Y91         FDRE                                         r  alu_inb_reg[sign]/C
  -------------------------------------------------------------------    -------------------
    SLICE_X48Y91         FDRE (Prop_FFF_SLICEM_C_Q)
                                                      0.037     1.714 r  alu_inb_reg[sign]/Q
                         net (fo=2, routed)           0.032     1.746    alu_inb_reg[sign]__0
    SLICE_X48Y91         LUT4 (Prop_H6LUT_SLICEM_I2_O)
                                                      0.041     1.787 r  result[sign]_i_1/O
                         net (fo=1, routed)           0.103     1.890    alu_out[sign]
    SLICE_X48Y91         FDSE                                         r  result_reg[sign]/S
  -------------------------------------------------------------------    -------------------

                         (clock clk rise edge)        0.000     0.000 r  <hidden>
    AB11                                              0.000     0.000 r  clk
                         net (fo=0)                   0.000     0.000    clk_IBUF_inst/I
    AB11                 INBUF (Prop_INBUF_HDIOB_M_PAD_O)
                                                      1.041     1.041 r  clk_IBUF_inst/INBUF_INST/O
                         net (fo=1, routed)           0.000     1.041    clk_IBUF_inst/OUT
    AB11                 IBUFCTRL (Prop_IBUFCTRL_HDIOB_M_I_O)
                                                      0.000     1.041 r  clk_IBUF_inst/IBUFCTRL_INST/O
                         net (fo=1, routed)           0.113     1.154    clk_IBUF
    BUFGCE_HDIO_X2Y1     BUFGCE (Prop_BUFCE_BUFGCE_HDIO_I_O)
                                                      0.019     1.173 r  clk_IBUF_BUFG_inst/O
    X1Y1 (CLOCK_ROOT)    net (fo=55, routed)          0.879     2.053    clk_IBUF_BUFG
    SLICE_X48Y91         FDSE                                         r  result_reg[sign]/C
                         clock pessimism             -0.361     1.692    <hidden>
    SLICE_X48Y91         FDSE (Hold_DFF2_SLICEM_C_S)
                                                     -0.010     1.682    result_reg[sign]
  -------------------------------------------------------------------
                         required time                         -1.682    <hidden>
                         arrival time                           1.890    <hidden>
  -------------------------------------------------------------------
                         slack                                  0.208    <hidden>





Pulse Width Checks
--------------------------------------------------------------------------------------
Clock Name:         clk
Waveform(ns):       { 0.000 1.500 }
Period(ns):         3.000
Sources:            { clk }

Check Type        Corner  Lib Pin   Reference Pin  Required(ns)  Actual(ns)  Slack(ns)  Location          Pin
Min Period        n/a     BUFGCE/I  n/a            1.290         3.000       1.710      BUFGCE_HDIO_X2Y1  clk_IBUF_BUFG_inst/I
Min Period        n/a     FDRE/C    n/a            0.550         3.000       2.450      SLICE_X44Y71      alu_ina_reg[expon][0]/C
Min Period        n/a     FDRE/C    n/a            0.550         3.000       2.450      SLICE_X44Y71      alu_ina_reg[expon][1]/C
Min Period        n/a     FDRE/C    n/a            0.550         3.000       2.450      SLICE_X44Y71      alu_ina_reg[expon][2]/C
Min Period        n/a     FDRE/C    n/a            0.550         3.000       2.450      SLICE_X44Y71      alu_ina_reg[expon][3]/C
Min Period        n/a     FDRE/C    n/a            0.550         3.000       2.450      SLICE_X44Y71      alu_ina_reg[expon][4]/C
Min Period        n/a     FDRE/C    n/a            0.550         3.000       2.450      SLICE_X44Y71      alu_ina_reg[expon][5]/C
Min Period        n/a     FDRE/C    n/a            0.550         3.000       2.450      SLICE_X45Y70      alu_ina_reg[expon][6]/C
Min Period        n/a     FDRE/C    n/a            0.550         3.000       2.450      SLICE_X45Y70      alu_ina_reg[expon][7]/C
Min Period        n/a     FDRE/C    n/a            0.550         3.000       2.450      SLICE_X44Y71      alu_ina_reg[expon][8]/C
Low Pulse Width   Slow    FDRE/C    n/a            0.275         1.500       1.225      SLICE_X44Y71      alu_ina_reg[expon][0]/C
Low Pulse Width   Fast    FDRE/C    n/a            0.275         1.500       1.225      SLICE_X44Y71      alu_ina_reg[expon][0]/C
Low Pulse Width   Slow    FDRE/C    n/a            0.275         1.500       1.225      SLICE_X44Y71      alu_ina_reg[expon][1]/C
Low Pulse Width   Fast    FDRE/C    n/a            0.275         1.500       1.225      SLICE_X44Y71      alu_ina_reg[expon][1]/C
Low Pulse Width   Slow    FDRE/C    n/a            0.275         1.500       1.225      SLICE_X44Y71      alu_ina_reg[expon][2]/C
Low Pulse Width   Fast    FDRE/C    n/a            0.275         1.500       1.225      SLICE_X44Y71      alu_ina_reg[expon][2]/C
Low Pulse Width   Slow    FDRE/C    n/a            0.275         1.500       1.225      SLICE_X44Y71      alu_ina_reg[expon][3]/C
Low Pulse Width   Fast    FDRE/C    n/a            0.275         1.500       1.225      SLICE_X44Y71      alu_ina_reg[expon][3]/C
Low Pulse Width   Slow    FDRE/C    n/a            0.275         1.500       1.225      SLICE_X44Y71      alu_ina_reg[expon][4]/C
Low Pulse Width   Fast    FDRE/C    n/a            0.275         1.500       1.225      SLICE_X44Y71      alu_ina_reg[expon][4]/C
High Pulse Width  Slow    FDRE/C    n/a            0.275         1.500       1.225      SLICE_X44Y71      alu_ina_reg[expon][0]/C
High Pulse Width  Fast    FDRE/C    n/a            0.275         1.500       1.225      SLICE_X44Y71      alu_ina_reg[expon][0]/C
High Pulse Width  Slow    FDRE/C    n/a            0.275         1.500       1.225      SLICE_X44Y71      alu_ina_reg[expon][1]/C
High Pulse Width  Fast    FDRE/C    n/a            0.275         1.500       1.225      SLICE_X44Y71      alu_ina_reg[expon][1]/C
High Pulse Width  Slow    FDRE/C    n/a            0.275         1.500       1.225      SLICE_X44Y71      alu_ina_reg[expon][2]/C
High Pulse Width  Fast    FDRE/C    n/a            0.275         1.500       1.225      SLICE_X44Y71      alu_ina_reg[expon][2]/C
High Pulse Width  Slow    FDRE/C    n/a            0.275         1.500       1.225      SLICE_X44Y71      alu_ina_reg[expon][3]/C
High Pulse Width  Fast    FDRE/C    n/a            0.275         1.500       1.225      SLICE_X44Y71      alu_ina_reg[expon][3]/C
High Pulse Width  Slow    FDRE/C    n/a            0.275         1.500       1.225      SLICE_X44Y71      alu_ina_reg[expon][4]/C
High Pulse Width  Fast    FDRE/C    n/a            0.275         1.500       1.225      SLICE_X44Y71      alu_ina_reg[expon][4]/C



--------------------------------------------------------------------------------------
Path Group:  (none)
From Clock:  clk
  To Clock:  

Max Delay            25 Endpoints
Min Delay            25 Endpoints
--------------------------------------------------------------------------------------


Max Delay Paths
--------------------------------------------------------------------------------------
Slack:                    inf
  Source:                 result_reg[frac][4]/C
                            (rising edge-triggered cell FDSE clocked by clk  {rise@0.000ns fall@1.500ns period=3.000ns})
  Destination:            result[frac][4]
                            (output port)
  Path Group:             (none)
  Path Type:              Max at Slow Process Corner
  Data Path Delay:        2.460ns  (logic 0.974ns (39.592%)  route 1.486ns (60.408%))
  Logic Levels:           1  (OBUF=1)
  Clock Uncertainty:      0.025ns  ((TSJ^2 + TIJ^2)^1/2 + DJ) / 2 + PE
    Total System Jitter     (TSJ):    0.050ns
    Total Input Jitter      (TIJ):    0.000ns
    Discrete Jitter          (DJ):    0.000ns
    Phase Error              (PE):    0.000ns
  Clock Net Delay (Source):      1.436ns (routing 0.584ns, distribution 0.852ns)

    Location             Delay type                Incr(ns)  Path(ns)    Netlist Resource(s)
  -------------------------------------------------------------------    -------------------
                         (clock clk rise edge)        0.000     0.000 r  <hidden>
    AB11                                              0.000     0.000 r  clk
                         net (fo=0)                   0.000     0.000    clk_IBUF_inst/I
    AB11                 INBUF (Prop_INBUF_HDIOB_M_PAD_O)
                                                      1.220     1.220 r  clk_IBUF_inst/INBUF_INST/O
                         net (fo=1, routed)           0.000     1.220    clk_IBUF_inst/OUT
    AB11                 IBUFCTRL (Prop_IBUFCTRL_HDIOB_M_I_O)
                                                      0.000     1.220 r  clk_IBUF_inst/IBUFCTRL_INST/O
                         net (fo=1, routed)           0.204     1.424    clk_IBUF
    BUFGCE_HDIO_X2Y1     BUFGCE (Prop_BUFCE_BUFGCE_HDIO_I_O)
                                                      0.028     1.452 r  clk_IBUF_BUFG_inst/O
    X1Y1 (CLOCK_ROOT)    net (fo=55, routed)          1.436     2.889    clk_IBUF_BUFG
    SLICE_X43Y68         FDSE                                         r  result_reg[frac][4]/C
  -------------------------------------------------------------------    -------------------
    SLICE_X43Y68         FDSE (Prop_AFF_SLICEM_C_Q)
                                                      0.077     2.966 r  result_reg[frac][4]/Q
                         net (fo=1, routed)           1.486     4.452    result[frac]_OBUF[4]
    H4                   OBUF (Prop_OUTBUF_HPIOB_M_I_O)
                                                      0.897     5.349 r  result[frac][4]_INST_0/O
                         net (fo=0)                   0.000     5.349    result[frac][4]
    H4                                                                r  result[frac][4]
  -------------------------------------------------------------------    -------------------

Slack:                    inf
  Source:                 result_reg[frac][5]/C
                            (rising edge-triggered cell FDSE clocked by clk  {rise@0.000ns fall@1.500ns period=3.000ns})
  Destination:            result[frac][5]
                            (output port)
  Path Group:             (none)
  Path Type:              Max at Slow Process Corner
  Data Path Delay:        2.346ns  (logic 0.976ns (41.597%)  route 1.370ns (58.403%))
  Logic Levels:           1  (OBUF=1)
  Clock Uncertainty:      0.025ns  ((TSJ^2 + TIJ^2)^1/2 + DJ) / 2 + PE
    Total System Jitter     (TSJ):    0.050ns
    Total Input Jitter      (TIJ):    0.000ns
    Discrete Jitter          (DJ):    0.000ns
    Phase Error              (PE):    0.000ns
  Clock Net Delay (Source):      1.435ns (routing 0.584ns, distribution 0.851ns)

    Location             Delay type                Incr(ns)  Path(ns)    Netlist Resource(s)
  -------------------------------------------------------------------    -------------------
                         (clock clk rise edge)        0.000     0.000 r  <hidden>
    AB11                                              0.000     0.000 r  clk
                         net (fo=0)                   0.000     0.000    clk_IBUF_inst/I
    AB11                 INBUF (Prop_INBUF_HDIOB_M_PAD_O)
                                                      1.220     1.220 r  clk_IBUF_inst/INBUF_INST/O
                         net (fo=1, routed)           0.000     1.220    clk_IBUF_inst/OUT
    AB11                 IBUFCTRL (Prop_IBUFCTRL_HDIOB_M_I_O)
                                                      0.000     1.220 r  clk_IBUF_inst/IBUFCTRL_INST/O
                         net (fo=1, routed)           0.204     1.424    clk_IBUF
    BUFGCE_HDIO_X2Y1     BUFGCE (Prop_BUFCE_BUFGCE_HDIO_I_O)
                                                      0.028     1.452 r  clk_IBUF_BUFG_inst/O
    X1Y1 (CLOCK_ROOT)    net (fo=55, routed)          1.435     2.888    clk_IBUF_BUFG
    SLICE_X43Y68         FDSE                                         r  result_reg[frac][5]/C
  -------------------------------------------------------------------    -------------------
    SLICE_X43Y68         FDSE (Prop_HFF_SLICEM_C_Q)
                                                      0.079     2.967 r  result_reg[frac][5]/Q
                         net (fo=1, routed)           1.370     4.337    result[frac]_OBUF[5]
    H3                   OBUF (Prop_OUTBUF_HPIOB_S_I_O)
                                                      0.897     5.233 r  result[frac][5]_INST_0/O
                         net (fo=0)                   0.000     5.233    result[frac][5]
    H3                                                                r  result[frac][5]
  -------------------------------------------------------------------    -------------------

Slack:                    inf
  Source:                 result_reg[frac][3]/C
                            (rising edge-triggered cell FDSE clocked by clk  {rise@0.000ns fall@1.500ns period=3.000ns})
  Destination:            result[frac][3]
                            (output port)
  Path Group:             (none)
  Path Type:              Max at Slow Process Corner
  Data Path Delay:        2.344ns  (logic 0.969ns (41.345%)  route 1.375ns (58.655%))
  Logic Levels:           1  (OBUF=1)
  Clock Uncertainty:      0.025ns  ((TSJ^2 + TIJ^2)^1/2 + DJ) / 2 + PE
    Total System Jitter     (TSJ):    0.050ns
    Total Input Jitter      (TIJ):    0.000ns
    Discrete Jitter          (DJ):    0.000ns
    Phase Error              (PE):    0.000ns
  Clock Net Delay (Source):      1.436ns (routing 0.584ns, distribution 0.852ns)

    Location             Delay type                Incr(ns)  Path(ns)    Netlist Resource(s)
  -------------------------------------------------------------------    -------------------
                         (clock clk rise edge)        0.000     0.000 r  <hidden>
    AB11                                              0.000     0.000 r  clk
                         net (fo=0)                   0.000     0.000    clk_IBUF_inst/I
    AB11                 INBUF (Prop_INBUF_HDIOB_M_PAD_O)
                                                      1.220     1.220 r  clk_IBUF_inst/INBUF_INST/O
                         net (fo=1, routed)           0.000     1.220    clk_IBUF_inst/OUT
    AB11                 IBUFCTRL (Prop_IBUFCTRL_HDIOB_M_I_O)
                                                      0.000     1.220 r  clk_IBUF_inst/IBUFCTRL_INST/O
                         net (fo=1, routed)           0.204     1.424    clk_IBUF
    BUFGCE_HDIO_X2Y1     BUFGCE (Prop_BUFCE_BUFGCE_HDIO_I_O)
                                                      0.028     1.452 r  clk_IBUF_BUFG_inst/O
    X1Y1 (CLOCK_ROOT)    net (fo=55, routed)          1.436     2.889    clk_IBUF_BUFG
    SLICE_X43Y68         FDSE                                         r  result_reg[frac][3]/C
  -------------------------------------------------------------------    -------------------
    SLICE_X43Y68         FDSE (Prop_BFF_SLICEM_C_Q)
                                                      0.078     2.967 r  result_reg[frac][3]/Q
                         net (fo=1, routed)           1.375     4.342    result[frac]_OBUF[3]
    K3                   OBUF (Prop_OUTBUF_HPIOB_S_I_O)
                                                      0.891     5.233 r  result[frac][3]_INST_0/O
                         net (fo=0)                   0.000     5.233    result[frac][3]
    K3                                                                r  result[frac][3]
  -------------------------------------------------------------------    -------------------

Slack:                    inf
  Source:                 result_reg[expon][6]/C
                            (rising edge-triggered cell FDRE clocked by clk  {rise@0.000ns fall@1.500ns period=3.000ns})
  Destination:            result[expon][6]
                            (output port)
  Path Group:             (none)
  Path Type:              Max at Slow Process Corner
  Data Path Delay:        2.329ns  (logic 0.982ns (42.157%)  route 1.347ns (57.843%))
  Logic Levels:           1  (OBUF=1)
  Clock Uncertainty:      0.025ns  ((TSJ^2 + TIJ^2)^1/2 + DJ) / 2 + PE
    Total System Jitter     (TSJ):    0.050ns
    Total Input Jitter      (TIJ):    0.000ns
    Discrete Jitter          (DJ):    0.000ns
    Phase Error              (PE):    0.000ns
  Clock Net Delay (Source):      1.446ns (routing 0.584ns, distribution 0.862ns)

    Location             Delay type                Incr(ns)  Path(ns)    Netlist Resource(s)
  -------------------------------------------------------------------    -------------------
                         (clock clk rise edge)        0.000     0.000 r  <hidden>
    AB11                                              0.000     0.000 r  clk
                         net (fo=0)                   0.000     0.000    clk_IBUF_inst/I
    AB11                 INBUF (Prop_INBUF_HDIOB_M_PAD_O)
                                                      1.220     1.220 r  clk_IBUF_inst/INBUF_INST/O
                         net (fo=1, routed)           0.000     1.220    clk_IBUF_inst/OUT
    AB11                 IBUFCTRL (Prop_IBUFCTRL_HDIOB_M_I_O)
                                                      0.000     1.220 r  clk_IBUF_inst/IBUFCTRL_INST/O
                         net (fo=1, routed)           0.204     1.424    clk_IBUF
    BUFGCE_HDIO_X2Y1     BUFGCE (Prop_BUFCE_BUFGCE_HDIO_I_O)
                                                      0.028     1.452 r  clk_IBUF_BUFG_inst/O
    X1Y1 (CLOCK_ROOT)    net (fo=55, routed)          1.446     2.898    clk_IBUF_BUFG
    SLICE_X43Y71         FDRE                                         r  result_reg[expon][6]/C
  -------------------------------------------------------------------    -------------------
    SLICE_X43Y71         FDRE (Prop_EFF_SLICEM_C_Q)
                                                      0.076     2.974 r  result_reg[expon][6]/Q
                         net (fo=1, routed)           1.347     4.321    result[expon]_OBUF[6]
    V8                   OBUF (Prop_OUTBUF_HPIOB_S_I_O)
                                                      0.906     5.227 r  result[expon][6]_INST_0/O
                         net (fo=0)                   0.000     5.227    result[expon][6]
    V8                                                                r  result[expon][6]
  -------------------------------------------------------------------    -------------------

Slack:                    inf
  Source:                 result_reg[frac][1]/C
                            (rising edge-triggered cell FDSE clocked by clk  {rise@0.000ns fall@1.500ns period=3.000ns})
  Destination:            result[frac][1]
                            (output port)
  Path Group:             (none)
  Path Type:              Max at Slow Process Corner
  Data Path Delay:        2.330ns  (logic 0.948ns (40.688%)  route 1.382ns (59.312%))
  Logic Levels:           1  (OBUF=1)
  Clock Uncertainty:      0.025ns  ((TSJ^2 + TIJ^2)^1/2 + DJ) / 2 + PE
    Total System Jitter     (TSJ):    0.050ns
    Total Input Jitter      (TIJ):    0.000ns
    Discrete Jitter          (DJ):    0.000ns
    Phase Error              (PE):    0.000ns
  Clock Net Delay (Source):      1.436ns (routing 0.584ns, distribution 0.852ns)

    Location             Delay type                Incr(ns)  Path(ns)    Netlist Resource(s)
  -------------------------------------------------------------------    -------------------
                         (clock clk rise edge)        0.000     0.000 r  <hidden>
    AB11                                              0.000     0.000 r  clk
                         net (fo=0)                   0.000     0.000    clk_IBUF_inst/I
    AB11                 INBUF (Prop_INBUF_HDIOB_M_PAD_O)
                                                      1.220     1.220 r  clk_IBUF_inst/INBUF_INST/O
                         net (fo=1, routed)           0.000     1.220    clk_IBUF_inst/OUT
    AB11                 IBUFCTRL (Prop_IBUFCTRL_HDIOB_M_I_O)
                                                      0.000     1.220 r  clk_IBUF_inst/IBUFCTRL_INST/O
                         net (fo=1, routed)           0.204     1.424    clk_IBUF
    BUFGCE_HDIO_X2Y1     BUFGCE (Prop_BUFCE_BUFGCE_HDIO_I_O)
                                                      0.028     1.452 r  clk_IBUF_BUFG_inst/O
    X1Y1 (CLOCK_ROOT)    net (fo=55, routed)          1.436     2.889    clk_IBUF_BUFG
    SLICE_X43Y68         FDSE                                         r  result_reg[frac][1]/C
  -------------------------------------------------------------------    -------------------
    SLICE_X43Y68         FDSE (Prop_DFF_SLICEM_C_Q)
                                                      0.078     2.967 r  result_reg[frac][1]/Q
                         net (fo=1, routed)           1.382     4.349    result[frac]_OBUF[1]
    L2                   OBUF (Prop_OUTBUF_HPIOB_S_I_O)
                                                      0.870     5.219 r  result[frac][1]_INST_0/O
                         net (fo=0)                   0.000     5.219    result[frac][1]
    L2                                                                r  result[frac][1]
  -------------------------------------------------------------------    -------------------

Slack:                    inf
  Source:                 result_reg[frac][2]/C
                            (rising edge-triggered cell FDSE clocked by clk  {rise@0.000ns fall@1.500ns period=3.000ns})
  Destination:            result[frac][2]
                            (output port)
  Path Group:             (none)
  Path Type:              Max at Slow Process Corner
  Data Path Delay:        2.286ns  (logic 0.970ns (42.432%)  route 1.316ns (57.568%))
  Logic Levels:           1  (OBUF=1)
  Clock Uncertainty:      0.025ns  ((TSJ^2 + TIJ^2)^1/2 + DJ) / 2 + PE
    Total System Jitter     (TSJ):    0.050ns
    Total Input Jitter      (TIJ):    0.000ns
    Discrete Jitter          (DJ):    0.000ns
    Phase Error              (PE):    0.000ns
  Clock Net Delay (Source):      1.436ns (routing 0.584ns, distribution 0.852ns)

    Location             Delay type                Incr(ns)  Path(ns)    Netlist Resource(s)
  -------------------------------------------------------------------    -------------------
                         (clock clk rise edge)        0.000     0.000 r  <hidden>
    AB11                                              0.000     0.000 r  clk
                         net (fo=0)                   0.000     0.000    clk_IBUF_inst/I
    AB11                 INBUF (Prop_INBUF_HDIOB_M_PAD_O)
                                                      1.220     1.220 r  clk_IBUF_inst/INBUF_INST/O
                         net (fo=1, routed)           0.000     1.220    clk_IBUF_inst/OUT
    AB11                 IBUFCTRL (Prop_IBUFCTRL_HDIOB_M_I_O)
                                                      0.000     1.220 r  clk_IBUF_inst/IBUFCTRL_INST/O
                         net (fo=1, routed)           0.204     1.424    clk_IBUF
    BUFGCE_HDIO_X2Y1     BUFGCE (Prop_BUFCE_BUFGCE_HDIO_I_O)
                                                      0.028     1.452 r  clk_IBUF_BUFG_inst/O
    X1Y1 (CLOCK_ROOT)    net (fo=55, routed)          1.436     2.889    clk_IBUF_BUFG
    SLICE_X43Y68         FDSE                                         r  result_reg[frac][2]/C
  -------------------------------------------------------------------    -------------------
    SLICE_X43Y68         FDSE (Prop_CFF_SLICEM_C_Q)
                                                      0.078     2.967 r  result_reg[frac][2]/Q
                         net (fo=1, routed)           1.316     4.283    result[frac]_OBUF[2]
    K4                   OBUF (Prop_OUTBUF_HPIOB_M_I_O)
                                                      0.892     5.175 r  result[frac][2]_INST_0/O
                         net (fo=0)                   0.000     5.175    result[frac][2]
    K4                                                                r  result[frac][2]
  -------------------------------------------------------------------    -------------------

Slack:                    inf
  Source:                 result_reg[frac][6]/C
                            (rising edge-triggered cell FDSE clocked by clk  {rise@0.000ns fall@1.500ns period=3.000ns})
  Destination:            result[frac][6]
                            (output port)
  Path Group:             (none)
  Path Type:              Max at Slow Process Corner
  Data Path Delay:        2.281ns  (logic 0.965ns (42.295%)  route 1.316ns (57.705%))
  Logic Levels:           1  (OBUF=1)
  Clock Uncertainty:      0.025ns  ((TSJ^2 + TIJ^2)^1/2 + DJ) / 2 + PE
    Total System Jitter     (TSJ):    0.050ns
    Total Input Jitter      (TIJ):    0.000ns
    Discrete Jitter          (DJ):    0.000ns
    Phase Error              (PE):    0.000ns
  Clock Net Delay (Source):      1.435ns (routing 0.584ns, distribution 0.851ns)

    Location             Delay type                Incr(ns)  Path(ns)    Netlist Resource(s)
  -------------------------------------------------------------------    -------------------
                         (clock clk rise edge)        0.000     0.000 r  <hidden>
    AB11                                              0.000     0.000 r  clk
                         net (fo=0)                   0.000     0.000    clk_IBUF_inst/I
    AB11                 INBUF (Prop_INBUF_HDIOB_M_PAD_O)
                                                      1.220     1.220 r  clk_IBUF_inst/INBUF_INST/O
                         net (fo=1, routed)           0.000     1.220    clk_IBUF_inst/OUT
    AB11                 IBUFCTRL (Prop_IBUFCTRL_HDIOB_M_I_O)
                                                      0.000     1.220 r  clk_IBUF_inst/IBUFCTRL_INST/O
                         net (fo=1, routed)           0.204     1.424    clk_IBUF
    BUFGCE_HDIO_X2Y1     BUFGCE (Prop_BUFCE_BUFGCE_HDIO_I_O)
                                                      0.028     1.452 r  clk_IBUF_BUFG_inst/O
    X1Y1 (CLOCK_ROOT)    net (fo=55, routed)          1.435     2.888    clk_IBUF_BUFG
    SLICE_X43Y68         FDSE                                         r  result_reg[frac][6]/C
  -------------------------------------------------------------------    -------------------
    SLICE_X43Y68         FDSE (Prop_GFF_SLICEM_C_Q)
                                                      0.078     2.966 r  result_reg[frac][6]/Q
                         net (fo=1, routed)           1.316     4.282    result[frac]_OBUF[6]
    K2                   OBUF (Prop_OUTBUF_HPIOB_M_I_O)
                                                      0.887     5.168 r  result[frac][6]_INST_0/O
                         net (fo=0)                   0.000     5.168    result[frac][6]
    K2                                                                r  result[frac][6]
  -------------------------------------------------------------------    -------------------

Slack:                    inf
  Source:                 result_reg[frac][0]/C
                            (rising edge-triggered cell FDSE clocked by clk  {rise@0.000ns fall@1.500ns period=3.000ns})
  Destination:            result[frac][0]
                            (output port)
  Path Group:             (none)
  Path Type:              Max at Slow Process Corner
  Data Path Delay:        2.284ns  (logic 0.951ns (41.628%)  route 1.333ns (58.372%))
  Logic Levels:           1  (OBUF=1)
  Clock Uncertainty:      0.025ns  ((TSJ^2 + TIJ^2)^1/2 + DJ) / 2 + PE
    Total System Jitter     (TSJ):    0.050ns
    Total Input Jitter      (TIJ):    0.000ns
    Discrete Jitter          (DJ):    0.000ns
    Phase Error              (PE):    0.000ns
  Clock Net Delay (Source):      1.429ns (routing 0.584ns, distribution 0.845ns)

    Location             Delay type                Incr(ns)  Path(ns)    Netlist Resource(s)
  -------------------------------------------------------------------    -------------------
                         (clock clk rise edge)        0.000     0.000 r  <hidden>
    AB11                                              0.000     0.000 r  clk
                         net (fo=0)                   0.000     0.000    clk_IBUF_inst/I
    AB11                 INBUF (Prop_INBUF_HDIOB_M_PAD_O)
                                                      1.220     1.220 r  clk_IBUF_inst/INBUF_INST/O
                         net (fo=1, routed)           0.000     1.220    clk_IBUF_inst/OUT
    AB11                 IBUFCTRL (Prop_IBUFCTRL_HDIOB_M_I_O)
                                                      0.000     1.220 r  clk_IBUF_inst/IBUFCTRL_INST/O
                         net (fo=1, routed)           0.204     1.424    clk_IBUF
    BUFGCE_HDIO_X2Y1     BUFGCE (Prop_BUFCE_BUFGCE_HDIO_I_O)
                                                      0.028     1.452 r  clk_IBUF_BUFG_inst/O
    X1Y1 (CLOCK_ROOT)    net (fo=55, routed)          1.429     2.881    clk_IBUF_BUFG
    SLICE_X41Y65         FDSE                                         r  result_reg[frac][0]/C
  -------------------------------------------------------------------    -------------------
    SLICE_X41Y65         FDSE (Prop_EFF2_SLICEL_C_Q)
                                                      0.081     2.962 r  result_reg[frac][0]/Q
                         net (fo=1, routed)           1.333     4.295    result[frac]_OBUF[0]
    L3                   OBUF (Prop_OUTBUF_HPIOB_M_I_O)
                                                      0.870     5.165 r  result[frac][0]_INST_0/O
                         net (fo=0)                   0.000     5.165    result[frac][0]
    L3                                                                r  result[frac][0]
  -------------------------------------------------------------------    -------------------

Slack:                    inf
  Source:                 result_reg[expon][5]/C
                            (rising edge-triggered cell FDRE clocked by clk  {rise@0.000ns fall@1.500ns period=3.000ns})
  Destination:            result[expon][5]
                            (output port)
  Path Group:             (none)
  Path Type:              Max at Slow Process Corner
  Data Path Delay:        2.287ns  (logic 0.985ns (43.068%)  route 1.302ns (56.932%))
  Logic Levels:           1  (OBUF=1)
  Clock Uncertainty:      0.025ns  ((TSJ^2 + TIJ^2)^1/2 + DJ) / 2 + PE
    Total System Jitter     (TSJ):    0.050ns
    Total Input Jitter      (TIJ):    0.000ns
    Discrete Jitter          (DJ):    0.000ns
    Phase Error              (PE):    0.000ns
  Clock Net Delay (Source):      1.423ns (routing 0.584ns, distribution 0.839ns)

    Location             Delay type                Incr(ns)  Path(ns)    Netlist Resource(s)
  -------------------------------------------------------------------    -------------------
                         (clock clk rise edge)        0.000     0.000 r  <hidden>
    AB11                                              0.000     0.000 r  clk
                         net (fo=0)                   0.000     0.000    clk_IBUF_inst/I
    AB11                 INBUF (Prop_INBUF_HDIOB_M_PAD_O)
                                                      1.220     1.220 r  clk_IBUF_inst/INBUF_INST/O
                         net (fo=1, routed)           0.000     1.220    clk_IBUF_inst/OUT
    AB11                 IBUFCTRL (Prop_IBUFCTRL_HDIOB_M_I_O)
                                                      0.000     1.220 r  clk_IBUF_inst/IBUFCTRL_INST/O
                         net (fo=1, routed)           0.204     1.424    clk_IBUF
    BUFGCE_HDIO_X2Y1     BUFGCE (Prop_BUFCE_BUFGCE_HDIO_I_O)
                                                      0.028     1.452 r  clk_IBUF_BUFG_inst/O
    X1Y1 (CLOCK_ROOT)    net (fo=55, routed)          1.423     2.875    clk_IBUF_BUFG
    SLICE_X43Y70         FDRE                                         r  result_reg[expon][5]/C
  -------------------------------------------------------------------    -------------------
    SLICE_X43Y70         FDRE (Prop_EFF_SLICEM_C_Q)
                                                      0.076     2.951 r  result_reg[expon][5]/Q
                         net (fo=1, routed)           1.302     4.253    result[expon]_OBUF[5]
    U8                   OBUF (Prop_OUTBUF_HPIOB_M_I_O)
                                                      0.909     5.162 r  result[expon][5]_INST_0/O
                         net (fo=0)                   0.000     5.162    result[expon][5]
    U8                                                                r  result[expon][5]
  -------------------------------------------------------------------    -------------------

Slack:                    inf
  Source:                 result_reg[expon][7]/C
                            (rising edge-triggered cell FDRE clocked by clk  {rise@0.000ns fall@1.500ns period=3.000ns})
  Destination:            result[expon][7]
                            (output port)
  Path Group:             (none)
  Path Type:              Max at Slow Process Corner
  Data Path Delay:        2.271ns  (logic 0.984ns (43.319%)  route 1.287ns (56.681%))
  Logic Levels:           1  (OBUF=1)
  Clock Uncertainty:      0.025ns  ((TSJ^2 + TIJ^2)^1/2 + DJ) / 2 + PE
    Total System Jitter     (TSJ):    0.050ns
    Total Input Jitter      (TIJ):    0.000ns
    Discrete Jitter          (DJ):    0.000ns
    Phase Error              (PE):    0.000ns
  Clock Net Delay (Source):      1.422ns (routing 0.584ns, distribution 0.838ns)

    Location             Delay type                Incr(ns)  Path(ns)    Netlist Resource(s)
  -------------------------------------------------------------------    -------------------
                         (clock clk rise edge)        0.000     0.000 r  <hidden>
    AB11                                              0.000     0.000 r  clk
                         net (fo=0)                   0.000     0.000    clk_IBUF_inst/I
    AB11                 INBUF (Prop_INBUF_HDIOB_M_PAD_O)
                                                      1.220     1.220 r  clk_IBUF_inst/INBUF_INST/O
                         net (fo=1, routed)           0.000     1.220    clk_IBUF_inst/OUT
    AB11                 IBUFCTRL (Prop_IBUFCTRL_HDIOB_M_I_O)
                                                      0.000     1.220 r  clk_IBUF_inst/IBUFCTRL_INST/O
                         net (fo=1, routed)           0.204     1.424    clk_IBUF
    BUFGCE_HDIO_X2Y1     BUFGCE (Prop_BUFCE_BUFGCE_HDIO_I_O)
                                                      0.028     1.452 r  clk_IBUF_BUFG_inst/O
    X1Y1 (CLOCK_ROOT)    net (fo=55, routed)          1.422     2.874    clk_IBUF_BUFG
    SLICE_X43Y73         FDRE                                         r  result_reg[expon][7]/C
  -------------------------------------------------------------------    -------------------
    SLICE_X43Y73         FDRE (Prop_EFF_SLICEM_C_Q)
                                                      0.076     2.950 r  result_reg[expon][7]/Q
                         net (fo=1, routed)           1.287     4.237    result[expon]_OBUF[7]
    U9                   OBUF (Prop_OUTBUF_HPIOB_M_I_O)
                                                      0.908     5.145 r  result[expon][7]_INST_0/O
                         net (fo=0)                   0.000     5.145    result[expon][7]
    U9                                                                r  result[expon][7]
  -------------------------------------------------------------------    -------------------





Min Delay Paths
--------------------------------------------------------------------------------------
Slack:                    inf
  Source:                 result_reg[znan]/C
                            (rising edge-triggered cell FDRE clocked by clk  {rise@0.000ns fall@1.500ns period=3.000ns})
  Destination:            result[znan]
                            (output port)
  Path Group:             (none)
  Path Type:              Min at Fast Process Corner
  Data Path Delay:        0.952ns  (logic 0.417ns (43.790%)  route 0.535ns (56.210%))
  Logic Levels:           1  (OBUF=1)
  Clock Uncertainty:      0.025ns  ((TSJ^2 + TIJ^2)^1/2 + DJ) / 2 + PE
    Total System Jitter     (TSJ):    0.050ns
    Total Input Jitter      (TIJ):    0.000ns
    Discrete Jitter          (DJ):    0.000ns
    Phase Error              (PE):    0.000ns
  Clock Net Delay (Source):      0.772ns (routing 0.321ns, distribution 0.451ns)

    Location             Delay type                Incr(ns)  Path(ns)    Netlist Resource(s)
  -------------------------------------------------------------------    -------------------
                         (clock clk rise edge)        0.000     0.000 r  <hidden>
    AB11                                              0.000     0.000 r  clk
                         net (fo=0)                   0.000     0.000    clk_IBUF_inst/I
    AB11                 INBUF (Prop_INBUF_HDIOB_M_PAD_O)
                                                      0.798     0.798 r  clk_IBUF_inst/INBUF_INST/O
                         net (fo=1, routed)           0.000     0.798    clk_IBUF_inst/OUT
    AB11                 IBUFCTRL (Prop_IBUFCTRL_HDIOB_M_I_O)
                                                      0.000     0.798 r  clk_IBUF_inst/IBUFCTRL_INST/O
                         net (fo=1, routed)           0.091     0.889    clk_IBUF
    BUFGCE_HDIO_X2Y1     BUFGCE (Prop_BUFCE_BUFGCE_HDIO_I_O)
                                                      0.017     0.906 r  clk_IBUF_BUFG_inst/O
    X1Y1 (CLOCK_ROOT)    net (fo=55, routed)          0.772     1.677    clk_IBUF_BUFG
    SLICE_X48Y91         FDRE                                         r  result_reg[znan]/C
  -------------------------------------------------------------------    -------------------
    SLICE_X48Y91         FDRE (Prop_HFF2_SLICEM_C_Q)
                                                      0.039     1.716 r  result_reg[znan]/Q
                         net (fo=1, routed)           0.535     2.251    result_reg[znan_n_0_]
    K5                   OBUF (Prop_OUTBUF_HPIOB_SNGL_I_O)
                                                      0.378     2.629 r  result[znan]_INST_0/O
                         net (fo=0)                   0.000     2.629    result[znan]
    K5                                                                r  result[znan]
  -------------------------------------------------------------------    -------------------

Slack:                    inf
  Source:                 result_reg[expon][2]/C
                            (rising edge-triggered cell FDRE clocked by clk  {rise@0.000ns fall@1.500ns period=3.000ns})
  Destination:            result[expon][2]
                            (output port)
  Path Group:             (none)
  Path Type:              Min at Fast Process Corner
  Data Path Delay:        0.932ns  (logic 0.419ns (44.980%)  route 0.513ns (55.020%))
  Logic Levels:           1  (OBUF=1)
  Clock Uncertainty:      0.025ns  ((TSJ^2 + TIJ^2)^1/2 + DJ) / 2 + PE
    Total System Jitter     (TSJ):    0.050ns
    Total Input Jitter      (TIJ):    0.000ns
    Discrete Jitter          (DJ):    0.000ns
    Phase Error              (PE):    0.000ns
  Clock Net Delay (Source):      0.795ns (routing 0.321ns, distribution 0.474ns)

    Location             Delay type                Incr(ns)  Path(ns)    Netlist Resource(s)
  -------------------------------------------------------------------    -------------------
                         (clock clk rise edge)        0.000     0.000 r  <hidden>
    AB11                                              0.000     0.000 r  clk
                         net (fo=0)                   0.000     0.000    clk_IBUF_inst/I
    AB11                 INBUF (Prop_INBUF_HDIOB_M_PAD_O)
                                                      0.798     0.798 r  clk_IBUF_inst/INBUF_INST/O
                         net (fo=1, routed)           0.000     0.798    clk_IBUF_inst/OUT
    AB11                 IBUFCTRL (Prop_IBUFCTRL_HDIOB_M_I_O)
                                                      0.000     0.798 r  clk_IBUF_inst/IBUFCTRL_INST/O
                         net (fo=1, routed)           0.091     0.889    clk_IBUF
    BUFGCE_HDIO_X2Y1     BUFGCE (Prop_BUFCE_BUFGCE_HDIO_I_O)
                                                      0.017     0.906 r  clk_IBUF_BUFG_inst/O
    X1Y1 (CLOCK_ROOT)    net (fo=55, routed)          0.795     1.700    clk_IBUF_BUFG
    SLICE_X42Y72         FDRE                                         r  result_reg[expon][2]/C
  -------------------------------------------------------------------    -------------------
    SLICE_X42Y72         FDRE (Prop_GFF_SLICEM_C_Q)
                                                      0.039     1.739 r  result_reg[expon][2]/Q
                         net (fo=1, routed)           0.513     2.252    result[expon]_OBUF[2]
    T7                   OBUF (Prop_OUTBUF_HPIOB_S_I_O)
                                                      0.380     2.633 r  result[expon][2]_INST_0/O
                         net (fo=0)                   0.000     2.633    result[expon][2]
    T7                                                                r  result[expon][2]
  -------------------------------------------------------------------    -------------------

Slack:                    inf
  Source:                 result_reg[expon][0]/C
                            (rising edge-triggered cell FDRE clocked by clk  {rise@0.000ns fall@1.500ns period=3.000ns})
  Destination:            result[expon][0]
                            (output port)
  Path Group:             (none)
  Path Type:              Min at Fast Process Corner
  Data Path Delay:        0.933ns  (logic 0.420ns (44.995%)  route 0.513ns (55.005%))
  Logic Levels:           1  (OBUF=1)
  Clock Uncertainty:      0.025ns  ((TSJ^2 + TIJ^2)^1/2 + DJ) / 2 + PE
    Total System Jitter     (TSJ):    0.050ns
    Total Input Jitter      (TIJ):    0.000ns
    Discrete Jitter          (DJ):    0.000ns
    Phase Error              (PE):    0.000ns
  Clock Net Delay (Source):      0.795ns (routing 0.321ns, distribution 0.474ns)

    Location             Delay type                Incr(ns)  Path(ns)    Netlist Resource(s)
  -------------------------------------------------------------------    -------------------
                         (clock clk rise edge)        0.000     0.000 r  <hidden>
    AB11                                              0.000     0.000 r  clk
                         net (fo=0)                   0.000     0.000    clk_IBUF_inst/I
    AB11                 INBUF (Prop_INBUF_HDIOB_M_PAD_O)
                                                      0.798     0.798 r  clk_IBUF_inst/INBUF_INST/O
                         net (fo=1, routed)           0.000     0.798    clk_IBUF_inst/OUT
    AB11                 IBUFCTRL (Prop_IBUFCTRL_HDIOB_M_I_O)
                                                      0.000     0.798 r  clk_IBUF_inst/IBUFCTRL_INST/O
                         net (fo=1, routed)           0.091     0.889    clk_IBUF
    BUFGCE_HDIO_X2Y1     BUFGCE (Prop_BUFCE_BUFGCE_HDIO_I_O)
                                                      0.017     0.906 r  clk_IBUF_BUFG_inst/O
    X1Y1 (CLOCK_ROOT)    net (fo=55, routed)          0.795     1.700    clk_IBUF_BUFG
    SLICE_X42Y72         FDRE                                         r  result_reg[expon][0]/C
  -------------------------------------------------------------------    -------------------
    SLICE_X42Y72         FDRE (Prop_HFF2_SLICEM_C_Q)
                                                      0.039     1.739 r  result_reg[expon][0]/Q
                         net (fo=1, routed)           0.513     2.252    result[expon]_OBUF[0]
    T6                   OBUF (Prop_OUTBUF_HPIOB_S_I_O)
                                                      0.381     2.633 r  result[expon][0]_INST_0/O
                         net (fo=0)                   0.000     2.633    result[expon][0]
    T6                                                                r  result[expon][0]
  -------------------------------------------------------------------    -------------------

Slack:                    inf
  Source:                 result_reg[expon][4]/C
                            (rising edge-triggered cell FDRE clocked by clk  {rise@0.000ns fall@1.500ns period=3.000ns})
  Destination:            result[expon][4]
                            (output port)
  Path Group:             (none)
  Path Type:              Min at Fast Process Corner
  Data Path Delay:        0.937ns  (logic 0.433ns (46.213%)  route 0.504ns (53.787%))
  Logic Levels:           1  (OBUF=1)
  Clock Uncertainty:      0.025ns  ((TSJ^2 + TIJ^2)^1/2 + DJ) / 2 + PE
    Total System Jitter     (TSJ):    0.050ns
    Total Input Jitter      (TIJ):    0.000ns
    Discrete Jitter          (DJ):    0.000ns
    Phase Error              (PE):    0.000ns
  Clock Net Delay (Source):      0.793ns (routing 0.321ns, distribution 0.472ns)

    Location             Delay type                Incr(ns)  Path(ns)    Netlist Resource(s)
  -------------------------------------------------------------------    -------------------
                         (clock clk rise edge)        0.000     0.000 r  <hidden>
    AB11                                              0.000     0.000 r  clk
                         net (fo=0)                   0.000     0.000    clk_IBUF_inst/I
    AB11                 INBUF (Prop_INBUF_HDIOB_M_PAD_O)
                                                      0.798     0.798 r  clk_IBUF_inst/INBUF_INST/O
                         net (fo=1, routed)           0.000     0.798    clk_IBUF_inst/OUT
    AB11                 IBUFCTRL (Prop_IBUFCTRL_HDIOB_M_I_O)
                                                      0.000     0.798 r  clk_IBUF_inst/IBUFCTRL_INST/O
                         net (fo=1, routed)           0.091     0.889    clk_IBUF
    BUFGCE_HDIO_X2Y1     BUFGCE (Prop_BUFCE_BUFGCE_HDIO_I_O)
                                                      0.017     0.906 r  clk_IBUF_BUFG_inst/O
    X1Y1 (CLOCK_ROOT)    net (fo=55, routed)          0.793     1.698    clk_IBUF_BUFG
    SLICE_X43Y69         FDRE                                         r  result_reg[expon][4]/C
  -------------------------------------------------------------------    -------------------
    SLICE_X43Y69         FDRE (Prop_EFF_SLICEM_C_Q)
                                                      0.038     1.736 r  result_reg[expon][4]/Q
                         net (fo=1, routed)           0.504     2.240    result[expon]_OBUF[4]
    T8                   OBUF (Prop_OUTBUF_HPIOB_S_I_O)
                                                      0.395     2.635 r  result[expon][4]_INST_0/O
                         net (fo=0)                   0.000     2.635    result[expon][4]
    T8                                                                r  result[expon][4]
  -------------------------------------------------------------------    -------------------

Slack:                    inf
  Source:                 result_reg[expon][1]/C
                            (rising edge-triggered cell FDRE clocked by clk  {rise@0.000ns fall@1.500ns period=3.000ns})
  Destination:            result[expon][1]
                            (output port)
  Path Group:             (none)
  Path Type:              Min at Fast Process Corner
  Data Path Delay:        0.945ns  (logic 0.422ns (44.664%)  route 0.523ns (55.336%))
  Logic Levels:           1  (OBUF=1)
  Clock Uncertainty:      0.025ns  ((TSJ^2 + TIJ^2)^1/2 + DJ) / 2 + PE
    Total System Jitter     (TSJ):    0.050ns
    Total Input Jitter      (TIJ):    0.000ns
    Discrete Jitter          (DJ):    0.000ns
    Phase Error              (PE):    0.000ns
  Clock Net Delay (Source):      0.793ns (routing 0.321ns, distribution 0.472ns)

    Location             Delay type                Incr(ns)  Path(ns)    Netlist Resource(s)
  -------------------------------------------------------------------    -------------------
                         (clock clk rise edge)        0.000     0.000 r  <hidden>
    AB11                                              0.000     0.000 r  clk
                         net (fo=0)                   0.000     0.000    clk_IBUF_inst/I
    AB11                 INBUF (Prop_INBUF_HDIOB_M_PAD_O)
                                                      0.798     0.798 r  clk_IBUF_inst/INBUF_INST/O
                         net (fo=1, routed)           0.000     0.798    clk_IBUF_inst/OUT
    AB11                 IBUFCTRL (Prop_IBUFCTRL_HDIOB_M_I_O)
                                                      0.000     0.798 r  clk_IBUF_inst/IBUFCTRL_INST/O
                         net (fo=1, routed)           0.091     0.889    clk_IBUF
    BUFGCE_HDIO_X2Y1     BUFGCE (Prop_BUFCE_BUFGCE_HDIO_I_O)
                                                      0.017     0.906 r  clk_IBUF_BUFG_inst/O
    X1Y1 (CLOCK_ROOT)    net (fo=55, routed)          0.793     1.699    clk_IBUF_BUFG
    SLICE_X42Y70         FDRE                                         r  result_reg[expon][1]/C
  -------------------------------------------------------------------    -------------------
    SLICE_X42Y70         FDRE (Prop_DFF2_SLICEM_C_Q)
                                                      0.041     1.740 r  result_reg[expon][1]/Q
                         net (fo=1, routed)           0.523     2.263    result[expon]_OBUF[1]
    R7                   OBUF (Prop_OUTBUF_HPIOB_M_I_O)
                                                      0.381     2.644 r  result[expon][1]_INST_0/O
                         net (fo=0)                   0.000     2.644    result[expon][1]
    R7                                                                r  result[expon][1]
  -------------------------------------------------------------------    -------------------

Slack:                    inf
  Source:                 result_reg[frac][9]/C
                            (rising edge-triggered cell FDSE clocked by clk  {rise@0.000ns fall@1.500ns period=3.000ns})
  Destination:            result[frac][9]
                            (output port)
  Path Group:             (none)
  Path Type:              Min at Fast Process Corner
  Data Path Delay:        0.957ns  (logic 0.416ns (43.465%)  route 0.541ns (56.535%))
  Logic Levels:           1  (OBUF=1)
  Clock Uncertainty:      0.025ns  ((TSJ^2 + TIJ^2)^1/2 + DJ) / 2 + PE
    Total System Jitter     (TSJ):    0.050ns
    Total Input Jitter      (TIJ):    0.000ns
    Discrete Jitter          (DJ):    0.000ns
    Phase Error              (PE):    0.000ns
  Clock Net Delay (Source):      0.783ns (routing 0.321ns, distribution 0.462ns)

    Location             Delay type                Incr(ns)  Path(ns)    Netlist Resource(s)
  -------------------------------------------------------------------    -------------------
                         (clock clk rise edge)        0.000     0.000 r  <hidden>
    AB11                                              0.000     0.000 r  clk
                         net (fo=0)                   0.000     0.000    clk_IBUF_inst/I
    AB11                 INBUF (Prop_INBUF_HDIOB_M_PAD_O)
                                                      0.798     0.798 r  clk_IBUF_inst/INBUF_INST/O
                         net (fo=1, routed)           0.000     0.798    clk_IBUF_inst/OUT
    AB11                 IBUFCTRL (Prop_IBUFCTRL_HDIOB_M_I_O)
                                                      0.000     0.798 r  clk_IBUF_inst/IBUFCTRL_INST/O
                         net (fo=1, routed)           0.091     0.889    clk_IBUF
    BUFGCE_HDIO_X2Y1     BUFGCE (Prop_BUFCE_BUFGCE_HDIO_I_O)
                                                      0.017     0.906 r  clk_IBUF_BUFG_inst/O
    X1Y1 (CLOCK_ROOT)    net (fo=55, routed)          0.783     1.689    clk_IBUF_BUFG
    SLICE_X44Y72         FDSE                                         r  result_reg[frac][9]/C
  -------------------------------------------------------------------    -------------------
    SLICE_X44Y72         FDSE (Prop_DFF_SLICEL_C_Q)
                                                      0.039     1.728 r  result_reg[frac][9]/Q
                         net (fo=1, routed)           0.541     2.269    result[frac]_OBUF[9]
    H1                   OBUF (Prop_OUTBUF_HPIOB_S_I_O)
                                                      0.377     2.646 r  result[frac][9]_INST_0/O
                         net (fo=0)                   0.000     2.646    result[frac][9]
    H1                                                                r  result[frac][9]
  -------------------------------------------------------------------    -------------------

Slack:                    inf
  Source:                 result_reg[frac][10]/C
                            (rising edge-triggered cell FDSE clocked by clk  {rise@0.000ns fall@1.500ns period=3.000ns})
  Destination:            result[frac][10]
                            (output port)
  Path Group:             (none)
  Path Type:              Min at Fast Process Corner
  Data Path Delay:        0.951ns  (logic 0.422ns (44.371%)  route 0.529ns (55.629%))
  Logic Levels:           1  (OBUF=1)
  Clock Uncertainty:      0.025ns  ((TSJ^2 + TIJ^2)^1/2 + DJ) / 2 + PE
    Total System Jitter     (TSJ):    0.050ns
    Total Input Jitter      (TIJ):    0.000ns
    Discrete Jitter          (DJ):    0.000ns
    Phase Error              (PE):    0.000ns
  Clock Net Delay (Source):      0.794ns (routing 0.321ns, distribution 0.473ns)

    Location             Delay type                Incr(ns)  Path(ns)    Netlist Resource(s)
  -------------------------------------------------------------------    -------------------
                         (clock clk rise edge)        0.000     0.000 r  <hidden>
    AB11                                              0.000     0.000 r  clk
                         net (fo=0)                   0.000     0.000    clk_IBUF_inst/I
    AB11                 INBUF (Prop_INBUF_HDIOB_M_PAD_O)
                                                      0.798     0.798 r  clk_IBUF_inst/INBUF_INST/O
                         net (fo=1, routed)           0.000     0.798    clk_IBUF_inst/OUT
    AB11                 IBUFCTRL (Prop_IBUFCTRL_HDIOB_M_I_O)
                                                      0.000     0.798 r  clk_IBUF_inst/IBUFCTRL_INST/O
                         net (fo=1, routed)           0.091     0.889    clk_IBUF
    BUFGCE_HDIO_X2Y1     BUFGCE (Prop_BUFCE_BUFGCE_HDIO_I_O)
                                                      0.017     0.906 r  clk_IBUF_BUFG_inst/O
    X1Y1 (CLOCK_ROOT)    net (fo=55, routed)          0.794     1.699    clk_IBUF_BUFG
    SLICE_X43Y69         FDSE                                         r  result_reg[frac][10]/C
  -------------------------------------------------------------------    -------------------
    SLICE_X43Y69         FDSE (Prop_DFF2_SLICEM_C_Q)
                                                      0.041     1.740 r  result_reg[frac][10]/Q
                         net (fo=1, routed)           0.529     2.269    result[frac]_OBUF[10]
    L1                   OBUF (Prop_OUTBUF_HPIOB_M_I_O)
                                                      0.381     2.650 r  result[frac][10]_INST_0/O
                         net (fo=0)                   0.000     2.650    result[frac][10]
    L1                                                                r  result[frac][10]
  -------------------------------------------------------------------    -------------------

Slack:                    inf
  Source:                 result_reg[expon][8]/C
                            (rising edge-triggered cell FDRE clocked by clk  {rise@0.000ns fall@1.500ns period=3.000ns})
  Destination:            result[expon][8]
                            (output port)
  Path Group:             (none)
  Path Type:              Min at Fast Process Corner
  Data Path Delay:        0.956ns  (logic 0.428ns (44.794%)  route 0.528ns (55.206%))
  Logic Levels:           1  (OBUF=1)
  Clock Uncertainty:      0.025ns  ((TSJ^2 + TIJ^2)^1/2 + DJ) / 2 + PE
    Total System Jitter     (TSJ):    0.050ns
    Total Input Jitter      (TIJ):    0.000ns
    Discrete Jitter          (DJ):    0.000ns
    Phase Error              (PE):    0.000ns
  Clock Net Delay (Source):      0.789ns (routing 0.321ns, distribution 0.468ns)

    Location             Delay type                Incr(ns)  Path(ns)    Netlist Resource(s)
  -------------------------------------------------------------------    -------------------
                         (clock clk rise edge)        0.000     0.000 r  <hidden>
    AB11                                              0.000     0.000 r  clk
                         net (fo=0)                   0.000     0.000    clk_IBUF_inst/I
    AB11                 INBUF (Prop_INBUF_HDIOB_M_PAD_O)
                                                      0.798     0.798 r  clk_IBUF_inst/INBUF_INST/O
                         net (fo=1, routed)           0.000     0.798    clk_IBUF_inst/OUT
    AB11                 IBUFCTRL (Prop_IBUFCTRL_HDIOB_M_I_O)
                                                      0.000     0.798 r  clk_IBUF_inst/IBUFCTRL_INST/O
                         net (fo=1, routed)           0.091     0.889    clk_IBUF
    BUFGCE_HDIO_X2Y1     BUFGCE (Prop_BUFCE_BUFGCE_HDIO_I_O)
                                                      0.017     0.906 r  clk_IBUF_BUFG_inst/O
    X1Y1 (CLOCK_ROOT)    net (fo=55, routed)          0.789     1.695    clk_IBUF_BUFG
    SLICE_X43Y70         FDRE                                         r  result_reg[expon][8]/C
  -------------------------------------------------------------------    -------------------
    SLICE_X43Y70         FDRE (Prop_FFF_SLICEM_C_Q)
                                                      0.037     1.732 r  result_reg[expon][8]/Q
                         net (fo=1, routed)           0.528     2.260    result[expon]_OBUF[8]
    V9                   OBUF (Prop_OUTBUF_HPIOB_S_I_O)
                                                      0.391     2.651 r  result[expon][8]_INST_0/O
                         net (fo=0)                   0.000     2.651    result[expon][8]
    V9                                                                r  result[expon][8]
  -------------------------------------------------------------------    -------------------

Slack:                    inf
  Source:                 result_reg[frac][12]/C
                            (rising edge-triggered cell FDSE clocked by clk  {rise@0.000ns fall@1.500ns period=3.000ns})
  Destination:            result[frac][12]
                            (output port)
  Path Group:             (none)
  Path Type:              Min at Fast Process Corner
  Data Path Delay:        0.954ns  (logic 0.418ns (43.843%)  route 0.536ns (56.157%))
  Logic Levels:           1  (OBUF=1)
  Clock Uncertainty:      0.025ns  ((TSJ^2 + TIJ^2)^1/2 + DJ) / 2 + PE
    Total System Jitter     (TSJ):    0.050ns
    Total Input Jitter      (TIJ):    0.000ns
    Discrete Jitter          (DJ):    0.000ns
    Phase Error              (PE):    0.000ns
  Clock Net Delay (Source):      0.794ns (routing 0.321ns, distribution 0.473ns)

    Location             Delay type                Incr(ns)  Path(ns)    Netlist Resource(s)
  -------------------------------------------------------------------    -------------------
                         (clock clk rise edge)        0.000     0.000 r  <hidden>
    AB11                                              0.000     0.000 r  clk
                         net (fo=0)                   0.000     0.000    clk_IBUF_inst/I
    AB11                 INBUF (Prop_INBUF_HDIOB_M_PAD_O)
                                                      0.798     0.798 r  clk_IBUF_inst/INBUF_INST/O
                         net (fo=1, routed)           0.000     0.798    clk_IBUF_inst/OUT
    AB11                 IBUFCTRL (Prop_IBUFCTRL_HDIOB_M_I_O)
                                                      0.000     0.798 r  clk_IBUF_inst/IBUFCTRL_INST/O
                         net (fo=1, routed)           0.091     0.889    clk_IBUF
    BUFGCE_HDIO_X2Y1     BUFGCE (Prop_BUFCE_BUFGCE_HDIO_I_O)
                                                      0.017     0.906 r  clk_IBUF_BUFG_inst/O
    X1Y1 (CLOCK_ROOT)    net (fo=55, routed)          0.794     1.699    clk_IBUF_BUFG
    SLICE_X43Y69         FDSE                                         r  result_reg[frac][12]/C
  -------------------------------------------------------------------    -------------------
    SLICE_X43Y69         FDSE (Prop_CFF_SLICEM_C_Q)
                                                      0.038     1.737 r  result_reg[frac][12]/Q
                         net (fo=1, routed)           0.536     2.273    result[frac]_OBUF[12]
    R6                   OBUF (Prop_OUTBUF_HPIOB_M_I_O)
                                                      0.380     2.654 r  result[frac][12]_INST_0/O
                         net (fo=0)                   0.000     2.654    result[frac][12]
    R6                                                                r  result[frac][12]
  -------------------------------------------------------------------    -------------------

Slack:                    inf
  Source:                 result_reg[sign]/C
                            (rising edge-triggered cell FDSE clocked by clk  {rise@0.000ns fall@1.500ns period=3.000ns})
  Destination:            result[sign]
                            (output port)
  Path Group:             (none)
  Path Type:              Min at Fast Process Corner
  Data Path Delay:        0.977ns  (logic 0.448ns (45.872%)  route 0.529ns (54.128%))
  Logic Levels:           1  (OBUF=1)
  Clock Uncertainty:      0.025ns  ((TSJ^2 + TIJ^2)^1/2 + DJ) / 2 + PE
    Total System Jitter     (TSJ):    0.050ns
    Total Input Jitter      (TIJ):    0.000ns
    Discrete Jitter          (DJ):    0.000ns
    Phase Error              (PE):    0.000ns
  Clock Net Delay (Source):      0.773ns (routing 0.321ns, distribution 0.452ns)

    Location             Delay type                Incr(ns)  Path(ns)    Netlist Resource(s)
  -------------------------------------------------------------------    -------------------
                         (clock clk rise edge)        0.000     0.000 r  <hidden>
    AB11                                              0.000     0.000 r  clk
                         net (fo=0)                   0.000     0.000    clk_IBUF_inst/I
    AB11                 INBUF (Prop_INBUF_HDIOB_M_PAD_O)
                                                      0.798     0.798 r  clk_IBUF_inst/INBUF_INST/O
                         net (fo=1, routed)           0.000     0.798    clk_IBUF_inst/OUT
    AB11                 IBUFCTRL (Prop_IBUFCTRL_HDIOB_M_I_O)
                                                      0.000     0.798 r  clk_IBUF_inst/IBUFCTRL_INST/O
                         net (fo=1, routed)           0.091     0.889    clk_IBUF
    BUFGCE_HDIO_X2Y1     BUFGCE (Prop_BUFCE_BUFGCE_HDIO_I_O)
                                                      0.017     0.906 r  clk_IBUF_BUFG_inst/O
    X1Y1 (CLOCK_ROOT)    net (fo=55, routed)          0.773     1.678    clk_IBUF_BUFG
    SLICE_X48Y91         FDSE                                         r  result_reg[sign]/C
  -------------------------------------------------------------------    -------------------
    SLICE_X48Y91         FDSE (Prop_DFF2_SLICEM_C_Q)
                                                      0.041     1.719 r  result_reg[sign]/Q
                         net (fo=1, routed)           0.529     2.248    result_reg[sign_n_0_]
    Y8                   OBUF (Prop_OUTBUF_HPIOB_S_I_O)
                                                      0.407     2.655 r  result[sign]_INST_0/O
                         net (fo=0)                   0.000     2.655    result[sign]
    Y8                                                                r  result[sign]
  -------------------------------------------------------------------    -------------------





--------------------------------------------------------------------------------------
Path Group:  (none)
From Clock:  
  To Clock:  clk

Max Delay            24 Endpoints
Min Delay            24 Endpoints
--------------------------------------------------------------------------------------


Max Delay Paths
--------------------------------------------------------------------------------------
Slack:                    inf
  Source:                 operanda[expon][5]
                            (input port)
  Destination:            alu_ina_reg[expon][5]/D
                            (rising edge-triggered cell FDRE clocked by clk  {rise@0.000ns fall@1.500ns period=3.000ns})
  Path Group:             (none)
  Path Type:              Setup (Max at Slow Process Corner)
  Data Path Delay:        2.019ns  (logic 0.520ns (25.752%)  route 1.499ns (74.248%))
  Logic Levels:           2  (IBUFCTRL=1 INBUF=1)
  Clock Path Skew:        2.250ns (DCD - SCD + CPR)
    Destination Clock Delay (DCD):    2.250ns
    Source Clock Delay      (SCD):    0.000ns
    Clock Pessimism Removal (CPR):    0.000ns
  Clock Uncertainty:      0.025ns  ((TSJ^2 + TIJ^2)^1/2 + DJ) / 2 + PE
    Total System Jitter     (TSJ):    0.050ns
    Total Input Jitter      (TIJ):    0.000ns
    Discrete Jitter          (DJ):    0.000ns
    Phase Error              (PE):    0.000ns
  Clock Net Delay (Destination): 1.260ns (routing 0.531ns, distribution 0.729ns)

    Location             Delay type                Incr(ns)  Path(ns)    Netlist Resource(s)
  -------------------------------------------------------------------    -------------------
    K7                                                0.000     0.000 r  operanda[expon][5]
                         net (fo=0)                   0.000     0.000    alu_ina_reg[expon][5]_i_1/I
    K7                   INBUF (Prop_INBUF_HPIOB_S_PAD_O)
                                                      0.520     0.520 r  alu_ina_reg[expon][5]_i_1/INBUF_INST/O
                         net (fo=1, routed)           0.000     0.520    alu_ina_reg[expon][5]_i_1/OUT
    K7                   IBUFCTRL (Prop_IBUFCTRL_HPIOB_S_I_O)
                                                      0.000     0.520 r  alu_ina_reg[expon][5]_i_1/IBUFCTRL_INST/O
                         net (fo=1, routed)           1.499     2.019    alu_ina_reg[expon][5]_i_1_n_0
    SLICE_X44Y71         FDRE                                         r  alu_ina_reg[expon][5]/D
  -------------------------------------------------------------------    -------------------

                         (clock clk rise edge)        0.000     0.000 r  <hidden>
    AB11                                              0.000     0.000 r  clk
                         net (fo=0)                   0.000     0.000    clk_IBUF_inst/I
    AB11                 INBUF (Prop_INBUF_HDIOB_M_PAD_O)
                                                      0.798     0.798 r  clk_IBUF_inst/INBUF_INST/O
                         net (fo=1, routed)           0.000     0.798    clk_IBUF_inst/OUT
    AB11                 IBUFCTRL (Prop_IBUFCTRL_HDIOB_M_I_O)
                                                      0.000     0.798 r  clk_IBUF_inst/IBUFCTRL_INST/O
                         net (fo=1, routed)           0.169     0.967    clk_IBUF
    BUFGCE_HDIO_X2Y1     BUFGCE (Prop_BUFCE_BUFGCE_HDIO_I_O)
                                                      0.024     0.991 r  clk_IBUF_BUFG_inst/O
    X1Y1 (CLOCK_ROOT)    net (fo=55, routed)          1.260     2.250    clk_IBUF_BUFG
    SLICE_X44Y71         FDRE                                         r  alu_ina_reg[expon][5]/C

Slack:                    inf
  Source:                 operanda[expon][6]
                            (input port)
  Destination:            alu_ina_reg[expon][6]/D
                            (rising edge-triggered cell FDRE clocked by clk  {rise@0.000ns fall@1.500ns period=3.000ns})
  Path Group:             (none)
  Path Type:              Setup (Max at Slow Process Corner)
  Data Path Delay:        1.982ns  (logic 0.524ns (26.435%)  route 1.458ns (73.565%))
  Logic Levels:           2  (IBUFCTRL=1 INBUF=1)
  Clock Path Skew:        2.246ns (DCD - SCD + CPR)
    Destination Clock Delay (DCD):    2.246ns
    Source Clock Delay      (SCD):    0.000ns
    Clock Pessimism Removal (CPR):    0.000ns
  Clock Uncertainty:      0.025ns  ((TSJ^2 + TIJ^2)^1/2 + DJ) / 2 + PE
    Total System Jitter     (TSJ):    0.050ns
    Total Input Jitter      (TIJ):    0.000ns
    Discrete Jitter          (DJ):    0.000ns
    Phase Error              (PE):    0.000ns
  Clock Net Delay (Destination): 1.256ns (routing 0.531ns, distribution 0.725ns)

    Location             Delay type                Incr(ns)  Path(ns)    Netlist Resource(s)
  -------------------------------------------------------------------    -------------------
    J7                                                0.000     0.000 r  operanda[expon][6]
                         net (fo=0)                   0.000     0.000    alu_ina_reg[expon][6]_i_1/I
    J7                   INBUF (Prop_INBUF_HPIOB_M_PAD_O)
                                                      0.524     0.524 r  alu_ina_reg[expon][6]_i_1/INBUF_INST/O
                         net (fo=1, routed)           0.000     0.524    alu_ina_reg[expon][6]_i_1/OUT
    J7                   IBUFCTRL (Prop_IBUFCTRL_HPIOB_M_I_O)
                                                      0.000     0.524 r  alu_ina_reg[expon][6]_i_1/IBUFCTRL_INST/O
                         net (fo=1, routed)           1.458     1.982    alu_ina_reg[expon][6]_i_1_n_0
    SLICE_X45Y70         FDRE                                         r  alu_ina_reg[expon][6]/D
  -------------------------------------------------------------------    -------------------

                         (clock clk rise edge)        0.000     0.000 r  <hidden>
    AB11                                              0.000     0.000 r  clk
                         net (fo=0)                   0.000     0.000    clk_IBUF_inst/I
    AB11                 INBUF (Prop_INBUF_HDIOB_M_PAD_O)
                                                      0.798     0.798 r  clk_IBUF_inst/INBUF_INST/O
                         net (fo=1, routed)           0.000     0.798    clk_IBUF_inst/OUT
    AB11                 IBUFCTRL (Prop_IBUFCTRL_HDIOB_M_I_O)
                                                      0.000     0.798 r  clk_IBUF_inst/IBUFCTRL_INST/O
                         net (fo=1, routed)           0.169     0.967    clk_IBUF
    BUFGCE_HDIO_X2Y1     BUFGCE (Prop_BUFCE_BUFGCE_HDIO_I_O)
                                                      0.024     0.991 r  clk_IBUF_BUFG_inst/O
    X1Y1 (CLOCK_ROOT)    net (fo=55, routed)          1.256     2.246    clk_IBUF_BUFG
    SLICE_X45Y70         FDRE                                         r  alu_ina_reg[expon][6]/C

Slack:                    inf
  Source:                 operanda[expon][2]
                            (input port)
  Destination:            alu_ina_reg[expon][2]/D
                            (rising edge-triggered cell FDRE clocked by clk  {rise@0.000ns fall@1.500ns period=3.000ns})
  Path Group:             (none)
  Path Type:              Setup (Max at Slow Process Corner)
  Data Path Delay:        1.982ns  (logic 0.497ns (25.063%)  route 1.485ns (74.937%))
  Logic Levels:           2  (IBUFCTRL=1 INBUF=1)
  Clock Path Skew:        2.250ns (DCD - SCD + CPR)
    Destination Clock Delay (DCD):    2.250ns
    Source Clock Delay      (SCD):    0.000ns
    Clock Pessimism Removal (CPR):    0.000ns
  Clock Uncertainty:      0.025ns  ((TSJ^2 + TIJ^2)^1/2 + DJ) / 2 + PE
    Total System Jitter     (TSJ):    0.050ns
    Total Input Jitter      (TIJ):    0.000ns
    Discrete Jitter          (DJ):    0.000ns
    Phase Error              (PE):    0.000ns
  Clock Net Delay (Destination): 1.260ns (routing 0.531ns, distribution 0.729ns)

    Location             Delay type                Incr(ns)  Path(ns)    Netlist Resource(s)
  -------------------------------------------------------------------    -------------------
    K9                                                0.000     0.000 r  operanda[expon][2]
                         net (fo=0)                   0.000     0.000    alu_ina_reg[expon][2]_i_1/I
    K9                   INBUF (Prop_INBUF_HPIOB_M_PAD_O)
                                                      0.497     0.497 r  alu_ina_reg[expon][2]_i_1/INBUF_INST/O
                         net (fo=1, routed)           0.000     0.497    alu_ina_reg[expon][2]_i_1/OUT
    K9                   IBUFCTRL (Prop_IBUFCTRL_HPIOB_M_I_O)
                                                      0.000     0.497 r  alu_ina_reg[expon][2]_i_1/IBUFCTRL_INST/O
                         net (fo=1, routed)           1.485     1.982    alu_ina_reg[expon][2]_i_1_n_0
    SLICE_X44Y71         FDRE                                         r  alu_ina_reg[expon][2]/D
  -------------------------------------------------------------------    -------------------

                         (clock clk rise edge)        0.000     0.000 r  <hidden>
    AB11                                              0.000     0.000 r  clk
                         net (fo=0)                   0.000     0.000    clk_IBUF_inst/I
    AB11                 INBUF (Prop_INBUF_HDIOB_M_PAD_O)
                                                      0.798     0.798 r  clk_IBUF_inst/INBUF_INST/O
                         net (fo=1, routed)           0.000     0.798    clk_IBUF_inst/OUT
    AB11                 IBUFCTRL (Prop_IBUFCTRL_HDIOB_M_I_O)
                                                      0.000     0.798 r  clk_IBUF_inst/IBUFCTRL_INST/O
                         net (fo=1, routed)           0.169     0.967    clk_IBUF
    BUFGCE_HDIO_X2Y1     BUFGCE (Prop_BUFCE_BUFGCE_HDIO_I_O)
                                                      0.024     0.991 r  clk_IBUF_BUFG_inst/O
    X1Y1 (CLOCK_ROOT)    net (fo=55, routed)          1.260     2.250    clk_IBUF_BUFG
    SLICE_X44Y71         FDRE                                         r  alu_ina_reg[expon][2]/C

Slack:                    inf
  Source:                 operanda[expon][9]
                            (input port)
  Destination:            alu_ina_reg[expon][9]/D
                            (rising edge-triggered cell FDRE clocked by clk  {rise@0.000ns fall@1.500ns period=3.000ns})
  Path Group:             (none)
  Path Type:              Setup (Max at Slow Process Corner)
  Data Path Delay:        1.909ns  (logic 0.514ns (26.923%)  route 1.395ns (73.077%))
  Logic Levels:           2  (IBUFCTRL=1 INBUF=1)
  Clock Path Skew:        2.248ns (DCD - SCD + CPR)
    Destination Clock Delay (DCD):    2.248ns
    Source Clock Delay      (SCD):    0.000ns
    Clock Pessimism Removal (CPR):    0.000ns
  Clock Uncertainty:      0.025ns  ((TSJ^2 + TIJ^2)^1/2 + DJ) / 2 + PE
    Total System Jitter     (TSJ):    0.050ns
    Total Input Jitter      (TIJ):    0.000ns
    Discrete Jitter          (DJ):    0.000ns
    Phase Error              (PE):    0.000ns
  Clock Net Delay (Destination): 1.258ns (routing 0.531ns, distribution 0.727ns)

    Location             Delay type                Incr(ns)  Path(ns)    Netlist Resource(s)
  -------------------------------------------------------------------    -------------------
    H6                                                0.000     0.000 r  operanda[expon][9]
                         net (fo=0)                   0.000     0.000    alu_ina_reg[expon][9]_i_1/I
    H6                   INBUF (Prop_INBUF_HPIOB_S_PAD_O)
                                                      0.514     0.514 r  alu_ina_reg[expon][9]_i_1/INBUF_INST/O
                         net (fo=1, routed)           0.000     0.514    alu_ina_reg[expon][9]_i_1/OUT
    H6                   IBUFCTRL (Prop_IBUFCTRL_HPIOB_S_I_O)
                                                      0.000     0.514 r  alu_ina_reg[expon][9]_i_1/IBUFCTRL_INST/O
                         net (fo=1, routed)           1.395     1.909    alu_ina_reg[expon][9]_i_1_n_0
    SLICE_X44Y71         FDRE                                         r  alu_ina_reg[expon][9]/D
  -------------------------------------------------------------------    -------------------

                         (clock clk rise edge)        0.000     0.000 r  <hidden>
    AB11                                              0.000     0.000 r  clk
                         net (fo=0)                   0.000     0.000    clk_IBUF_inst/I
    AB11                 INBUF (Prop_INBUF_HDIOB_M_PAD_O)
                                                      0.798     0.798 r  clk_IBUF_inst/INBUF_INST/O
                         net (fo=1, routed)           0.000     0.798    clk_IBUF_inst/OUT
    AB11                 IBUFCTRL (Prop_IBUFCTRL_HDIOB_M_I_O)
                                                      0.000     0.798 r  clk_IBUF_inst/IBUFCTRL_INST/O
                         net (fo=1, routed)           0.169     0.967    clk_IBUF
    BUFGCE_HDIO_X2Y1     BUFGCE (Prop_BUFCE_BUFGCE_HDIO_I_O)
                                                      0.024     0.991 r  clk_IBUF_BUFG_inst/O
    X1Y1 (CLOCK_ROOT)    net (fo=55, routed)          1.258     2.248    clk_IBUF_BUFG
    SLICE_X44Y71         FDRE                                         r  alu_ina_reg[expon][9]/C

Slack:                    inf
  Source:                 operanda[expon][0]
                            (input port)
  Destination:            alu_ina_reg[expon][0]/D
                            (rising edge-triggered cell FDRE clocked by clk  {rise@0.000ns fall@1.500ns period=3.000ns})
  Path Group:             (none)
  Path Type:              Setup (Max at Slow Process Corner)
  Data Path Delay:        1.907ns  (logic 0.516ns (27.071%)  route 1.391ns (72.929%))
  Logic Levels:           2  (IBUFCTRL=1 INBUF=1)
  Clock Path Skew:        2.250ns (DCD - SCD + CPR)
    Destination Clock Delay (DCD):    2.250ns
    Source Clock Delay      (SCD):    0.000ns
    Clock Pessimism Removal (CPR):    0.000ns
  Clock Uncertainty:      0.025ns  ((TSJ^2 + TIJ^2)^1/2 + DJ) / 2 + PE
    Total System Jitter     (TSJ):    0.050ns
    Total Input Jitter      (TIJ):    0.000ns
    Discrete Jitter          (DJ):    0.000ns
    Phase Error              (PE):    0.000ns
  Clock Net Delay (Destination): 1.260ns (routing 0.531ns, distribution 0.729ns)

    Location             Delay type                Incr(ns)  Path(ns)    Netlist Resource(s)
  -------------------------------------------------------------------    -------------------
    H9                                                0.000     0.000 r  operanda[expon][0]
                         net (fo=0)                   0.000     0.000    alu_ina_reg[expon][0]_i_1/I
    H9                   INBUF (Prop_INBUF_HPIOB_M_PAD_O)
                                                      0.516     0.516 r  alu_ina_reg[expon][0]_i_1/INBUF_INST/O
                         net (fo=1, routed)           0.000     0.516    alu_ina_reg[expon][0]_i_1/OUT
    H9                   IBUFCTRL (Prop_IBUFCTRL_HPIOB_M_I_O)
                                                      0.000     0.516 r  alu_ina_reg[expon][0]_i_1/IBUFCTRL_INST/O
                         net (fo=1, routed)           1.391     1.907    alu_ina_reg[expon][0]_i_1_n_0
    SLICE_X44Y71         FDRE                                         r  alu_ina_reg[expon][0]/D
  -------------------------------------------------------------------    -------------------

                         (clock clk rise edge)        0.000     0.000 r  <hidden>
    AB11                                              0.000     0.000 r  clk
                         net (fo=0)                   0.000     0.000    clk_IBUF_inst/I
    AB11                 INBUF (Prop_INBUF_HDIOB_M_PAD_O)
                                                      0.798     0.798 r  clk_IBUF_inst/INBUF_INST/O
                         net (fo=1, routed)           0.000     0.798    clk_IBUF_inst/OUT
    AB11                 IBUFCTRL (Prop_IBUFCTRL_HDIOB_M_I_O)
                                                      0.000     0.798 r  clk_IBUF_inst/IBUFCTRL_INST/O
                         net (fo=1, routed)           0.169     0.967    clk_IBUF
    BUFGCE_HDIO_X2Y1     BUFGCE (Prop_BUFCE_BUFGCE_HDIO_I_O)
                                                      0.024     0.991 r  clk_IBUF_BUFG_inst/O
    X1Y1 (CLOCK_ROOT)    net (fo=55, routed)          1.260     2.250    clk_IBUF_BUFG
    SLICE_X44Y71         FDRE                                         r  alu_ina_reg[expon][0]/C

Slack:                    inf
  Source:                 operandb[expon][1]
                            (input port)
  Destination:            alu_inb_reg[expon][1]/D
                            (rising edge-triggered cell FDRE clocked by clk  {rise@0.000ns fall@1.500ns period=3.000ns})
  Path Group:             (none)
  Path Type:              Setup (Max at Slow Process Corner)
  Data Path Delay:        1.902ns  (logic 0.497ns (26.115%)  route 1.405ns (73.885%))
  Logic Levels:           2  (IBUFCTRL=1 INBUF=1)
  Clock Path Skew:        2.246ns (DCD - SCD + CPR)
    Destination Clock Delay (DCD):    2.246ns
    Source Clock Delay      (SCD):    0.000ns
    Clock Pessimism Removal (CPR):    0.000ns
  Clock Uncertainty:      0.025ns  ((TSJ^2 + TIJ^2)^1/2 + DJ) / 2 + PE
    Total System Jitter     (TSJ):    0.050ns
    Total Input Jitter      (TIJ):    0.000ns
    Discrete Jitter          (DJ):    0.000ns
    Phase Error              (PE):    0.000ns
  Clock Net Delay (Destination): 1.256ns (routing 0.531ns, distribution 0.725ns)

    Location             Delay type                Incr(ns)  Path(ns)    Netlist Resource(s)
  -------------------------------------------------------------------    -------------------
    J4                                                0.000     0.000 r  operandb[expon][1]
                         net (fo=0)                   0.000     0.000    alu_inb_reg[expon][1]_i_1/I
    J4                   INBUF (Prop_INBUF_HPIOB_S_PAD_O)
                                                      0.497     0.497 r  alu_inb_reg[expon][1]_i_1/INBUF_INST/O
                         net (fo=1, routed)           0.000     0.497    alu_inb_reg[expon][1]_i_1/OUT
    J4                   IBUFCTRL (Prop_IBUFCTRL_HPIOB_S_I_O)
                                                      0.000     0.497 r  alu_inb_reg[expon][1]_i_1/IBUFCTRL_INST/O
                         net (fo=1, routed)           1.405     1.902    alu_inb_reg[expon][1]_i_1_n_0
    SLICE_X45Y70         FDRE                                         r  alu_inb_reg[expon][1]/D
  -------------------------------------------------------------------    -------------------

                         (clock clk rise edge)        0.000     0.000 r  <hidden>
    AB11                                              0.000     0.000 r  clk
                         net (fo=0)                   0.000     0.000    clk_IBUF_inst/I
    AB11                 INBUF (Prop_INBUF_HDIOB_M_PAD_O)
                                                      0.798     0.798 r  clk_IBUF_inst/INBUF_INST/O
                         net (fo=1, routed)           0.000     0.798    clk_IBUF_inst/OUT
    AB11                 IBUFCTRL (Prop_IBUFCTRL_HDIOB_M_I_O)
                                                      0.000     0.798 r  clk_IBUF_inst/IBUFCTRL_INST/O
                         net (fo=1, routed)           0.169     0.967    clk_IBUF
    BUFGCE_HDIO_X2Y1     BUFGCE (Prop_BUFCE_BUFGCE_HDIO_I_O)
                                                      0.024     0.991 r  clk_IBUF_BUFG_inst/O
    X1Y1 (CLOCK_ROOT)    net (fo=55, routed)          1.256     2.246    clk_IBUF_BUFG
    SLICE_X45Y70         FDRE                                         r  alu_inb_reg[expon][1]/C

Slack:                    inf
  Source:                 operanda[expon][4]
                            (input port)
  Destination:            alu_ina_reg[expon][4]/D
                            (rising edge-triggered cell FDRE clocked by clk  {rise@0.000ns fall@1.500ns period=3.000ns})
  Path Group:             (none)
  Path Type:              Setup (Max at Slow Process Corner)
  Data Path Delay:        1.899ns  (logic 0.519ns (27.337%)  route 1.380ns (72.663%))
  Logic Levels:           2  (IBUFCTRL=1 INBUF=1)
  Clock Path Skew:        2.250ns (DCD - SCD + CPR)
    Destination Clock Delay (DCD):    2.250ns
    Source Clock Delay      (SCD):    0.000ns
    Clock Pessimism Removal (CPR):    0.000ns
  Clock Uncertainty:      0.025ns  ((TSJ^2 + TIJ^2)^1/2 + DJ) / 2 + PE
    Total System Jitter     (TSJ):    0.050ns
    Total Input Jitter      (TIJ):    0.000ns
    Discrete Jitter          (DJ):    0.000ns
    Phase Error              (PE):    0.000ns
  Clock Net Delay (Destination): 1.260ns (routing 0.531ns, distribution 0.729ns)

    Location             Delay type                Incr(ns)  Path(ns)    Netlist Resource(s)
  -------------------------------------------------------------------    -------------------
    K8                                                0.000     0.000 r  operanda[expon][4]
                         net (fo=0)                   0.000     0.000    alu_ina_reg[expon][4]_i_1/I
    K8                   INBUF (Prop_INBUF_HPIOB_M_PAD_O)
                                                      0.519     0.519 r  alu_ina_reg[expon][4]_i_1/INBUF_INST/O
                         net (fo=1, routed)           0.000     0.519    alu_ina_reg[expon][4]_i_1/OUT
    K8                   IBUFCTRL (Prop_IBUFCTRL_HPIOB_M_I_O)
                                                      0.000     0.519 r  alu_ina_reg[expon][4]_i_1/IBUFCTRL_INST/O
                         net (fo=1, routed)           1.380     1.899    alu_ina_reg[expon][4]_i_1_n_0
    SLICE_X44Y71         FDRE                                         r  alu_ina_reg[expon][4]/D
  -------------------------------------------------------------------    -------------------

                         (clock clk rise edge)        0.000     0.000 r  <hidden>
    AB11                                              0.000     0.000 r  clk
                         net (fo=0)                   0.000     0.000    clk_IBUF_inst/I
    AB11                 INBUF (Prop_INBUF_HDIOB_M_PAD_O)
                                                      0.798     0.798 r  clk_IBUF_inst/INBUF_INST/O
                         net (fo=1, routed)           0.000     0.798    clk_IBUF_inst/OUT
    AB11                 IBUFCTRL (Prop_IBUFCTRL_HDIOB_M_I_O)
                                                      0.000     0.798 r  clk_IBUF_inst/IBUFCTRL_INST/O
                         net (fo=1, routed)           0.169     0.967    clk_IBUF
    BUFGCE_HDIO_X2Y1     BUFGCE (Prop_BUFCE_BUFGCE_HDIO_I_O)
                                                      0.024     0.991 r  clk_IBUF_BUFG_inst/O
    X1Y1 (CLOCK_ROOT)    net (fo=55, routed)          1.260     2.250    clk_IBUF_BUFG
    SLICE_X44Y71         FDRE                                         r  alu_ina_reg[expon][4]/C

Slack:                    inf
  Source:                 operanda[expon][1]
                            (input port)
  Destination:            alu_ina_reg[expon][1]/D
                            (rising edge-triggered cell FDRE clocked by clk  {rise@0.000ns fall@1.500ns period=3.000ns})
  Path Group:             (none)
  Path Type:              Setup (Max at Slow Process Corner)
  Data Path Delay:        1.879ns  (logic 0.507ns (26.976%)  route 1.372ns (73.024%))
  Logic Levels:           2  (IBUFCTRL=1 INBUF=1)
  Clock Path Skew:        2.250ns (DCD - SCD + CPR)
    Destination Clock Delay (DCD):    2.250ns
    Source Clock Delay      (SCD):    0.000ns
    Clock Pessimism Removal (CPR):    0.000ns
  Clock Uncertainty:      0.025ns  ((TSJ^2 + TIJ^2)^1/2 + DJ) / 2 + PE
    Total System Jitter     (TSJ):    0.050ns
    Total Input Jitter      (TIJ):    0.000ns
    Discrete Jitter          (DJ):    0.000ns
    Phase Error              (PE):    0.000ns
  Clock Net Delay (Destination): 1.260ns (routing 0.531ns, distribution 0.729ns)

    Location             Delay type                Incr(ns)  Path(ns)    Netlist Resource(s)
  -------------------------------------------------------------------    -------------------
    H8                                                0.000     0.000 r  operanda[expon][1]
                         net (fo=0)                   0.000     0.000    alu_ina_reg[expon][1]_i_1/I
    H8                   INBUF (Prop_INBUF_HPIOB_S_PAD_O)
                                                      0.507     0.507 r  alu_ina_reg[expon][1]_i_1/INBUF_INST/O
                         net (fo=1, routed)           0.000     0.507    alu_ina_reg[expon][1]_i_1/OUT
    H8                   IBUFCTRL (Prop_IBUFCTRL_HPIOB_S_I_O)
                                                      0.000     0.507 r  alu_ina_reg[expon][1]_i_1/IBUFCTRL_INST/O
                         net (fo=1, routed)           1.372     1.879    alu_ina_reg[expon][1]_i_1_n_0
    SLICE_X44Y71         FDRE                                         r  alu_ina_reg[expon][1]/D
  -------------------------------------------------------------------    -------------------

                         (clock clk rise edge)        0.000     0.000 r  <hidden>
    AB11                                              0.000     0.000 r  clk
                         net (fo=0)                   0.000     0.000    clk_IBUF_inst/I
    AB11                 INBUF (Prop_INBUF_HDIOB_M_PAD_O)
                                                      0.798     0.798 r  clk_IBUF_inst/INBUF_INST/O
                         net (fo=1, routed)           0.000     0.798    clk_IBUF_inst/OUT
    AB11                 IBUFCTRL (Prop_IBUFCTRL_HDIOB_M_I_O)
                                                      0.000     0.798 r  clk_IBUF_inst/IBUFCTRL_INST/O
                         net (fo=1, routed)           0.169     0.967    clk_IBUF
    BUFGCE_HDIO_X2Y1     BUFGCE (Prop_BUFCE_BUFGCE_HDIO_I_O)
                                                      0.024     0.991 r  clk_IBUF_BUFG_inst/O
    X1Y1 (CLOCK_ROOT)    net (fo=55, routed)          1.260     2.250    clk_IBUF_BUFG
    SLICE_X44Y71         FDRE                                         r  alu_ina_reg[expon][1]/C

Slack:                    inf
  Source:                 operanda[expon][3]
                            (input port)
  Destination:            alu_ina_reg[expon][3]/D
                            (rising edge-triggered cell FDRE clocked by clk  {rise@0.000ns fall@1.500ns period=3.000ns})
  Path Group:             (none)
  Path Type:              Setup (Max at Slow Process Corner)
  Data Path Delay:        1.872ns  (logic 0.497ns (26.542%)  route 1.375ns (73.458%))
  Logic Levels:           2  (IBUFCTRL=1 INBUF=1)
  Clock Path Skew:        2.250ns (DCD - SCD + CPR)
    Destination Clock Delay (DCD):    2.250ns
    Source Clock Delay      (SCD):    0.000ns
    Clock Pessimism Removal (CPR):    0.000ns
  Clock Uncertainty:      0.025ns  ((TSJ^2 + TIJ^2)^1/2 + DJ) / 2 + PE
    Total System Jitter     (TSJ):    0.050ns
    Total Input Jitter      (TIJ):    0.000ns
    Discrete Jitter          (DJ):    0.000ns
    Phase Error              (PE):    0.000ns
  Clock Net Delay (Destination): 1.260ns (routing 0.531ns, distribution 0.729ns)

    Location             Delay type                Incr(ns)  Path(ns)    Netlist Resource(s)
  -------------------------------------------------------------------    -------------------
    J9                                                0.000     0.000 r  operanda[expon][3]
                         net (fo=0)                   0.000     0.000    alu_ina_reg[expon][3]_i_1/I
    J9                   INBUF (Prop_INBUF_HPIOB_S_PAD_O)
                                                      0.497     0.497 r  alu_ina_reg[expon][3]_i_1/INBUF_INST/O
                         net (fo=1, routed)           0.000     0.497    alu_ina_reg[expon][3]_i_1/OUT
    J9                   IBUFCTRL (Prop_IBUFCTRL_HPIOB_S_I_O)
                                                      0.000     0.497 r  alu_ina_reg[expon][3]_i_1/IBUFCTRL_INST/O
                         net (fo=1, routed)           1.375     1.872    alu_ina_reg[expon][3]_i_1_n_0
    SLICE_X44Y71         FDRE                                         r  alu_ina_reg[expon][3]/D
  -------------------------------------------------------------------    -------------------

                         (clock clk rise edge)        0.000     0.000 r  <hidden>
    AB11                                              0.000     0.000 r  clk
                         net (fo=0)                   0.000     0.000    clk_IBUF_inst/I
    AB11                 INBUF (Prop_INBUF_HDIOB_M_PAD_O)
                                                      0.798     0.798 r  clk_IBUF_inst/INBUF_INST/O
                         net (fo=1, routed)           0.000     0.798    clk_IBUF_inst/OUT
    AB11                 IBUFCTRL (Prop_IBUFCTRL_HDIOB_M_I_O)
                                                      0.000     0.798 r  clk_IBUF_inst/IBUFCTRL_INST/O
                         net (fo=1, routed)           0.169     0.967    clk_IBUF
    BUFGCE_HDIO_X2Y1     BUFGCE (Prop_BUFCE_BUFGCE_HDIO_I_O)
                                                      0.024     0.991 r  clk_IBUF_BUFG_inst/O
    X1Y1 (CLOCK_ROOT)    net (fo=55, routed)          1.260     2.250    clk_IBUF_BUFG
    SLICE_X44Y71         FDRE                                         r  alu_ina_reg[expon][3]/C

Slack:                    inf
  Source:                 operanda[expon][7]
                            (input port)
  Destination:            alu_ina_reg[expon][7]/D
                            (rising edge-triggered cell FDRE clocked by clk  {rise@0.000ns fall@1.500ns period=3.000ns})
  Path Group:             (none)
  Path Type:              Setup (Max at Slow Process Corner)
  Data Path Delay:        1.840ns  (logic 0.521ns (28.308%)  route 1.319ns (71.692%))
  Logic Levels:           2  (IBUFCTRL=1 INBUF=1)
  Clock Path Skew:        2.246ns (DCD - SCD + CPR)
    Destination Clock Delay (DCD):    2.246ns
    Source Clock Delay      (SCD):    0.000ns
    Clock Pessimism Removal (CPR):    0.000ns
  Clock Uncertainty:      0.025ns  ((TSJ^2 + TIJ^2)^1/2 + DJ) / 2 + PE
    Total System Jitter     (TSJ):    0.050ns
    Total Input Jitter      (TIJ):    0.000ns
    Discrete Jitter          (DJ):    0.000ns
    Phase Error              (PE):    0.000ns
  Clock Net Delay (Destination): 1.256ns (routing 0.531ns, distribution 0.725ns)

    Location             Delay type                Incr(ns)  Path(ns)    Netlist Resource(s)
  -------------------------------------------------------------------    -------------------
    H7                                                0.000     0.000 r  operanda[expon][7]
                         net (fo=0)                   0.000     0.000    alu_ina_reg[expon][7]_i_1/I
    H7                   INBUF (Prop_INBUF_HPIOB_S_PAD_O)
                                                      0.521     0.521 r  alu_ina_reg[expon][7]_i_1/INBUF_INST/O
                         net (fo=1, routed)           0.000     0.521    alu_ina_reg[expon][7]_i_1/OUT
    H7                   IBUFCTRL (Prop_IBUFCTRL_HPIOB_S_I_O)
                                                      0.000     0.521 r  alu_ina_reg[expon][7]_i_1/IBUFCTRL_INST/O
                         net (fo=1, routed)           1.319     1.840    alu_ina_reg[expon][7]_i_1_n_0
    SLICE_X45Y70         FDRE                                         r  alu_ina_reg[expon][7]/D
  -------------------------------------------------------------------    -------------------

                         (clock clk rise edge)        0.000     0.000 r  <hidden>
    AB11                                              0.000     0.000 r  clk
                         net (fo=0)                   0.000     0.000    clk_IBUF_inst/I
    AB11                 INBUF (Prop_INBUF_HDIOB_M_PAD_O)
                                                      0.798     0.798 r  clk_IBUF_inst/INBUF_INST/O
                         net (fo=1, routed)           0.000     0.798    clk_IBUF_inst/OUT
    AB11                 IBUFCTRL (Prop_IBUFCTRL_HDIOB_M_I_O)
                                                      0.000     0.798 r  clk_IBUF_inst/IBUFCTRL_INST/O
                         net (fo=1, routed)           0.169     0.967    clk_IBUF
    BUFGCE_HDIO_X2Y1     BUFGCE (Prop_BUFCE_BUFGCE_HDIO_I_O)
                                                      0.024     0.991 r  clk_IBUF_BUFG_inst/O
    X1Y1 (CLOCK_ROOT)    net (fo=55, routed)          1.256     2.246    clk_IBUF_BUFG
    SLICE_X45Y70         FDRE                                         r  alu_ina_reg[expon][7]/C





Min Delay Paths
--------------------------------------------------------------------------------------
Slack:                    inf
  Source:                 operandb[znan]
                            (input port)
  Destination:            alu_inb_reg[znan]/D
                            (rising edge-triggered cell FDRE clocked by clk  {rise@0.000ns fall@1.500ns period=3.000ns})
  Path Group:             (none)
  Path Type:              Hold (Min at Fast Process Corner)
  Data Path Delay:        0.479ns  (logic 0.151ns (31.585%)  route 0.328ns (68.415%))
  Logic Levels:           2  (IBUFCTRL=1 INBUF=1)
  Clock Path Skew:        2.051ns (DCD - SCD - CPR)
    Destination Clock Delay (DCD):    2.051ns
    Source Clock Delay      (SCD):    0.000ns
    Clock Pessimism Removal (CPR):    -0.000ns
  Clock Net Delay (Destination): 0.877ns (routing 0.358ns, distribution 0.519ns)

    Location             Delay type                Incr(ns)  Path(ns)    Netlist Resource(s)
  -------------------------------------------------------------------    -------------------
    L6                                                0.000     0.000 r  operandb[znan]
                         net (fo=0)                   0.000     0.000    alu_inb_reg[znan]_i_1/I
    L6                   INBUF (Prop_INBUF_HPIOB_S_PAD_O)
                                                      0.151     0.151 r  alu_inb_reg[znan]_i_1/INBUF_INST/O
                         net (fo=1, routed)           0.000     0.151    alu_inb_reg[znan]_i_1/OUT
    L6                   IBUFCTRL (Prop_IBUFCTRL_HPIOB_S_I_O)
                                                      0.000     0.151 r  alu_inb_reg[znan]_i_1/IBUFCTRL_INST/O
                         net (fo=1, routed)           0.328     0.479    alu_inb_reg[znan]_i_1_n_0
    SLICE_X48Y91         FDRE                                         r  alu_inb_reg[znan]/D
  -------------------------------------------------------------------    -------------------

                         (clock clk rise edge)        0.000     0.000 r  <hidden>
    AB11                                              0.000     0.000 r  clk
                         net (fo=0)                   0.000     0.000    clk_IBUF_inst/I
    AB11                 INBUF (Prop_INBUF_HDIOB_M_PAD_O)
                                                      1.041     1.041 r  clk_IBUF_inst/INBUF_INST/O
                         net (fo=1, routed)           0.000     1.041    clk_IBUF_inst/OUT
    AB11                 IBUFCTRL (Prop_IBUFCTRL_HDIOB_M_I_O)
                                                      0.000     1.041 r  clk_IBUF_inst/IBUFCTRL_INST/O
                         net (fo=1, routed)           0.113     1.154    clk_IBUF
    BUFGCE_HDIO_X2Y1     BUFGCE (Prop_BUFCE_BUFGCE_HDIO_I_O)
                                                      0.019     1.173 r  clk_IBUF_BUFG_inst/O
    X1Y1 (CLOCK_ROOT)    net (fo=55, routed)          0.877     2.051    clk_IBUF_BUFG
    SLICE_X48Y91         FDRE                                         r  alu_inb_reg[znan]/C

Slack:                    inf
  Source:                 operanda[znan]
                            (input port)
  Destination:            alu_ina_reg[znan]/D
                            (rising edge-triggered cell FDRE clocked by clk  {rise@0.000ns fall@1.500ns period=3.000ns})
  Path Group:             (none)
  Path Type:              Hold (Min at Fast Process Corner)
  Data Path Delay:        0.491ns  (logic 0.143ns (29.075%)  route 0.348ns (70.925%))
  Logic Levels:           2  (IBUFCTRL=1 INBUF=1)
  Clock Path Skew:        2.051ns (DCD - SCD - CPR)
    Destination Clock Delay (DCD):    2.051ns
    Source Clock Delay      (SCD):    0.000ns
    Clock Pessimism Removal (CPR):    -0.000ns
  Clock Net Delay (Destination): 0.877ns (routing 0.358ns, distribution 0.519ns)

    Location             Delay type                Incr(ns)  Path(ns)    Netlist Resource(s)
  -------------------------------------------------------------------    -------------------
    L5                                                0.000     0.000 r  operanda[znan]
                         net (fo=0)                   0.000     0.000    alu_ina_reg[znan]_i_1/I
    L5                   INBUF (Prop_INBUF_HPIOB_S_PAD_O)
                                                      0.143     0.143 r  alu_ina_reg[znan]_i_1/INBUF_INST/O
                         net (fo=1, routed)           0.000     0.143    alu_ina_reg[znan]_i_1/OUT
    L5                   IBUFCTRL (Prop_IBUFCTRL_HPIOB_S_I_O)
                                                      0.000     0.143 r  alu_ina_reg[znan]_i_1/IBUFCTRL_INST/O
                         net (fo=1, routed)           0.348     0.491    alu_ina_reg[znan]_i_1_n_0
    SLICE_X48Y91         FDRE                                         r  alu_ina_reg[znan]/D
  -------------------------------------------------------------------    -------------------

                         (clock clk rise edge)        0.000     0.000 r  <hidden>
    AB11                                              0.000     0.000 r  clk
                         net (fo=0)                   0.000     0.000    clk_IBUF_inst/I
    AB11                 INBUF (Prop_INBUF_HDIOB_M_PAD_O)
                                                      1.041     1.041 r  clk_IBUF_inst/INBUF_INST/O
                         net (fo=1, routed)           0.000     1.041    clk_IBUF_inst/OUT
    AB11                 IBUFCTRL (Prop_IBUFCTRL_HDIOB_M_I_O)
                                                      0.000     1.041 r  clk_IBUF_inst/IBUFCTRL_INST/O
                         net (fo=1, routed)           0.113     1.154    clk_IBUF
    BUFGCE_HDIO_X2Y1     BUFGCE (Prop_BUFCE_BUFGCE_HDIO_I_O)
                                                      0.019     1.173 r  clk_IBUF_BUFG_inst/O
    X1Y1 (CLOCK_ROOT)    net (fo=55, routed)          0.877     2.051    clk_IBUF_BUFG
    SLICE_X48Y91         FDRE                                         r  alu_ina_reg[znan]/C

Slack:                    inf
  Source:                 operanda[sign]
                            (input port)
  Destination:            alu_ina_reg[sign]/D
                            (rising edge-triggered cell FDRE clocked by clk  {rise@0.000ns fall@1.500ns period=3.000ns})
  Path Group:             (none)
  Path Type:              Hold (Min at Fast Process Corner)
  Data Path Delay:        0.501ns  (logic 0.143ns (28.564%)  route 0.358ns (71.436%))
  Logic Levels:           2  (IBUFCTRL=1 INBUF=1)
  Clock Path Skew:        2.051ns (DCD - SCD - CPR)
    Destination Clock Delay (DCD):    2.051ns
    Source Clock Delay      (SCD):    0.000ns
    Clock Pessimism Removal (CPR):    -0.000ns
  Clock Net Delay (Destination): 0.877ns (routing 0.358ns, distribution 0.519ns)

    Location             Delay type                Incr(ns)  Path(ns)    Netlist Resource(s)
  -------------------------------------------------------------------    -------------------
    M6                                                0.000     0.000 r  operanda[sign]
                         net (fo=0)                   0.000     0.000    alu_ina_reg[sign]_i_1/I
    M6                   INBUF (Prop_INBUF_HPIOB_M_PAD_O)
                                                      0.143     0.143 r  alu_ina_reg[sign]_i_1/INBUF_INST/O
                         net (fo=1, routed)           0.000     0.143    alu_ina_reg[sign]_i_1/OUT
    M6                   IBUFCTRL (Prop_IBUFCTRL_HPIOB_M_I_O)
                                                      0.000     0.143 r  alu_ina_reg[sign]_i_1/IBUFCTRL_INST/O
                         net (fo=1, routed)           0.358     0.501    alu_ina_reg[sign]_i_1_n_0
    SLICE_X48Y91         FDRE                                         r  alu_ina_reg[sign]/D
  -------------------------------------------------------------------    -------------------

                         (clock clk rise edge)        0.000     0.000 r  <hidden>
    AB11                                              0.000     0.000 r  clk
                         net (fo=0)                   0.000     0.000    clk_IBUF_inst/I
    AB11                 INBUF (Prop_INBUF_HDIOB_M_PAD_O)
                                                      1.041     1.041 r  clk_IBUF_inst/INBUF_INST/O
                         net (fo=1, routed)           0.000     1.041    clk_IBUF_inst/OUT
    AB11                 IBUFCTRL (Prop_IBUFCTRL_HDIOB_M_I_O)
                                                      0.000     1.041 r  clk_IBUF_inst/IBUFCTRL_INST/O
                         net (fo=1, routed)           0.113     1.154    clk_IBUF
    BUFGCE_HDIO_X2Y1     BUFGCE (Prop_BUFCE_BUFGCE_HDIO_I_O)
                                                      0.019     1.173 r  clk_IBUF_BUFG_inst/O
    X1Y1 (CLOCK_ROOT)    net (fo=55, routed)          0.877     2.051    clk_IBUF_BUFG
    SLICE_X48Y91         FDRE                                         r  alu_ina_reg[sign]/C

Slack:                    inf
  Source:                 operandb[sign]
                            (input port)
  Destination:            alu_inb_reg[sign]/D
                            (rising edge-triggered cell FDRE clocked by clk  {rise@0.000ns fall@1.500ns period=3.000ns})
  Path Group:             (none)
  Path Type:              Hold (Min at Fast Process Corner)
  Data Path Delay:        0.516ns  (logic 0.152ns (29.435%)  route 0.364ns (70.565%))
  Logic Levels:           2  (IBUFCTRL=1 INBUF=1)
  Clock Path Skew:        2.051ns (DCD - SCD - CPR)
    Destination Clock Delay (DCD):    2.051ns
    Source Clock Delay      (SCD):    0.000ns
    Clock Pessimism Removal (CPR):    -0.000ns
  Clock Net Delay (Destination): 0.877ns (routing 0.358ns, distribution 0.519ns)

    Location             Delay type                Incr(ns)  Path(ns)    Netlist Resource(s)
  -------------------------------------------------------------------    -------------------
    L7                                                0.000     0.000 r  operandb[sign]
                         net (fo=0)                   0.000     0.000    alu_inb_reg[sign]_i_1/I
    L7                   INBUF (Prop_INBUF_HPIOB_M_PAD_O)
                                                      0.152     0.152 r  alu_inb_reg[sign]_i_1/INBUF_INST/O
                         net (fo=1, routed)           0.000     0.152    alu_inb_reg[sign]_i_1/OUT
    L7                   IBUFCTRL (Prop_IBUFCTRL_HPIOB_M_I_O)
                                                      0.000     0.152 r  alu_inb_reg[sign]_i_1/IBUFCTRL_INST/O
                         net (fo=1, routed)           0.364     0.516    alu_inb_reg[sign]_i_1_n_0
    SLICE_X48Y91         FDRE                                         r  alu_inb_reg[sign]/D
  -------------------------------------------------------------------    -------------------

                         (clock clk rise edge)        0.000     0.000 r  <hidden>
    AB11                                              0.000     0.000 r  clk
                         net (fo=0)                   0.000     0.000    clk_IBUF_inst/I
    AB11                 INBUF (Prop_INBUF_HDIOB_M_PAD_O)
                                                      1.041     1.041 r  clk_IBUF_inst/INBUF_INST/O
                         net (fo=1, routed)           0.000     1.041    clk_IBUF_inst/OUT
    AB11                 IBUFCTRL (Prop_IBUFCTRL_HDIOB_M_I_O)
                                                      0.000     1.041 r  clk_IBUF_inst/IBUFCTRL_INST/O
                         net (fo=1, routed)           0.113     1.154    clk_IBUF
    BUFGCE_HDIO_X2Y1     BUFGCE (Prop_BUFCE_BUFGCE_HDIO_I_O)
                                                      0.019     1.173 r  clk_IBUF_BUFG_inst/O
    X1Y1 (CLOCK_ROOT)    net (fo=55, routed)          0.877     2.051    clk_IBUF_BUFG
    SLICE_X48Y91         FDRE                                         r  alu_inb_reg[sign]/C

Slack:                    inf
  Source:                 operandb[expon][9]
                            (input port)
  Destination:            alu_inb_reg[expon][9]/D
                            (rising edge-triggered cell FDRE clocked by clk  {rise@0.000ns fall@1.500ns period=3.000ns})
  Path Group:             (none)
  Path Type:              Hold (Min at Fast Process Corner)
  Data Path Delay:        0.600ns  (logic 0.125ns (20.828%)  route 0.475ns (79.172%))
  Logic Levels:           2  (IBUFCTRL=1 INBUF=1)
  Clock Path Skew:        2.076ns (DCD - SCD - CPR)
    Destination Clock Delay (DCD):    2.076ns
    Source Clock Delay      (SCD):    0.000ns
    Clock Pessimism Removal (CPR):    -0.000ns
  Clock Net Delay (Destination): 0.902ns (routing 0.358ns, distribution 0.544ns)

    Location             Delay type                Incr(ns)  Path(ns)    Netlist Resource(s)
  -------------------------------------------------------------------    -------------------
    N6                                                0.000     0.000 r  operandb[expon][9]
                         net (fo=0)                   0.000     0.000    alu_inb_reg[expon][9]_i_1/I
    N6                   INBUF (Prop_INBUF_HPIOB_S_PAD_O)
                                                      0.125     0.125 r  alu_inb_reg[expon][9]_i_1/INBUF_INST/O
                         net (fo=1, routed)           0.000     0.125    alu_inb_reg[expon][9]_i_1/OUT
    N6                   IBUFCTRL (Prop_IBUFCTRL_HPIOB_S_I_O)
                                                      0.000     0.125 r  alu_inb_reg[expon][9]_i_1/IBUFCTRL_INST/O
                         net (fo=1, routed)           0.475     0.600    alu_inb_reg[expon][9]_i_1_n_0
    SLICE_X44Y71         FDRE                                         r  alu_inb_reg[expon][9]/D
  -------------------------------------------------------------------    -------------------

                         (clock clk rise edge)        0.000     0.000 r  <hidden>
    AB11                                              0.000     0.000 r  clk
                         net (fo=0)                   0.000     0.000    clk_IBUF_inst/I
    AB11                 INBUF (Prop_INBUF_HDIOB_M_PAD_O)
                                                      1.041     1.041 r  clk_IBUF_inst/INBUF_INST/O
                         net (fo=1, routed)           0.000     1.041    clk_IBUF_inst/OUT
    AB11                 IBUFCTRL (Prop_IBUFCTRL_HDIOB_M_I_O)
                                                      0.000     1.041 r  clk_IBUF_inst/IBUFCTRL_INST/O
                         net (fo=1, routed)           0.113     1.154    clk_IBUF
    BUFGCE_HDIO_X2Y1     BUFGCE (Prop_BUFCE_BUFGCE_HDIO_I_O)
                                                      0.019     1.173 r  clk_IBUF_BUFG_inst/O
    X1Y1 (CLOCK_ROOT)    net (fo=55, routed)          0.902     2.076    clk_IBUF_BUFG
    SLICE_X44Y71         FDRE                                         r  alu_inb_reg[expon][9]/C

Slack:                    inf
  Source:                 operandb[expon][8]
                            (input port)
  Destination:            alu_inb_reg[expon][8]/D
                            (rising edge-triggered cell FDRE clocked by clk  {rise@0.000ns fall@1.500ns period=3.000ns})
  Path Group:             (none)
  Path Type:              Hold (Min at Fast Process Corner)
  Data Path Delay:        0.623ns  (logic 0.125ns (20.061%)  route 0.498ns (79.939%))
  Logic Levels:           2  (IBUFCTRL=1 INBUF=1)
  Clock Path Skew:        2.072ns (DCD - SCD - CPR)
    Destination Clock Delay (DCD):    2.072ns
    Source Clock Delay      (SCD):    0.000ns
    Clock Pessimism Removal (CPR):    -0.000ns
  Clock Net Delay (Destination): 0.898ns (routing 0.358ns, distribution 0.540ns)

    Location             Delay type                Incr(ns)  Path(ns)    Netlist Resource(s)
  -------------------------------------------------------------------    -------------------
    N7                                                0.000     0.000 r  operandb[expon][8]
                         net (fo=0)                   0.000     0.000    alu_inb_reg[expon][8]_i_1/I
    N7                   INBUF (Prop_INBUF_HPIOB_M_PAD_O)
                                                      0.125     0.125 r  alu_inb_reg[expon][8]_i_1/INBUF_INST/O
                         net (fo=1, routed)           0.000     0.125    alu_inb_reg[expon][8]_i_1/OUT
    N7                   IBUFCTRL (Prop_IBUFCTRL_HPIOB_M_I_O)
                                                      0.000     0.125 r  alu_inb_reg[expon][8]_i_1/IBUFCTRL_INST/O
                         net (fo=1, routed)           0.498     0.623    alu_inb_reg[expon][8]_i_1_n_0
    SLICE_X44Y71         FDRE                                         r  alu_inb_reg[expon][8]/D
  -------------------------------------------------------------------    -------------------

                         (clock clk rise edge)        0.000     0.000 r  <hidden>
    AB11                                              0.000     0.000 r  clk
                         net (fo=0)                   0.000     0.000    clk_IBUF_inst/I
    AB11                 INBUF (Prop_INBUF_HDIOB_M_PAD_O)
                                                      1.041     1.041 r  clk_IBUF_inst/INBUF_INST/O
                         net (fo=1, routed)           0.000     1.041    clk_IBUF_inst/OUT
    AB11                 IBUFCTRL (Prop_IBUFCTRL_HDIOB_M_I_O)
                                                      0.000     1.041 r  clk_IBUF_inst/IBUFCTRL_INST/O
                         net (fo=1, routed)           0.113     1.154    clk_IBUF
    BUFGCE_HDIO_X2Y1     BUFGCE (Prop_BUFCE_BUFGCE_HDIO_I_O)
                                                      0.019     1.173 r  clk_IBUF_BUFG_inst/O
    X1Y1 (CLOCK_ROOT)    net (fo=55, routed)          0.898     2.072    clk_IBUF_BUFG
    SLICE_X44Y71         FDRE                                         r  alu_inb_reg[expon][8]/C

Slack:                    inf
  Source:                 operandb[expon][7]
                            (input port)
  Destination:            alu_inb_reg[expon][7]/D
                            (rising edge-triggered cell FDRE clocked by clk  {rise@0.000ns fall@1.500ns period=3.000ns})
  Path Group:             (none)
  Path Type:              Hold (Min at Fast Process Corner)
  Data Path Delay:        0.665ns  (logic 0.126ns (18.912%)  route 0.539ns (81.088%))
  Logic Levels:           2  (IBUFCTRL=1 INBUF=1)
  Clock Path Skew:        2.074ns (DCD - SCD - CPR)
    Destination Clock Delay (DCD):    2.074ns
    Source Clock Delay      (SCD):    0.000ns
    Clock Pessimism Removal (CPR):    -0.000ns
  Clock Net Delay (Destination): 0.900ns (routing 0.358ns, distribution 0.542ns)

    Location             Delay type                Incr(ns)  Path(ns)    Netlist Resource(s)
  -------------------------------------------------------------------    -------------------
    P6                                                0.000     0.000 r  operandb[expon][7]
                         net (fo=0)                   0.000     0.000    alu_inb_reg[expon][7]_i_1/I
    P6                   INBUF (Prop_INBUF_HPIOB_S_PAD_O)
                                                      0.126     0.126 r  alu_inb_reg[expon][7]_i_1/INBUF_INST/O
                         net (fo=1, routed)           0.000     0.126    alu_inb_reg[expon][7]_i_1/OUT
    P6                   IBUFCTRL (Prop_IBUFCTRL_HPIOB_S_I_O)
                                                      0.000     0.126 r  alu_inb_reg[expon][7]_i_1/IBUFCTRL_INST/O
                         net (fo=1, routed)           0.539     0.665    alu_inb_reg[expon][7]_i_1_n_0
    SLICE_X45Y70         FDRE                                         r  alu_inb_reg[expon][7]/D
  -------------------------------------------------------------------    -------------------

                         (clock clk rise edge)        0.000     0.000 r  <hidden>
    AB11                                              0.000     0.000 r  clk
                         net (fo=0)                   0.000     0.000    clk_IBUF_inst/I
    AB11                 INBUF (Prop_INBUF_HDIOB_M_PAD_O)
                                                      1.041     1.041 r  clk_IBUF_inst/INBUF_INST/O
                         net (fo=1, routed)           0.000     1.041    clk_IBUF_inst/OUT
    AB11                 IBUFCTRL (Prop_IBUFCTRL_HDIOB_M_I_O)
                                                      0.000     1.041 r  clk_IBUF_inst/IBUFCTRL_INST/O
                         net (fo=1, routed)           0.113     1.154    clk_IBUF
    BUFGCE_HDIO_X2Y1     BUFGCE (Prop_BUFCE_BUFGCE_HDIO_I_O)
                                                      0.019     1.173 r  clk_IBUF_BUFG_inst/O
    X1Y1 (CLOCK_ROOT)    net (fo=55, routed)          0.900     2.074    clk_IBUF_BUFG
    SLICE_X45Y70         FDRE                                         r  alu_inb_reg[expon][7]/C

Slack:                    inf
  Source:                 operandb[expon][0]
                            (input port)
  Destination:            alu_inb_reg[expon][0]/D
                            (rising edge-triggered cell FDRE clocked by clk  {rise@0.000ns fall@1.500ns period=3.000ns})
  Path Group:             (none)
  Path Type:              Hold (Min at Fast Process Corner)
  Data Path Delay:        0.665ns  (logic 0.132ns (19.864%)  route 0.533ns (80.136%))
  Logic Levels:           2  (IBUFCTRL=1 INBUF=1)
  Clock Path Skew:        2.073ns (DCD - SCD - CPR)
    Destination Clock Delay (DCD):    2.073ns
    Source Clock Delay      (SCD):    0.000ns
    Clock Pessimism Removal (CPR):    -0.000ns
  Clock Net Delay (Destination): 0.899ns (routing 0.358ns, distribution 0.541ns)

    Location             Delay type                Incr(ns)  Path(ns)    Netlist Resource(s)
  -------------------------------------------------------------------    -------------------
    J5                                                0.000     0.000 r  operandb[expon][0]
                         net (fo=0)                   0.000     0.000    alu_inb_reg[expon][0]_i_1/I
    J5                   INBUF (Prop_INBUF_HPIOB_M_PAD_O)
                                                      0.132     0.132 r  alu_inb_reg[expon][0]_i_1/INBUF_INST/O
                         net (fo=1, routed)           0.000     0.132    alu_inb_reg[expon][0]_i_1/OUT
    J5                   IBUFCTRL (Prop_IBUFCTRL_HPIOB_M_I_O)
                                                      0.000     0.132 r  alu_inb_reg[expon][0]_i_1/IBUFCTRL_INST/O
                         net (fo=1, routed)           0.533     0.665    alu_inb_reg[expon][0]_i_1_n_0
    SLICE_X45Y70         FDRE                                         r  alu_inb_reg[expon][0]/D
  -------------------------------------------------------------------    -------------------

                         (clock clk rise edge)        0.000     0.000 r  <hidden>
    AB11                                              0.000     0.000 r  clk
                         net (fo=0)                   0.000     0.000    clk_IBUF_inst/I
    AB11                 INBUF (Prop_INBUF_HDIOB_M_PAD_O)
                                                      1.041     1.041 r  clk_IBUF_inst/INBUF_INST/O
                         net (fo=1, routed)           0.000     1.041    clk_IBUF_inst/OUT
    AB11                 IBUFCTRL (Prop_IBUFCTRL_HDIOB_M_I_O)
                                                      0.000     1.041 r  clk_IBUF_inst/IBUFCTRL_INST/O
                         net (fo=1, routed)           0.113     1.154    clk_IBUF
    BUFGCE_HDIO_X2Y1     BUFGCE (Prop_BUFCE_BUFGCE_HDIO_I_O)
                                                      0.019     1.173 r  clk_IBUF_BUFG_inst/O
    X1Y1 (CLOCK_ROOT)    net (fo=55, routed)          0.899     2.073    clk_IBUF_BUFG
    SLICE_X45Y70         FDRE                                         r  alu_inb_reg[expon][0]/C

Slack:                    inf
  Source:                 operandb[expon][3]
                            (input port)
  Destination:            alu_inb_reg[expon][3]/D
                            (rising edge-triggered cell FDRE clocked by clk  {rise@0.000ns fall@1.500ns period=3.000ns})
  Path Group:             (none)
  Path Type:              Hold (Min at Fast Process Corner)
  Data Path Delay:        0.671ns  (logic 0.126ns (18.749%)  route 0.545ns (81.251%))
  Logic Levels:           2  (IBUFCTRL=1 INBUF=1)
  Clock Path Skew:        2.073ns (DCD - SCD - CPR)
    Destination Clock Delay (DCD):    2.073ns
    Source Clock Delay      (SCD):    0.000ns
    Clock Pessimism Removal (CPR):    -0.000ns
  Clock Net Delay (Destination): 0.899ns (routing 0.358ns, distribution 0.541ns)

    Location             Delay type                Incr(ns)  Path(ns)    Netlist Resource(s)
  -------------------------------------------------------------------    -------------------
    L8                                                0.000     0.000 r  operandb[expon][3]
                         net (fo=0)                   0.000     0.000    alu_inb_reg[expon][3]_i_1/I
    L8                   INBUF (Prop_INBUF_HPIOB_S_PAD_O)
                                                      0.126     0.126 r  alu_inb_reg[expon][3]_i_1/INBUF_INST/O
                         net (fo=1, routed)           0.000     0.126    alu_inb_reg[expon][3]_i_1/OUT
    L8                   IBUFCTRL (Prop_IBUFCTRL_HPIOB_S_I_O)
                                                      0.000     0.126 r  alu_inb_reg[expon][3]_i_1/IBUFCTRL_INST/O
                         net (fo=1, routed)           0.545     0.671    alu_inb_reg[expon][3]_i_1_n_0
    SLICE_X45Y70         FDRE                                         r  alu_inb_reg[expon][3]/D
  -------------------------------------------------------------------    -------------------

                         (clock clk rise edge)        0.000     0.000 r  <hidden>
    AB11                                              0.000     0.000 r  clk
                         net (fo=0)                   0.000     0.000    clk_IBUF_inst/I
    AB11                 INBUF (Prop_INBUF_HDIOB_M_PAD_O)
                                                      1.041     1.041 r  clk_IBUF_inst/INBUF_INST/O
                         net (fo=1, routed)           0.000     1.041    clk_IBUF_inst/OUT
    AB11                 IBUFCTRL (Prop_IBUFCTRL_HDIOB_M_I_O)
                                                      0.000     1.041 r  clk_IBUF_inst/IBUFCTRL_INST/O
                         net (fo=1, routed)           0.113     1.154    clk_IBUF
    BUFGCE_HDIO_X2Y1     BUFGCE (Prop_BUFCE_BUFGCE_HDIO_I_O)
                                                      0.019     1.173 r  clk_IBUF_BUFG_inst/O
    X1Y1 (CLOCK_ROOT)    net (fo=55, routed)          0.899     2.073    clk_IBUF_BUFG
    SLICE_X45Y70         FDRE                                         r  alu_inb_reg[expon][3]/C

Slack:                    inf
  Source:                 operanda[expon][8]
                            (input port)
  Destination:            alu_ina_reg[expon][8]/D
                            (rising edge-triggered cell FDRE clocked by clk  {rise@0.000ns fall@1.500ns period=3.000ns})
  Path Group:             (none)
  Path Type:              Hold (Min at Fast Process Corner)
  Data Path Delay:        0.676ns  (logic 0.153ns (22.630%)  route 0.523ns (77.370%))
  Logic Levels:           2  (IBUFCTRL=1 INBUF=1)
  Clock Path Skew:        2.076ns (DCD - SCD - CPR)
    Destination Clock Delay (DCD):    2.076ns
    Source Clock Delay      (SCD):    0.000ns
    Clock Pessimism Removal (CPR):    -0.000ns
  Clock Net Delay (Destination): 0.902ns (routing 0.358ns, distribution 0.544ns)

    Location             Delay type                Incr(ns)  Path(ns)    Netlist Resource(s)
  -------------------------------------------------------------------    -------------------
    J6                                                0.000     0.000 r  operanda[expon][8]
                         net (fo=0)                   0.000     0.000    alu_ina_reg[expon][8]_i_1/I
    J6                   INBUF (Prop_INBUF_HPIOB_M_PAD_O)
                                                      0.153     0.153 r  alu_ina_reg[expon][8]_i_1/INBUF_INST/O
                         net (fo=1, routed)           0.000     0.153    alu_ina_reg[expon][8]_i_1/OUT
    J6                   IBUFCTRL (Prop_IBUFCTRL_HPIOB_M_I_O)
                                                      0.000     0.153 r  alu_ina_reg[expon][8]_i_1/IBUFCTRL_INST/O
                         net (fo=1, routed)           0.523     0.676    alu_ina_reg[expon][8]_i_1_n_0
    SLICE_X44Y71         FDRE                                         r  alu_ina_reg[expon][8]/D
  -------------------------------------------------------------------    -------------------

                         (clock clk rise edge)        0.000     0.000 r  <hidden>
    AB11                                              0.000     0.000 r  clk
                         net (fo=0)                   0.000     0.000    clk_IBUF_inst/I
    AB11                 INBUF (Prop_INBUF_HDIOB_M_PAD_O)
                                                      1.041     1.041 r  clk_IBUF_inst/INBUF_INST/O
                         net (fo=1, routed)           0.000     1.041    clk_IBUF_inst/OUT
    AB11                 IBUFCTRL (Prop_IBUFCTRL_HDIOB_M_I_O)
                                                      0.000     1.041 r  clk_IBUF_inst/IBUFCTRL_INST/O
                         net (fo=1, routed)           0.113     1.154    clk_IBUF
    BUFGCE_HDIO_X2Y1     BUFGCE (Prop_BUFCE_BUFGCE_HDIO_I_O)
                                                      0.019     1.173 r  clk_IBUF_BUFG_inst/O
    X1Y1 (CLOCK_ROOT)    net (fo=55, routed)          0.902     2.076    clk_IBUF_BUFG
    SLICE_X44Y71         FDRE                                         r  alu_ina_reg[expon][8]/C





